report_candidate_id,window_id,work_source_id,book_id,canonical_locator,report_kind_candidate,scope_boundary_status,attribution_profiles,isnad_extraction_status,chain_surface_count,event_ids,research_question_ids,report_boundary_decision,speaker_resolution,isnad_resolution,scope_decision,reviewer_notes
adam_report_candidate_0a11f15ea72ca1642de03442,6dc60bc986c042ccc3d97b88,SRC-HISTORY-BIDAYAH-ADAM,4445,shamela://local/5ac170a3045185ccf78e81ebd473cafb8069279b898836fd768c78de76a3d8e5/book/4445/volume/1/page/159?database_sha256=a48b153a0a451ce0f63625bee7fa294a88d8dbbc5db4b9472afa652260b74b3b&segment_id=157,PROPHETIC_HADITH_CANDIDATE,PRE_BOUNDARY_OR_NOT_APPLICABLE,WAHB_IBN_MUNABBIH,CANDIDATE_PREFIX_EXTRACTED,1,EV-ADAM-010 | EV-ADAM-011 | EV-ADAM-020 | EV-ADAM-021 | EV-ADAM-022 | EV-ADAM-023 | EV-ADAM-024 | EV-ADAM-030 | EV-ADAM-031 | EV-ADAM-032 | EV-ADAM-033 | EV-ADAM-040 | EV-ADAM-041 | EV-ADAM-042 | EV-ADAM-050 | EV-ADAM-051 | EV-ADAM-052 | EV-ADAM-053 | EV-ADAM-054 | EV-ADAM-055 | EV-ADAM-070 | EV-ADAM-071 | EV-ADAM-080 | EV-ADAM-081 | EV-ADAM-082 | EV-ADAM-090 | EV-ADAM-091 | EV-ADAM-099,RQ-ADAM-007 | RQ-ADAM-008 | RQ-ADAM-009 | RQ-ADAM-010 | RQ-ADAM-011 | RQ-ADAM-012 | RQ-ADAM-013 | RQ-ADAM-014 | RQ-ADAM-015 | RQ-ADAM-016 | RQ-ADAM-017 | RQ-ADAM-018 | RQ-ADAM-019 | RQ-ADAM-020 | RQ-ADAM-025 | RQ-ADAM-026 | RQ-ADAM-027 | RQ-ADAM-028 | RQ-ADAM-029 | RQ-ADAM-030 | RQ-ADAM-032,,,,,
adam_report_candidate_a9dc7d8b026f21ca319010b7,6dc60bc986c042ccc3d97b88,SRC-HISTORY-BIDAYAH-ADAM,4445,shamela://local/5ac170a3045185ccf78e81ebd473cafb8069279b898836fd768c78de76a3d8e5/book/4445/volume/1/page/159?database_sha256=a48b153a0a451ce0f63625bee7fa294a88d8dbbc5db4b9472afa652260b74b3b&segment_id=157,PROPHETIC_HADITH_CANDIDATE,PRE_BOUNDARY_OR_NOT_APPLICABLE,WAHB_IBN_MUNABBIH,CANDIDATE_PREFIX_EXTRACTED,4,EV-ADAM-010 | EV-ADAM-011 | EV-ADAM-020 | EV-ADAM-021 | EV-ADAM-022 | EV-ADAM-023 | EV-ADAM-024 | EV-ADAM-030 | EV-ADAM-031 | EV-ADAM-032 | EV-ADAM-033 | EV-ADAM-040 | EV-ADAM-041 | EV-ADAM-042 | EV-ADAM-050 | EV-ADAM-051 | EV-ADAM-052 | EV-ADAM-053 | EV-ADAM-054 | EV-ADAM-055 | EV-ADAM-070 | EV-ADAM-071 | EV-ADAM-080 | EV-ADAM-081 | EV-ADAM-082 | EV-ADAM-090 | EV-ADAM-091 | EV-ADAM-099,RQ-ADAM-007 | RQ-ADAM-008 | RQ-ADAM-009 | RQ-ADAM-010 | RQ-ADAM-011 | RQ-ADAM-012 | RQ-ADAM-013 | RQ-ADAM-014 | RQ-ADAM-015 | RQ-ADAM-016 | RQ-ADAM-017 | RQ-ADAM-018 | RQ-ADAM-019 | RQ-ADAM-020 | RQ-ADAM-025 | RQ-ADAM-026 | RQ-ADAM-027 | RQ-ADAM-028 | RQ-ADAM-029 | RQ-ADAM-030 | RQ-ADAM-032,,,,,
adam_report_candidate_04a15dec690bc169368fb493,6dc60bc986c042ccc3d97b88,SRC-HISTORY-BIDAYAH-ADAM,4445,shamela://local/5ac170a3045185ccf78e81ebd473cafb8069279b898836fd768c78de76a3d8e5/book/4445/volume/1/page/159?database_sha256=a48b153a0a451ce0f63625bee7fa294a88d8dbbc5db4b9472afa652260b74b3b&segment_id=157,EARLY_REPORT_CANDIDATE,PRE_BOUNDARY_OR_NOT_APPLICABLE,WAHB_IBN_MUNABBIH,CANDIDATE_PREFIX_EXTRACTED,4,EV-ADAM-010 | EV-ADAM-011 | EV-ADAM-020 | EV-ADAM-021 | EV-ADAM-022 | EV-ADAM-023 | EV-ADAM-024 | EV-ADAM-030 | EV-ADAM-031 | EV-ADAM-032 | EV-ADAM-033 | EV-ADAM-040 | EV-ADAM-041 | EV-ADAM-042 | EV-ADAM-050 | EV-ADAM-051 | EV-ADAM-052 | EV-ADAM-053 | EV-ADAM-054 | EV-ADAM-055 | EV-ADAM-070 | EV-ADAM-071 | EV-ADAM-080 | EV-ADAM-081 | EV-ADAM-082 | EV-ADAM-090 | EV-ADAM-091 | EV-ADAM-099,RQ-ADAM-007 | RQ-ADAM-008 | RQ-ADAM-009 | RQ-ADAM-010 | RQ-ADAM-011 | RQ-ADAM-012 | RQ-ADAM-013 | RQ-ADAM-014 | RQ-ADAM-015 | RQ-ADAM-016 | RQ-ADAM-017 | RQ-ADAM-018 | RQ-ADAM-019 | RQ-ADAM-020 | RQ-ADAM-025 | RQ-ADAM-026 | RQ-ADAM-027 | RQ-ADAM-028 | RQ-ADAM-029 | RQ-ADAM-030 | RQ-ADAM-032,,,,,
adam_report_candidate_2f77c74866f91d98c6efe54d,6dc60bc986c042ccc3d97b88,SRC-HISTORY-BIDAYAH-ADAM,4445,shamela://local/5ac170a3045185ccf78e81ebd473cafb8069279b898836fd768c78de76a3d8e5/book/4445/volume/1/page/160?database_sha256=a48b153a0a451ce0f63625bee7fa294a88d8dbbc5db4b9472afa652260b74b3b&segment_id=158,PROPHETIC_HADITH_CANDIDATE,PRE_BOUNDARY_OR_NOT_APPLICABLE,WAHB_IBN_MUNABBIH,CANDIDATE_PREFIX_EXTRACTED,2,EV-ADAM-010 | EV-ADAM-011 | EV-ADAM-020 | EV-ADAM-021 | EV-ADAM-022 | EV-ADAM-023 | EV-ADAM-024 | EV-ADAM-030 | EV-ADAM-031 | EV-ADAM-032 | EV-ADAM-033 | EV-ADAM-040 | EV-ADAM-041 | EV-ADAM-042 | EV-ADAM-050 | EV-ADAM-051 | EV-ADAM-052 | EV-ADAM-053 | EV-ADAM-054 | EV-ADAM-055 | EV-ADAM-070 | EV-ADAM-071 | EV-ADAM-080 | EV-ADAM-081 | EV-ADAM-082 | EV-ADAM-090 | EV-ADAM-091 | EV-ADAM-099,RQ-ADAM-007 | RQ-ADAM-008 | RQ-ADAM-009 | RQ-ADAM-010 | RQ-ADAM-011 | RQ-ADAM-012 | RQ-ADAM-013 | RQ-ADAM-014 | RQ-ADAM-015 | RQ-ADAM-016 | RQ-ADAM-017 | RQ-ADAM-018 | RQ-ADAM-019 | RQ-ADAM-020 | RQ-ADAM-025 | RQ-ADAM-026 | RQ-ADAM-027 | RQ-ADAM-028 | RQ-ADAM-029 | RQ-ADAM-030 | RQ-ADAM-032,,,,,
adam_report_candidate_6efb2d6c0917ed62f129af4f,6dc60bc986c042ccc3d97b88,SRC-HISTORY-BIDAYAH-ADAM,4445,shamela://local/5ac170a3045185ccf78e81ebd473cafb8069279b898836fd768c78de76a3d8e5/book/4445/volume/1/page/160?database_sha256=a48b153a0a451ce0f63625bee7fa294a88d8dbbc5db4b9472afa652260b74b3b&segment_id=158,EARLY_REPORT_CANDIDATE,PRE_BOUNDARY_OR_NOT_APPLICABLE,WAHB_IBN_MUNABBIH,CANDIDATE_PREFIX_EXTRACTED,3,EV-ADAM-010 | EV-ADAM-011 | EV-ADAM-020 | EV-ADAM-021 | EV-ADAM-022 | EV-ADAM-023 | EV-ADAM-024 | EV-ADAM-030 | EV-ADAM-031 | EV-ADAM-032 | EV-ADAM-033 | EV-ADAM-040 | EV-ADAM-041 | EV-ADAM-042 | EV-ADAM-050 | EV-ADAM-051 | EV-ADAM-052 | EV-ADAM-053 | EV-ADAM-054 | EV-ADAM-055 | EV-ADAM-070 | EV-ADAM-071 | EV-ADAM-080 | EV-ADAM-081 | EV-ADAM-082 | EV-ADAM-090 | EV-ADAM-091 | EV-ADAM-099,RQ-ADAM-007 | RQ-ADAM-008 | RQ-ADAM-009 | RQ-ADAM-010 | RQ-ADAM-011 | RQ-ADAM-012 | RQ-ADAM-013 | RQ-ADAM-014 | RQ-ADAM-015 | RQ-ADAM-016 | RQ-ADAM-017 | RQ-ADAM-018 | RQ-ADAM-019 | RQ-ADAM-020 | RQ-ADAM-025 | RQ-ADAM-026 | RQ-ADAM-027 | RQ-ADAM-028 | RQ-ADAM-029 | RQ-ADAM-030 | RQ-ADAM-032,,,,,
adam_report_candidate_522ad593df48f8be31018b62,6dc60bc986c042ccc3d97b88,SRC-HISTORY-BIDAYAH-ADAM,4445,shamela://local/5ac170a3045185ccf78e81ebd473cafb8069279b898836fd768c78de76a3d8e5/book/4445/volume/1/page/161?database_sha256=a48b153a0a451ce0f63625bee7fa294a88d8dbbc5db4b9472afa652260b74b3b&segment_id=159,UNCLASSIFIED_SOURCE_PASSAGE_CANDIDATE,MIXED_BOUNDARY_PRE_SECTION,WAHB_IBN_MUNABBIH,NO_ISNAD_PREFIX_DETECTED,0,EV-ADAM-010 | EV-ADAM-011 | EV-ADAM-020 | EV-ADAM-021 | EV-ADAM-022 | EV-ADAM-023 | EV-ADAM-024 | EV-ADAM-030 | EV-ADAM-031 | EV-ADAM-032 | EV-ADAM-033 | EV-ADAM-040 | EV-ADAM-041 | EV-ADAM-042 | EV-ADAM-050 | EV-ADAM-051 | EV-ADAM-052 | EV-ADAM-053 | EV-ADAM-054 | EV-ADAM-055 | EV-ADAM-070 | EV-ADAM-071 | EV-ADAM-080 | EV-ADAM-081 | EV-ADAM-082 | EV-ADAM-090 | EV-ADAM-091 | EV-ADAM-099,RQ-ADAM-007 | RQ-ADAM-008 | RQ-ADAM-009 | RQ-ADAM-010 | RQ-ADAM-011 | RQ-ADAM-012 | RQ-ADAM-013 | RQ-ADAM-014 | RQ-ADAM-015 | RQ-ADAM-016 | RQ-ADAM-017 | RQ-ADAM-018 | RQ-ADAM-019 | RQ-ADAM-020 | RQ-ADAM-025 | RQ-ADAM-026 | RQ-ADAM-027 | RQ-ADAM-028 | RQ-ADAM-029 | RQ-ADAM-030 | RQ-ADAM-032,,,,,
adam_report_candidate_a0c3eee27e74b417f5097d44,82120fc15378ac20138723cf,SRC-HISTORY-BIDAYAH-ADAM,4445,shamela://local/5ac170a3045185ccf78e81ebd473cafb8069279b898836fd768c78de76a3d8e5/book/4445/volume/1/page/186?database_sha256=a48b153a0a451ce0f63625bee7fa294a88d8dbbc5db4b9472afa652260b74b3b&segment_id=185,UNCLASSIFIED_SOURCE_PASSAGE_CANDIDATE,MIXED_BOUNDARY_PRE_SECTION,,NO_ISNAD_PREFIX_DETECTED,0,EV-ADAM-020 | EV-ADAM-021 | EV-ADAM-022 | EV-ADAM-023 | EV-ADAM-024 | EV-ADAM-030 | EV-ADAM-031 | EV-ADAM-032 | EV-ADAM-033 | EV-ADAM-060 | EV-ADAM-061,RQ-ADAM-009 | RQ-ADAM-010 | RQ-ADAM-011 | RQ-ADAM-012 | RQ-ADAM-013 | RQ-ADAM-014 | RQ-ADAM-021 | RQ-ADAM-022 | RQ-ADAM-023 | RQ-ADAM-024,,,,,
adam_report_candidate_3b0b21262475d37c74a9db24,842c94a95e3adbcb8b8d7347,SRC-HISTORY-BIDAYAH-ADAM,4445,shamela://local/5ac170a3045185ccf78e81ebd473cafb8069279b898836fd768c78de76a3d8e5/book/4445/volume/1/page/122?database_sha256=a48b153a0a451ce0f63625bee7fa294a88d8dbbc5db4b9472afa652260b74b3b&segment_id=120,PROPHETIC_HADITH_CANDIDATE,PRE_BOUNDARY_OR_NOT_APPLICABLE,,CANDIDATE_PREFIX_EXTRACTED,20,EV-ADAM-001 | EV-ADAM-002 | EV-ADAM-003 | EV-ADAM-004 | EV-ADAM-005 | EV-ADAM-006 | EV-ADAM-007 | EV-ADAM-020 | EV-ADAM-021 | EV-ADAM-022 | EV-ADAM-023 | EV-ADAM-024 | EV-ADAM-050 | EV-ADAM-051 | EV-ADAM-052 | EV-ADAM-053 | EV-ADAM-054 | EV-ADAM-055,RQ-ADAM-001 | RQ-ADAM-002 | RQ-ADAM-003 | RQ-ADAM-004 | RQ-ADAM-005 | RQ-ADAM-006 | RQ-ADAM-020 | RQ-ADAM-009 | RQ-ADAM-010 | RQ-ADAM-011 | RQ-ADAM-012 | RQ-ADAM-017 | RQ-ADAM-018 | RQ-ADAM-019,,,,,
adam_report_candidate_711e48c36510b1c4918ea5e3,842c94a95e3adbcb8b8d7347,SRC-HISTORY-BIDAYAH-ADAM,4445,shamela://local/5ac170a3045185ccf78e81ebd473cafb8069279b898836fd768c78de76a3d8e5/book/4445/volume/1/page/123?database_sha256=a48b153a0a451ce0f63625bee7fa294a88d8dbbc5db4b9472afa652260b74b3b&segment_id=121,PROPHETIC_HADITH_CANDIDATE,PRE_BOUNDARY_OR_NOT_APPLICABLE,,CANDIDATE_PREFIX_EXTRACTED,4,EV-ADAM-001 | EV-ADAM-002 | EV-ADAM-003 | EV-ADAM-004 | EV-ADAM-005 | EV-ADAM-006 | EV-ADAM-007 | EV-ADAM-020 | EV-ADAM-021 | EV-ADAM-022 | EV-ADAM-023 | EV-ADAM-024 | EV-ADAM-050 | EV-ADAM-051 | EV-ADAM-052 | EV-ADAM-053 | EV-ADAM-054 | EV-ADAM-055,RQ-ADAM-001 | RQ-ADAM-002 | RQ-ADAM-003 | RQ-ADAM-004 | RQ-ADAM-005 | RQ-ADAM-006 | RQ-ADAM-020 | RQ-ADAM-009 | RQ-ADAM-010 | RQ-ADAM-011 | RQ-ADAM-012 | RQ-ADAM-017 | RQ-ADAM-018 | RQ-ADAM-019,,,,,
adam_report_candidate_6d4c712fd3a21b033ae34014,842c94a95e3adbcb8b8d7347,SRC-HISTORY-BIDAYAH-ADAM,4445,shamela://local/5ac170a3045185ccf78e81ebd473cafb8069279b898836fd768c78de76a3d8e5/book/4445/volume/1/page/123?database_sha256=a48b153a0a451ce0f63625bee7fa294a88d8dbbc5db4b9472afa652260b74b3b&segment_id=121,PROPHETIC_HADITH_CANDIDATE,PRE_BOUNDARY_OR_NOT_APPLICABLE,,CANDIDATE_PREFIX_EXTRACTED,11,EV-ADAM-001 | EV-ADAM-002 | EV-ADAM-003 | EV-ADAM-004 | EV-ADAM-005 | EV-ADAM-006 | EV-ADAM-007 | EV-ADAM-020 | EV-ADAM-021 | EV-ADAM-022 | EV-ADAM-023 | EV-ADAM-024 | EV-ADAM-050 | EV-ADAM-051 | EV-ADAM-052 | EV-ADAM-053 | EV-ADAM-054 | EV-ADAM-055,RQ-ADAM-001 | RQ-ADAM-002 | RQ-ADAM-003 | RQ-ADAM-004 | RQ-ADAM-005 | RQ-ADAM-006 | RQ-ADAM-020 | RQ-ADAM-009 | RQ-ADAM-010 | RQ-ADAM-011 | RQ-ADAM-012 | RQ-ADAM-017 | RQ-ADAM-018 | RQ-ADAM-019,,,,,
adam_report_candidate_3b687ad9b153f6c62eb89764,842c94a95e3adbcb8b8d7347,SRC-HISTORY-BIDAYAH-ADAM,4445,shamela://local/5ac170a3045185ccf78e81ebd473cafb8069279b898836fd768c78de76a3d8e5/book/4445/volume/1/page/124?database_sha256=a48b153a0a451ce0f63625bee7fa294a88d8dbbc5db4b9472afa652260b74b3b&segment_id=122,PROPHETIC_HADITH_CANDIDATE,PRE_BOUNDARY_OR_NOT_APPLICABLE,,CANDIDATE_PREFIX_EXTRACTED,1,EV-ADAM-001 | EV-ADAM-002 | EV-ADAM-003 | EV-ADAM-004 | EV-ADAM-005 | EV-ADAM-006 | EV-ADAM-007 | EV-ADAM-020 | EV-ADAM-021 | EV-ADAM-022 | EV-ADAM-023 | EV-ADAM-024 | EV-ADAM-050 | EV-ADAM-051 | EV-ADAM-052 | EV-ADAM-053 | EV-ADAM-054 | EV-ADAM-055,RQ-ADAM-001 | RQ-ADAM-002 | RQ-ADAM-003 | RQ-ADAM-004 | RQ-ADAM-005 | RQ-ADAM-006 | RQ-ADAM-020 | RQ-ADAM-009 | RQ-ADAM-010 | RQ-ADAM-011 | RQ-ADAM-012 | RQ-ADAM-017 | RQ-ADAM-018 | RQ-ADAM-019,,,,,
adam_report_candidate_50e5a4ad8fd68d23f11fa8d9,842c94a95e3adbcb8b8d7347,SRC-HISTORY-BIDAYAH-ADAM,4445,shamela://local/5ac170a3045185ccf78e81ebd473cafb8069279b898836fd768c78de76a3d8e5/book/4445/volume/1/page/124?database_sha256=a48b153a0a451ce0f63625bee7fa294a88d8dbbc5db4b9472afa652260b74b3b&segment_id=122,PROPHETIC_HADITH_CANDIDATE,PRE_BOUNDARY_OR_NOT_APPLICABLE,,CANDIDATE_PREFIX_EXTRACTED,5,EV-ADAM-001 | EV-ADAM-002 | EV-ADAM-003 | EV-ADAM-004 | EV-ADAM-005 | EV-ADAM-006 | EV-ADAM-007 | EV-ADAM-020 | EV-ADAM-021 | EV-ADAM-022 | EV-ADAM-023 | EV-ADAM-024 | EV-ADAM-050 | EV-ADAM-051 | EV-ADAM-052 | EV-ADAM-053 | EV-ADAM-054 | EV-ADAM-055,RQ-ADAM-001 | RQ-ADAM-002 | RQ-ADAM-003 | RQ-ADAM-004 | RQ-ADAM-005 | RQ-ADAM-006 | RQ-ADAM-020 | RQ-ADAM-009 | RQ-ADAM-010 | RQ-ADAM-011 | RQ-ADAM-012 | RQ-ADAM-017 | RQ-ADAM-018 | RQ-ADAM-019,,,,,
adam_report_candidate_eade6ca8d2b796add95a36ad,842c94a95e3adbcb8b8d7347,SRC-HISTORY-BIDAYAH-ADAM,4445,shamela://local/5ac170a3045185ccf78e81ebd473cafb8069279b898836fd768c78de76a3d8e5/book/4445/volume/1/page/124?database_sha256=a48b153a0a451ce0f63625bee7fa294a88d8dbbc5db4b9472afa652260b74b3b&segment_id=122,PROPHETIC_HADITH_CANDIDATE,PRE_BOUNDARY_OR_NOT_APPLICABLE,,CANDIDATE_PREFIX_EXTRACTED,6,EV-ADAM-001 | EV-ADAM-002 | EV-ADAM-003 | EV-ADAM-004 | EV-ADAM-005 | EV-ADAM-006 | EV-ADAM-007 | EV-ADAM-020 | EV-ADAM-021 | EV-ADAM-022 | EV-ADAM-023 | EV-ADAM-024 | EV-ADAM-050 | EV-ADAM-051 | EV-ADAM-052 | EV-ADAM-053 | EV-ADAM-054 | EV-ADAM-055,RQ-ADAM-001 | RQ-ADAM-002 | RQ-ADAM-003 | RQ-ADAM-004 | RQ-ADAM-005 | RQ-ADAM-006 | RQ-ADAM-020 | RQ-ADAM-009 | RQ-ADAM-010 | RQ-ADAM-011 | RQ-ADAM-012 | RQ-ADAM-017 | RQ-ADAM-018 | RQ-ADAM-019,,,,,
adam_report_candidate_d5005adedd5b528340037881,842c94a95e3adbcb8b8d7347,SRC-HISTORY-BIDAYAH-ADAM,4445,shamela://local/5ac170a3045185ccf78e81ebd473cafb8069279b898836fd768c78de76a3d8e5/book/4445/volume/1/page/125?database_sha256=a48b153a0a451ce0f63625bee7fa294a88d8dbbc5db4b9472afa652260b74b3b&segment_id=123,EARLY_REPORT_CANDIDATE,PRE_BOUNDARY_OR_NOT_APPLICABLE,,NO_ISNAD_PREFIX_DETECTED,1,EV-ADAM-001 | EV-ADAM-002 | EV-ADAM-003 | EV-ADAM-004 | EV-ADAM-005 | EV-ADAM-006 | EV-ADAM-007 | EV-ADAM-020 | EV-ADAM-021 | EV-ADAM-022 | EV-ADAM-023 | EV-ADAM-024 | EV-ADAM-050 | EV-ADAM-051 | EV-ADAM-052 | EV-ADAM-053 | EV-ADAM-054 | EV-ADAM-055,RQ-ADAM-001 | RQ-ADAM-002 | RQ-ADAM-003 | RQ-ADAM-004 | RQ-ADAM-005 | RQ-ADAM-006 | RQ-ADAM-020 | RQ-ADAM-009 | RQ-ADAM-010 | RQ-ADAM-011 | RQ-ADAM-012 | RQ-ADAM-017 | RQ-ADAM-018 | RQ-ADAM-019,,,,,
adam_report_candidate_094bba52d0e38f83ebad7abe,842c94a95e3adbcb8b8d7347,SRC-HISTORY-BIDAYAH-ADAM,4445,shamela://local/5ac170a3045185ccf78e81ebd473cafb8069279b898836fd768c78de76a3d8e5/book/4445/volume/1/page/126?database_sha256=a48b153a0a451ce0f63625bee7fa294a88d8dbbc5db4b9472afa652260b74b3b&segment_id=124,UNCLASSIFIED_SOURCE_PASSAGE_CANDIDATE,PRE_BOUNDARY_OR_NOT_APPLICABLE,,NO_ISNAD_PREFIX_DETECTED,0,EV-ADAM-001 | EV-ADAM-002 | EV-ADAM-003 | EV-ADAM-004 | EV-ADAM-005 | EV-ADAM-006 | EV-ADAM-007 | EV-ADAM-020 | EV-ADAM-021 | EV-ADAM-022 | EV-ADAM-023 | EV-ADAM-024 | EV-ADAM-050 | EV-ADAM-051 | EV-ADAM-052 | EV-ADAM-053 | EV-ADAM-054 | EV-ADAM-055,RQ-ADAM-001 | RQ-ADAM-002 | RQ-ADAM-003 | RQ-ADAM-004 | RQ-ADAM-005 | RQ-ADAM-006 | RQ-ADAM-020 | RQ-ADAM-009 | RQ-ADAM-010 | RQ-ADAM-011 | RQ-ADAM-012 | RQ-ADAM-017 | RQ-ADAM-018 | RQ-ADAM-019,,,,,
adam_report_candidate_fcab49300119763f81cb52f7,842c94a95e3adbcb8b8d7347,SRC-HISTORY-BIDAYAH-ADAM,4445,shamela://local/5ac170a3045185ccf78e81ebd473cafb8069279b898836fd768c78de76a3d8e5/book/4445/volume/1/page/127?database_sha256=a48b153a0a451ce0f63625bee7fa294a88d8dbbc5db4b9472afa652260b74b3b&segment_id=125,PROPHETIC_HADITH_CANDIDATE,PRE_BOUNDARY_OR_NOT_APPLICABLE,,CANDIDATE_PREFIX_EXTRACTED,1,EV-ADAM-001 | EV-ADAM-002 | EV-ADAM-003 | EV-ADAM-004 | EV-ADAM-005 | EV-ADAM-006 | EV-ADAM-007 | EV-ADAM-020 | EV-ADAM-021 | EV-ADAM-022 | EV-ADAM-023 | EV-ADAM-024 | EV-ADAM-050 | EV-ADAM-051 | EV-ADAM-052 | EV-ADAM-053 | EV-ADAM-054 | EV-ADAM-055,RQ-ADAM-001 | RQ-ADAM-002 | RQ-ADAM-003 | RQ-ADAM-004 | RQ-ADAM-005 | RQ-ADAM-006 | RQ-ADAM-020 | RQ-ADAM-009 | RQ-ADAM-010 | RQ-ADAM-011 | RQ-ADAM-012 | RQ-ADAM-017 | RQ-ADAM-018 | RQ-ADAM-019,,,,,
adam_report_candidate_d75a952db3213febc9f9e28a,842c94a95e3adbcb8b8d7347,SRC-HISTORY-BIDAYAH-ADAM,4445,shamela://local/5ac170a3045185ccf78e81ebd473cafb8069279b898836fd768c78de76a3d8e5/book/4445/volume/1/page/128?database_sha256=a48b153a0a451ce0f63625bee7fa294a88d8dbbc5db4b9472afa652260b74b3b&segment_id=126,PROPHETIC_HADITH_CANDIDATE,PRE_BOUNDARY_OR_NOT_APPLICABLE,,CANDIDATE_PREFIX_EXTRACTED,3,EV-ADAM-001 | EV-ADAM-002 | EV-ADAM-003 | EV-ADAM-004 | EV-ADAM-005 | EV-ADAM-006 | EV-ADAM-007 | EV-ADAM-020 | EV-ADAM-021 | EV-ADAM-022 | EV-ADAM-023 | EV-ADAM-024 | EV-ADAM-050 | EV-ADAM-051 | EV-ADAM-052 | EV-ADAM-053 | EV-ADAM-054 | EV-ADAM-055,RQ-ADAM-001 | RQ-ADAM-002 | RQ-ADAM-003 | RQ-ADAM-004 | RQ-ADAM-005 | RQ-ADAM-006 | RQ-ADAM-020 | RQ-ADAM-009 | RQ-ADAM-010 | RQ-ADAM-011 | RQ-ADAM-012 | RQ-ADAM-017 | RQ-ADAM-018 | RQ-ADAM-019,,,,,
adam_report_candidate_09c4cf4e5a88158181917ba7,842c94a95e3adbcb8b8d7347,SRC-HISTORY-BIDAYAH-ADAM,4445,shamela://local/5ac170a3045185ccf78e81ebd473cafb8069279b898836fd768c78de76a3d8e5/book/4445/volume/1/page/129?database_sha256=a48b153a0a451ce0f63625bee7fa294a88d8dbbc5db4b9472afa652260b74b3b&segment_id=127,EARLY_REPORT_CANDIDATE,PRE_BOUNDARY_OR_NOT_APPLICABLE,,NO_ISNAD_PREFIX_DETECTED,7,EV-ADAM-001 | EV-ADAM-002 | EV-ADAM-003 | EV-ADAM-004 | EV-ADAM-005 | EV-ADAM-006 | EV-ADAM-007 | EV-ADAM-020 | EV-ADAM-021 | EV-ADAM-022 | EV-ADAM-023 | EV-ADAM-024 | EV-ADAM-050 | EV-ADAM-051 | EV-ADAM-052 | EV-ADAM-053 | EV-ADAM-054 | EV-ADAM-055,RQ-ADAM-001 | RQ-ADAM-002 | RQ-ADAM-003 | RQ-ADAM-004 | RQ-ADAM-005 | RQ-ADAM-006 | RQ-ADAM-020 | RQ-ADAM-009 | RQ-ADAM-010 | RQ-ADAM-011 | RQ-ADAM-012 | RQ-ADAM-017 | RQ-ADAM-018 | RQ-ADAM-019,,,,,
adam_report_candidate_b715e9ce7d1b3c68e935192a,842c94a95e3adbcb8b8d7347,SRC-HISTORY-BIDAYAH-ADAM,4445,shamela://local/5ac170a3045185ccf78e81ebd473cafb8069279b898836fd768c78de76a3d8e5/book/4445/volume/1/page/129?database_sha256=a48b153a0a451ce0f63625bee7fa294a88d8dbbc5db4b9472afa652260b74b3b&segment_id=127,EARLY_REPORT_CANDIDATE,PRE_BOUNDARY_OR_NOT_APPLICABLE,,NO_ISNAD_PREFIX_DETECTED,4,EV-ADAM-001 | EV-ADAM-002 | EV-ADAM-003 | EV-ADAM-004 | EV-ADAM-005 | EV-ADAM-006 | EV-ADAM-007 | EV-ADAM-020 | EV-ADAM-021 | EV-ADAM-022 | EV-ADAM-023 | EV-ADAM-024 | EV-ADAM-050 | EV-ADAM-051 | EV-ADAM-052 | EV-ADAM-053 | EV-ADAM-054 | EV-ADAM-055,RQ-ADAM-001 | RQ-ADAM-002 | RQ-ADAM-003 | RQ-ADAM-004 | RQ-ADAM-005 | RQ-ADAM-006 | RQ-ADAM-020 | RQ-ADAM-009 | RQ-ADAM-010 | RQ-ADAM-011 | RQ-ADAM-012 | RQ-ADAM-017 | RQ-ADAM-018 | RQ-ADAM-019,,,,,
adam_report_candidate_313efaea56f4be948fb96cb9,842c94a95e3adbcb8b8d7347,SRC-HISTORY-BIDAYAH-ADAM,4445,shamela://local/5ac170a3045185ccf78e81ebd473cafb8069279b898836fd768c78de76a3d8e5/book/4445/volume/1/page/130?database_sha256=a48b153a0a451ce0f63625bee7fa294a88d8dbbc5db4b9472afa652260b74b3b&segment_id=128,UNCLASSIFIED_SOURCE_PASSAGE_CANDIDATE,PRE_BOUNDARY_OR_NOT_APPLICABLE,,NO_ISNAD_PREFIX_DETECTED,0,EV-ADAM-001 | EV-ADAM-002 | EV-ADAM-003 | EV-ADAM-004 | EV-ADAM-005 | EV-ADAM-006 | EV-ADAM-007 | EV-ADAM-020 | EV-ADAM-021 | EV-ADAM-022 | EV-ADAM-023 | EV-ADAM-024 | EV-ADAM-050 | EV-ADAM-051 | EV-ADAM-052 | EV-ADAM-053 | EV-ADAM-054 | EV-ADAM-055,RQ-ADAM-001 | RQ-ADAM-002 | RQ-ADAM-003 | RQ-ADAM-004 | RQ-ADAM-005 | RQ-ADAM-006 | RQ-ADAM-020 | RQ-ADAM-009 | RQ-ADAM-010 | RQ-ADAM-011 | RQ-ADAM-012 | RQ-ADAM-017 | RQ-ADAM-018 | RQ-ADAM-019,,,,,
adam_report_candidate_18617f22df7610a78ec4819d,842c94a95e3adbcb8b8d7347,SRC-HISTORY-BIDAYAH-ADAM,4445,shamela://local/5ac170a3045185ccf78e81ebd473cafb8069279b898836fd768c78de76a3d8e5/book/4445/volume/1/page/131?database_sha256=a48b153a0a451ce0f63625bee7fa294a88d8dbbc5db4b9472afa652260b74b3b&segment_id=129,UNCLASSIFIED_SOURCE_PASSAGE_CANDIDATE,PRE_BOUNDARY_OR_NOT_APPLICABLE,,NO_ISNAD_PREFIX_DETECTED,0,EV-ADAM-001 | EV-ADAM-002 | EV-ADAM-003 | EV-ADAM-004 | EV-ADAM-005 | EV-ADAM-006 | EV-ADAM-007 | EV-ADAM-020 | EV-ADAM-021 | EV-ADAM-022 | EV-ADAM-023 | EV-ADAM-024 | EV-ADAM-050 | EV-ADAM-051 | EV-ADAM-052 | EV-ADAM-053 | EV-ADAM-054 | EV-ADAM-055,RQ-ADAM-001 | RQ-ADAM-002 | RQ-ADAM-003 | RQ-ADAM-004 | RQ-ADAM-005 | RQ-ADAM-006 | RQ-ADAM-020 | RQ-ADAM-009 | RQ-ADAM-010 | RQ-ADAM-011 | RQ-ADAM-012 | RQ-ADAM-017 | RQ-ADAM-018 | RQ-ADAM-019,,,,,
adam_report_candidate_619e943008a09e550c2c9840,842c94a95e3adbcb8b8d7347,SRC-HISTORY-BIDAYAH-ADAM,4445,shamela://local/5ac170a3045185ccf78e81ebd473cafb8069279b898836fd768c78de76a3d8e5/book/4445/volume/1/page/132?database_sha256=a48b153a0a451ce0f63625bee7fa294a88d8dbbc5db4b9472afa652260b74b3b&segment_id=130,UNCLASSIFIED_SOURCE_PASSAGE_CANDIDATE,PRE_BOUNDARY_OR_NOT_APPLICABLE,,NO_ISNAD_PREFIX_DETECTED,0,EV-ADAM-001 | EV-ADAM-002 | EV-ADAM-003 | EV-ADAM-004 | EV-ADAM-005 | EV-ADAM-006 | EV-ADAM-007 | EV-ADAM-020 | EV-ADAM-021 | EV-ADAM-022 | EV-ADAM-023 | EV-ADAM-024 | EV-ADAM-050 | EV-ADAM-051 | EV-ADAM-052 | EV-ADAM-053 | EV-ADAM-054 | EV-ADAM-055,RQ-ADAM-001 | RQ-ADAM-002 | RQ-ADAM-003 | RQ-ADAM-004 | RQ-ADAM-005 | RQ-ADAM-006 | RQ-ADAM-020 | RQ-ADAM-009 | RQ-ADAM-010 | RQ-ADAM-011 | RQ-ADAM-012 | RQ-ADAM-017 | RQ-ADAM-018 | RQ-ADAM-019,,,,,
adam_report_candidate_0c440cca6ba1a2f7bc514163,842c94a95e3adbcb8b8d7347,SRC-HISTORY-BIDAYAH-ADAM,4445,shamela://local/5ac170a3045185ccf78e81ebd473cafb8069279b898836fd768c78de76a3d8e5/book/4445/volume/1/page/133?database_sha256=a48b153a0a451ce0f63625bee7fa294a88d8dbbc5db4b9472afa652260b74b3b&segment_id=131,EARLY_REPORT_CANDIDATE,PRE_BOUNDARY_OR_NOT_APPLICABLE,,NO_ISNAD_PREFIX_DETECTED,1,EV-ADAM-001 | EV-ADAM-002 | EV-ADAM-003 | EV-ADAM-004 | EV-ADAM-005 | EV-ADAM-006 | EV-ADAM-007 | EV-ADAM-020 | EV-ADAM-021 | EV-ADAM-022 | EV-ADAM-023 | EV-ADAM-024 | EV-ADAM-050 | EV-ADAM-051 | EV-ADAM-052 | EV-ADAM-053 | EV-ADAM-054 | EV-ADAM-055,RQ-ADAM-001 | RQ-ADAM-002 | RQ-ADAM-003 | RQ-ADAM-004 | RQ-ADAM-005 | RQ-ADAM-006 | RQ-ADAM-020 | RQ-ADAM-009 | RQ-ADAM-010 | RQ-ADAM-011 | RQ-ADAM-012 | RQ-ADAM-017 | RQ-ADAM-018 | RQ-ADAM-019,,,,,
adam_report_candidate_c0cae8a5412c577139170aaa,842c94a95e3adbcb8b8d7347,SRC-HISTORY-BIDAYAH-ADAM,4445,shamela://local/5ac170a3045185ccf78e81ebd473cafb8069279b898836fd768c78de76a3d8e5/book/4445/volume/1/page/134?database_sha256=a48b153a0a451ce0f63625bee7fa294a88d8dbbc5db4b9472afa652260b74b3b&segment_id=132,UNCLASSIFIED_SOURCE_PASSAGE_CANDIDATE,PRE_BOUNDARY_OR_NOT_APPLICABLE,,NO_ISNAD_PREFIX_DETECTED,0,EV-ADAM-001 | EV-ADAM-002 | EV-ADAM-003 | EV-ADAM-004 | EV-ADAM-005 | EV-ADAM-006 | EV-ADAM-007 | EV-ADAM-020 | EV-ADAM-021 | EV-ADAM-022 | EV-ADAM-023 | EV-ADAM-024 | EV-ADAM-050 | EV-ADAM-051 | EV-ADAM-052 | EV-ADAM-053 | EV-ADAM-054 | EV-ADAM-055,RQ-ADAM-001 | RQ-ADAM-002 | RQ-ADAM-003 | RQ-ADAM-004 | RQ-ADAM-005 | RQ-ADAM-006 | RQ-ADAM-020 | RQ-ADAM-009 | RQ-ADAM-010 | RQ-ADAM-011 | RQ-ADAM-012 | RQ-ADAM-017 | RQ-ADAM-018 | RQ-ADAM-019,,,,,
adam_report_candidate_72db3b5fbd0e03696e5b2863,842c94a95e3adbcb8b8d7347,SRC-HISTORY-BIDAYAH-ADAM,4445,shamela://local/5ac170a3045185ccf78e81ebd473cafb8069279b898836fd768c78de76a3d8e5/book/4445/volume/1/page/134?database_sha256=a48b153a0a451ce0f63625bee7fa294a88d8dbbc5db4b9472afa652260b74b3b&segment_id=132,EARLY_REPORT_CANDIDATE,PRE_BOUNDARY_OR_NOT_APPLICABLE,,CANDIDATE_PREFIX_EXTRACTED,4,EV-ADAM-001 | EV-ADAM-002 | EV-ADAM-003 | EV-ADAM-004 | EV-ADAM-005 | EV-ADAM-006 | EV-ADAM-007 | EV-ADAM-020 | EV-ADAM-021 | EV-ADAM-022 | EV-ADAM-023 | EV-ADAM-024 | EV-ADAM-050 | EV-ADAM-051 | EV-ADAM-052 | EV-ADAM-053 | EV-ADAM-054 | EV-ADAM-055,RQ-ADAM-001 | RQ-ADAM-002 | RQ-ADAM-003 | RQ-ADAM-004 | RQ-ADAM-005 | RQ-ADAM-006 | RQ-ADAM-020 | RQ-ADAM-009 | RQ-ADAM-010 | RQ-ADAM-011 | RQ-ADAM-012 | RQ-ADAM-017 | RQ-ADAM-018 | RQ-ADAM-019,,,,,
adam_report_candidate_a7782fae0206afeac51eee90,842c94a95e3adbcb8b8d7347,SRC-HISTORY-BIDAYAH-ADAM,4445,shamela://local/5ac170a3045185ccf78e81ebd473cafb8069279b898836fd768c78de76a3d8e5/book/4445/volume/1/page/135?database_sha256=a48b153a0a451ce0f63625bee7fa294a88d8dbbc5db4b9472afa652260b74b3b&segment_id=133,UNCLASSIFIED_SOURCE_PASSAGE_CANDIDATE,PRE_BOUNDARY_OR_NOT_APPLICABLE,,NO_ISNAD_PREFIX_DETECTED,0,EV-ADAM-001 | EV-ADAM-002 | EV-ADAM-003 | EV-ADAM-004 | EV-ADAM-005 | EV-ADAM-006 | EV-ADAM-007 | EV-ADAM-020 | EV-ADAM-021 | EV-ADAM-022 | EV-ADAM-023 | EV-ADAM-024 | EV-ADAM-050 | EV-ADAM-051 | EV-ADAM-052 | EV-ADAM-053 | EV-ADAM-054 | EV-ADAM-055,RQ-ADAM-001 | RQ-ADAM-002 | RQ-ADAM-003 | RQ-ADAM-004 | RQ-ADAM-005 | RQ-ADAM-006 | RQ-ADAM-020 | RQ-ADAM-009 | RQ-ADAM-010 | RQ-ADAM-011 | RQ-ADAM-012 | RQ-ADAM-017 | RQ-ADAM-018 | RQ-ADAM-019,,,,,
adam_report_candidate_1675995d82ca9644471a3a5a,842c94a95e3adbcb8b8d7347,SRC-HISTORY-BIDAYAH-ADAM,4445,shamela://local/5ac170a3045185ccf78e81ebd473cafb8069279b898836fd768c78de76a3d8e5/book/4445/volume/1/page/136?database_sha256=a48b153a0a451ce0f63625bee7fa294a88d8dbbc5db4b9472afa652260b74b3b&segment_id=134,PROPHETIC_HADITH_CANDIDATE,PRE_BOUNDARY_OR_NOT_APPLICABLE,,CANDIDATE_PREFIX_EXTRACTED,0,EV-ADAM-001 | EV-ADAM-002 | EV-ADAM-003 | EV-ADAM-004 | EV-ADAM-005 | EV-ADAM-006 | EV-ADAM-007 | EV-ADAM-020 | EV-ADAM-021 | EV-ADAM-022 | EV-ADAM-023 | EV-ADAM-024 | EV-ADAM-050 | EV-ADAM-051 | EV-ADAM-052 | EV-ADAM-053 | EV-ADAM-054 | EV-ADAM-055,RQ-ADAM-001 | RQ-ADAM-002 | RQ-ADAM-003 | RQ-ADAM-004 | RQ-ADAM-005 | RQ-ADAM-006 | RQ-ADAM-020 | RQ-ADAM-009 | RQ-ADAM-010 | RQ-ADAM-011 | RQ-ADAM-012 | RQ-ADAM-017 | RQ-ADAM-018 | RQ-ADAM-019,,,,,
adam_report_candidate_9c225af12aecba93be66e7e6,6fa62df965d09ddd459dd5b8,SRC-HISTORY-BIDAYAH-ADAM,4445,shamela://local/5ac170a3045185ccf78e81ebd473cafb8069279b898836fd768c78de76a3d8e5/book/4445/volume/1/page/224?database_sha256=a48b153a0a451ce0f63625bee7fa294a88d8dbbc5db4b9472afa652260b74b3b&segment_id=223,UNCLASSIFIED_SOURCE_PASSAGE_CANDIDATE,PRE_BOUNDARY_OR_NOT_APPLICABLE,KAB_AL_AHBAR,NO_ISNAD_PREFIX_DETECTED,0,EV-ADAM-030 | EV-ADAM-031 | EV-ADAM-032 | EV-ADAM-033,RQ-ADAM-013 | RQ-ADAM-014,,,,,
adam_report_candidate_591b5e953bbe3f3b02ffa401,6fa62df965d09ddd459dd5b8,SRC-HISTORY-BIDAYAH-ADAM,4445,shamela://local/5ac170a3045185ccf78e81ebd473cafb8069279b898836fd768c78de76a3d8e5/book/4445/volume/1/page/225?database_sha256=a48b153a0a451ce0f63625bee7fa294a88d8dbbc5db4b9472afa652260b74b3b&segment_id=224,PROPHETIC_HADITH_CANDIDATE,PRE_BOUNDARY_OR_NOT_APPLICABLE,KAB_AL_AHBAR,CANDIDATE_PREFIX_EXTRACTED,7,EV-ADAM-030 | EV-ADAM-031 | EV-ADAM-032 | EV-ADAM-033,RQ-ADAM-013 | RQ-ADAM-014,,,,,
adam_report_candidate_6ceb151ee44cfd0249bf8515,6fa62df965d09ddd459dd5b8,SRC-HISTORY-BIDAYAH-ADAM,4445,shamela://local/5ac170a3045185ccf78e81ebd473cafb8069279b898836fd768c78de76a3d8e5/book/4445/volume/1/page/226?database_sha256=a48b153a0a451ce0f63625bee7fa294a88d8dbbc5db4b9472afa652260b74b3b&segment_id=225,PROPHETIC_HADITH_CANDIDATE,PRE_BOUNDARY_OR_NOT_APPLICABLE,KAB_AL_AHBAR,CANDIDATE_PREFIX_EXTRACTED,1,EV-ADAM-030 | EV-ADAM-031 | EV-ADAM-032 | EV-ADAM-033,RQ-ADAM-013 | RQ-ADAM-014,,,,,
adam_report_candidate_4098d9b9cade8c2dde48f2c1,6fa62df965d09ddd459dd5b8,SRC-HISTORY-BIDAYAH-ADAM,4445,shamela://local/5ac170a3045185ccf78e81ebd473cafb8069279b898836fd768c78de76a3d8e5/book/4445/volume/1/page/227?database_sha256=a48b153a0a451ce0f63625bee7fa294a88d8dbbc5db4b9472afa652260b74b3b&segment_id=226,PROPHETIC_HADITH_CANDIDATE,PRE_BOUNDARY_OR_NOT_APPLICABLE,KAB_AL_AHBAR,CANDIDATE_PREFIX_EXTRACTED,8,EV-ADAM-030 | EV-ADAM-031 | EV-ADAM-032 | EV-ADAM-033,RQ-ADAM-013 | RQ-ADAM-014,,,,,
adam_report_candidate_468640777988e53d8dcb8e9d,6fa62df965d09ddd459dd5b8,SRC-HISTORY-BIDAYAH-ADAM,4445,shamela://local/5ac170a3045185ccf78e81ebd473cafb8069279b898836fd768c78de76a3d8e5/book/4445/volume/1/page/228?database_sha256=a48b153a0a451ce0f63625bee7fa294a88d8dbbc5db4b9472afa652260b74b3b&segment_id=227,UNCLASSIFIED_SOURCE_PASSAGE_CANDIDATE,PRE_BOUNDARY_OR_NOT_APPLICABLE,KAB_AL_AHBAR,NO_ISNAD_PREFIX_DETECTED,0,EV-ADAM-030 | EV-ADAM-031 | EV-ADAM-032 | EV-ADAM-033,RQ-ADAM-013 | RQ-ADAM-014,,,,,
adam_report_candidate_19d9fa283752c02c1354372f,6fa62df965d09ddd459dd5b8,SRC-HISTORY-BIDAYAH-ADAM,4445,shamela://local/5ac170a3045185ccf78e81ebd473cafb8069279b898836fd768c78de76a3d8e5/book/4445/volume/1/page/228?database_sha256=a48b153a0a451ce0f63625bee7fa294a88d8dbbc5db4b9472afa652260b74b3b&segment_id=227,PROPHETIC_HADITH_CANDIDATE,PRE_BOUNDARY_OR_NOT_APPLICABLE,KAB_AL_AHBAR,CANDIDATE_PREFIX_EXTRACTED,3,EV-ADAM-030 | EV-ADAM-031 | EV-ADAM-032 | EV-ADAM-033,RQ-ADAM-013 | RQ-ADAM-014,,,,,
adam_report_candidate_9835ebaab4c169054feddaf8,6fa62df965d09ddd459dd5b8,SRC-HISTORY-BIDAYAH-ADAM,4445,shamela://local/5ac170a3045185ccf78e81ebd473cafb8069279b898836fd768c78de76a3d8e5/book/4445/volume/1/page/229?database_sha256=a48b153a0a451ce0f63625bee7fa294a88d8dbbc5db4b9472afa652260b74b3b&segment_id=228,UNCLASSIFIED_SOURCE_PASSAGE_CANDIDATE,PRE_BOUNDARY_OR_NOT_APPLICABLE,KAB_AL_AHBAR,NO_ISNAD_PREFIX_DETECTED,0,EV-ADAM-030 | EV-ADAM-031 | EV-ADAM-032 | EV-ADAM-033,RQ-ADAM-013 | RQ-ADAM-014,,,,,
adam_report_candidate_a52460c2329718ee496114e2,6fa62df965d09ddd459dd5b8,SRC-HISTORY-BIDAYAH-ADAM,4445,shamela://local/5ac170a3045185ccf78e81ebd473cafb8069279b898836fd768c78de76a3d8e5/book/4445/volume/1/page/230?database_sha256=a48b153a0a451ce0f63625bee7fa294a88d8dbbc5db4b9472afa652260b74b3b&segment_id=229,PROPHETIC_HADITH_CANDIDATE,PRE_BOUNDARY_OR_NOT_APPLICABLE,KAB_AL_AHBAR,CANDIDATE_PREFIX_EXTRACTED,1,EV-ADAM-030 | EV-ADAM-031 | EV-ADAM-032 | EV-ADAM-033,RQ-ADAM-013 | RQ-ADAM-014,,,,,
adam_report_candidate_3e94128f68a6f2927bf4260f,6fa62df965d09ddd459dd5b8,SRC-HISTORY-BIDAYAH-ADAM,4445,shamela://local/5ac170a3045185ccf78e81ebd473cafb8069279b898836fd768c78de76a3d8e5/book/4445/volume/1/page/230?database_sha256=a48b153a0a451ce0f63625bee7fa294a88d8dbbc5db4b9472afa652260b74b3b&segment_id=229,EARLY_REPORT_CANDIDATE,PRE_BOUNDARY_OR_NOT_APPLICABLE,KAB_AL_AHBAR,CANDIDATE_PREFIX_EXTRACTED,5,EV-ADAM-030 | EV-ADAM-031 | EV-ADAM-032 | EV-ADAM-033,RQ-ADAM-013 | RQ-ADAM-014,,,,,
adam_report_candidate_fd71b118818672114c8c7d47,6fa62df965d09ddd459dd5b8,SRC-HISTORY-BIDAYAH-ADAM,4445,shamela://local/5ac170a3045185ccf78e81ebd473cafb8069279b898836fd768c78de76a3d8e5/book/4445/volume/1/page/231?database_sha256=a48b153a0a451ce0f63625bee7fa294a88d8dbbc5db4b9472afa652260b74b3b&segment_id=230,UNCLASSIFIED_SOURCE_PASSAGE_CANDIDATE,PRE_BOUNDARY_OR_NOT_APPLICABLE,KAB_AL_AHBAR,NO_ISNAD_PREFIX_DETECTED,0,EV-ADAM-030 | EV-ADAM-031 | EV-ADAM-032 | EV-ADAM-033,RQ-ADAM-013 | RQ-ADAM-014,,,,,
adam_report_candidate_b0b1483a7491e41beb2500d4,6fa62df965d09ddd459dd5b8,SRC-HISTORY-BIDAYAH-ADAM,4445,shamela://local/5ac170a3045185ccf78e81ebd473cafb8069279b898836fd768c78de76a3d8e5/book/4445/volume/1/page/231?database_sha256=a48b153a0a451ce0f63625bee7fa294a88d8dbbc5db4b9472afa652260b74b3b&segment_id=230,PROPHETIC_HADITH_CANDIDATE,PRE_BOUNDARY_OR_NOT_APPLICABLE,KAB_AL_AHBAR,CANDIDATE_PREFIX_EXTRACTED,3,EV-ADAM-030 | EV-ADAM-031 | EV-ADAM-032 | EV-ADAM-033,RQ-ADAM-013 | RQ-ADAM-014,,,,,
adam_report_candidate_0408f84be37e7af9c903e8d5,6fa62df965d09ddd459dd5b8,SRC-HISTORY-BIDAYAH-ADAM,4445,shamela://local/5ac170a3045185ccf78e81ebd473cafb8069279b898836fd768c78de76a3d8e5/book/4445/volume/1/page/231?database_sha256=a48b153a0a451ce0f63625bee7fa294a88d8dbbc5db4b9472afa652260b74b3b&segment_id=230,EARLY_REPORT_CANDIDATE,PRE_BOUNDARY_OR_NOT_APPLICABLE,KAB_AL_AHBAR,NO_ISNAD_PREFIX_DETECTED,1,EV-ADAM-030 | EV-ADAM-031 | EV-ADAM-032 | EV-ADAM-033,RQ-ADAM-013 | RQ-ADAM-014,,,,,
adam_report_candidate_c39a0b050d0887d34acdf67a,6fa62df965d09ddd459dd5b8,SRC-HISTORY-BIDAYAH-ADAM,4445,shamela://local/5ac170a3045185ccf78e81ebd473cafb8069279b898836fd768c78de76a3d8e5/book/4445/volume/1/page/232?database_sha256=a48b153a0a451ce0f63625bee7fa294a88d8dbbc5db4b9472afa652260b74b3b&segment_id=231,PROPHETIC_HADITH_CANDIDATE,PRE_BOUNDARY_OR_NOT_APPLICABLE,KAB_AL_AHBAR,CANDIDATE_PREFIX_EXTRACTED,1,EV-ADAM-030 | EV-ADAM-031 | EV-ADAM-032 | EV-ADAM-033,RQ-ADAM-013 | RQ-ADAM-014,,,,,
adam_report_candidate_7dcd53dd1172cdcb6f8fe26f,6fa62df965d09ddd459dd5b8,SRC-HISTORY-BIDAYAH-ADAM,4445,shamela://local/5ac170a3045185ccf78e81ebd473cafb8069279b898836fd768c78de76a3d8e5/book/4445/volume/1/page/233?database_sha256=a48b153a0a451ce0f63625bee7fa294a88d8dbbc5db4b9472afa652260b74b3b&segment_id=232,UNCLASSIFIED_SOURCE_PASSAGE_CANDIDATE,PRE_BOUNDARY_OR_NOT_APPLICABLE,KAB_AL_AHBAR,NO_ISNAD_PREFIX_DETECTED,0,EV-ADAM-030 | EV-ADAM-031 | EV-ADAM-032 | EV-ADAM-033,RQ-ADAM-013 | RQ-ADAM-014,,,,,
adam_report_candidate_1b722f75c7eaa87404cb4802,6fa62df965d09ddd459dd5b8,SRC-HISTORY-BIDAYAH-ADAM,4445,shamela://local/5ac170a3045185ccf78e81ebd473cafb8069279b898836fd768c78de76a3d8e5/book/4445/volume/1/page/234?database_sha256=a48b153a0a451ce0f63625bee7fa294a88d8dbbc5db4b9472afa652260b74b3b&segment_id=233,PROPHETIC_HADITH_CANDIDATE,PRE_BOUNDARY_OR_NOT_APPLICABLE,KAB_AL_AHBAR | WAHB_IBN_MUNABBIH,CANDIDATE_PREFIX_EXTRACTED,2,EV-ADAM-030 | EV-ADAM-031 | EV-ADAM-032 | EV-ADAM-033,RQ-ADAM-013 | RQ-ADAM-014,,,,,
adam_report_candidate_59512e5d308dcf17caa17851,6fa62df965d09ddd459dd5b8,SRC-HISTORY-BIDAYAH-ADAM,4445,shamela://local/5ac170a3045185ccf78e81ebd473cafb8069279b898836fd768c78de76a3d8e5/book/4445/volume/1/page/235?database_sha256=a48b153a0a451ce0f63625bee7fa294a88d8dbbc5db4b9472afa652260b74b3b&segment_id=234,EARLY_REPORT_CANDIDATE,PRE_BOUNDARY_OR_NOT_APPLICABLE,KAB_AL_AHBAR,NO_ISNAD_PREFIX_DETECTED,4,EV-ADAM-030 | EV-ADAM-031 | EV-ADAM-032 | EV-ADAM-033,RQ-ADAM-013 | RQ-ADAM-014,,,,,
adam_report_candidate_93cbc6d6e566cb3d7973491c,6fa62df965d09ddd459dd5b8,SRC-HISTORY-BIDAYAH-ADAM,4445,shamela://local/5ac170a3045185ccf78e81ebd473cafb8069279b898836fd768c78de76a3d8e5/book/4445/volume/1/page/236?database_sha256=a48b153a0a451ce0f63625bee7fa294a88d8dbbc5db4b9472afa652260b74b3b&segment_id=235,EARLY_REPORT_CANDIDATE,PRE_BOUNDARY_OR_NOT_APPLICABLE,KAB_AL_AHBAR,NO_ISNAD_PREFIX_DETECTED,2,EV-ADAM-030 | EV-ADAM-031 | EV-ADAM-032 | EV-ADAM-033,RQ-ADAM-013 | RQ-ADAM-014,,,,,
adam_report_candidate_bbccd8abd83d7f318ca005a6,6fa62df965d09ddd459dd5b8,SRC-HISTORY-BIDAYAH-ADAM,4445,shamela://local/5ac170a3045185ccf78e81ebd473cafb8069279b898836fd768c78de76a3d8e5/book/4445/volume/1/page/237?database_sha256=a48b153a0a451ce0f63625bee7fa294a88d8dbbc5db4b9472afa652260b74b3b&segment_id=236,UNCLASSIFIED_SOURCE_PASSAGE_CANDIDATE,PRE_BOUNDARY_OR_NOT_APPLICABLE,KAB_AL_AHBAR,NO_ISNAD_PREFIX_DETECTED,0,EV-ADAM-030 | EV-ADAM-031 | EV-ADAM-032 | EV-ADAM-033,RQ-ADAM-013 | RQ-ADAM-014,,,,,
adam_report_candidate_13bd475b4e7b0b7943b8a911,6fa62df965d09ddd459dd5b8,SRC-HISTORY-BIDAYAH-ADAM,4445,shamela://local/5ac170a3045185ccf78e81ebd473cafb8069279b898836fd768c78de76a3d8e5/book/4445/volume/1/page/237?database_sha256=a48b153a0a451ce0f63625bee7fa294a88d8dbbc5db4b9472afa652260b74b3b&segment_id=236,EARLY_REPORT_CANDIDATE,PRE_BOUNDARY_OR_NOT_APPLICABLE,KAB_AL_AHBAR,CANDIDATE_PREFIX_EXTRACTED,8,EV-ADAM-030 | EV-ADAM-031 | EV-ADAM-032 | EV-ADAM-033,RQ-ADAM-013 | RQ-ADAM-014,,,,,
adam_report_candidate_c88c56c2b286462cad8d3e01,6fa62df965d09ddd459dd5b8,SRC-HISTORY-BIDAYAH-ADAM,4445,shamela://local/5ac170a3045185ccf78e81ebd473cafb8069279b898836fd768c78de76a3d8e5/book/4445/volume/1/page/238?database_sha256=a48b153a0a451ce0f63625bee7fa294a88d8dbbc5db4b9472afa652260b74b3b&segment_id=237,UNCLASSIFIED_SOURCE_PASSAGE_CANDIDATE,PRE_BOUNDARY_OR_NOT_APPLICABLE,KAB_AL_AHBAR,NO_ISNAD_PREFIX_DETECTED,0,EV-ADAM-030 | EV-ADAM-031 | EV-ADAM-032 | EV-ADAM-033,RQ-ADAM-013 | RQ-ADAM-014,,,,,
adam_report_candidate_2edfab9fda09ee05e62b74f4,3445b9e9351d3fa5dc589e6a,SRC-HISTORY-BIDAYAH-ADAM,4445,shamela://local/5ac170a3045185ccf78e81ebd473cafb8069279b898836fd768c78de76a3d8e5/book/4445/volume/1/page/3?database_sha256=a48b153a0a451ce0f63625bee7fa294a88d8dbbc5db4b9472afa652260b74b3b&segment_id=1,UNCLASSIFIED_SOURCE_PASSAGE_CANDIDATE,PRE_BOUNDARY_OR_NOT_APPLICABLE,,NO_ISNAD_PREFIX_DETECTED,0,,,,,,,
adam_report_candidate_71dd2615d83e670190b4ea7a,3445b9e9351d3fa5dc589e6a,SRC-HISTORY-BIDAYAH-ADAM,4445,shamela://local/5ac170a3045185ccf78e81ebd473cafb8069279b898836fd768c78de76a3d8e5/book/4445/volume/1/page/4?database_sha256=a48b153a0a451ce0f63625bee7fa294a88d8dbbc5db4b9472afa652260b74b3b&segment_id=2,UNCLASSIFIED_SOURCE_PASSAGE_CANDIDATE,PRE_BOUNDARY_OR_NOT_APPLICABLE,,NO_ISNAD_PREFIX_DETECTED,0,,,,,,,
adam_report_candidate_d1c3b667e94e35203a6e45d3,3445b9e9351d3fa5dc589e6a,SRC-HISTORY-BIDAYAH-ADAM,4445,shamela://local/5ac170a3045185ccf78e81ebd473cafb8069279b898836fd768c78de76a3d8e5/book/4445/volume/1/page/5?database_sha256=a48b153a0a451ce0f63625bee7fa294a88d8dbbc5db4b9472afa652260b74b3b&segment_id=3,UNCLASSIFIED_SOURCE_PASSAGE_CANDIDATE,PRE_BOUNDARY_OR_NOT_APPLICABLE,,NO_ISNAD_PREFIX_DETECTED,0,,,,,,,
adam_report_candidate_9a4fc86ccecd345a7efee40e,3445b9e9351d3fa5dc589e6a,SRC-HISTORY-BIDAYAH-ADAM,4445,shamela://local/5ac170a3045185ccf78e81ebd473cafb8069279b898836fd768c78de76a3d8e5/book/4445/volume/1/page/6?database_sha256=a48b153a0a451ce0f63625bee7fa294a88d8dbbc5db4b9472afa652260b74b3b&segment_id=4,UNCLASSIFIED_SOURCE_PASSAGE_CANDIDATE,PRE_BOUNDARY_OR_NOT_APPLICABLE,,NO_ISNAD_PREFIX_DETECTED,0,,,,,,,
adam_report_candidate_1beb8023f1fac8f4cf6cc329,3445b9e9351d3fa5dc589e6a,SRC-HISTORY-BIDAYAH-ADAM,4445,shamela://local/5ac170a3045185ccf78e81ebd473cafb8069279b898836fd768c78de76a3d8e5/book/4445/volume/1/page/7?database_sha256=a48b153a0a451ce0f63625bee7fa294a88d8dbbc5db4b9472afa652260b74b3b&segment_id=5,PROPHETIC_HADITH_CANDIDATE,PRE_BOUNDARY_OR_NOT_APPLICABLE,,CANDIDATE_PREFIX_EXTRACTED,0,,,,,,,
adam_report_candidate_6047080efb4eead11b45e34a,7ba7f824f096eba9496f7a77,SRC-HISTORY-BIDAYAH-ADAM,4445,shamela://local/5ac170a3045185ccf78e81ebd473cafb8069279b898836fd768c78de76a3d8e5/book/4445/volume/20/page/110?database_sha256=a48b153a0a451ce0f63625bee7fa294a88d8dbbc5db4b9472afa652260b74b3b&segment_id=12827,EARLY_REPORT_CANDIDATE,PRE_BOUNDARY_OR_NOT_APPLICABLE,,NO_ISNAD_PREFIX_DETECTED,5,,,,,,,
adam_report_candidate_93b77c0006b3dc3141cfb2c1,7ba7f824f096eba9496f7a77,SRC-HISTORY-BIDAYAH-ADAM,4445,shamela://local/5ac170a3045185ccf78e81ebd473cafb8069279b898836fd768c78de76a3d8e5/book/4445/volume/20/page/110?database_sha256=a48b153a0a451ce0f63625bee7fa294a88d8dbbc5db4b9472afa652260b74b3b&segment_id=12827,PROPHETIC_HADITH_CANDIDATE,PRE_BOUNDARY_OR_NOT_APPLICABLE,,CANDIDATE_PREFIX_EXTRACTED,8,,,,,,,
adam_report_candidate_447ef14582fc85533c976464,7ba7f824f096eba9496f7a77,SRC-HISTORY-BIDAYAH-ADAM,4445,shamela://local/5ac170a3045185ccf78e81ebd473cafb8069279b898836fd768c78de76a3d8e5/book/4445/volume/20/page/111?database_sha256=a48b153a0a451ce0f63625bee7fa294a88d8dbbc5db4b9472afa652260b74b3b&segment_id=12828,PROPHETIC_HADITH_CANDIDATE,PRE_BOUNDARY_OR_NOT_APPLICABLE,,CANDIDATE_PREFIX_EXTRACTED,6,,,,,,,
adam_report_candidate_757e5faf4a572f91fefd64cf,7ba7f824f096eba9496f7a77,SRC-HISTORY-BIDAYAH-ADAM,4445,shamela://local/5ac170a3045185ccf78e81ebd473cafb8069279b898836fd768c78de76a3d8e5/book/4445/volume/20/page/111?database_sha256=a48b153a0a451ce0f63625bee7fa294a88d8dbbc5db4b9472afa652260b74b3b&segment_id=12828,EARLY_REPORT_CANDIDATE,PRE_BOUNDARY_OR_NOT_APPLICABLE,,NO_ISNAD_PREFIX_DETECTED,3,,,,,,,
adam_report_candidate_dce280e36bbb40c7c513e9ad,7ba7f824f096eba9496f7a77,SRC-HISTORY-BIDAYAH-ADAM,4445,shamela://local/5ac170a3045185ccf78e81ebd473cafb8069279b898836fd768c78de76a3d8e5/book/4445/volume/20/page/112?database_sha256=a48b153a0a451ce0f63625bee7fa294a88d8dbbc5db4b9472afa652260b74b3b&segment_id=12829,PROPHETIC_HADITH_CANDIDATE,PRE_BOUNDARY_OR_NOT_APPLICABLE,,CANDIDATE_PREFIX_EXTRACTED,1,,,,,,,
adam_report_candidate_6c0b603cbeb914f94fe76421,7ba7f824f096eba9496f7a77,SRC-HISTORY-BIDAYAH-ADAM,4445,shamela://local/5ac170a3045185ccf78e81ebd473cafb8069279b898836fd768c78de76a3d8e5/book/4445/volume/20/page/112?database_sha256=a48b153a0a451ce0f63625bee7fa294a88d8dbbc5db4b9472afa652260b74b3b&segment_id=12829,PROPHETIC_HADITH_CANDIDATE,PRE_BOUNDARY_OR_NOT_APPLICABLE,,CANDIDATE_PREFIX_EXTRACTED,6,,,,,,,
adam_report_candidate_1c1804bc43bcd02a7f3d72bb,7ba7f824f096eba9496f7a77,SRC-HISTORY-BIDAYAH-ADAM,4445,shamela://local/5ac170a3045185ccf78e81ebd473cafb8069279b898836fd768c78de76a3d8e5/book/4445/volume/20/page/112?database_sha256=a48b153a0a451ce0f63625bee7fa294a88d8dbbc5db4b9472afa652260b74b3b&segment_id=12829,PROPHETIC_HADITH_CANDIDATE,PRE_BOUNDARY_OR_NOT_APPLICABLE,,CANDIDATE_PREFIX_EXTRACTED,8,,,,,,,
adam_report_candidate_40790acae938a963fe35bcf6,7ba7f824f096eba9496f7a77,SRC-HISTORY-BIDAYAH-ADAM,4445,shamela://local/5ac170a3045185ccf78e81ebd473cafb8069279b898836fd768c78de76a3d8e5/book/4445/volume/20/page/113?database_sha256=a48b153a0a451ce0f63625bee7fa294a88d8dbbc5db4b9472afa652260b74b3b&segment_id=12830,PROPHETIC_HADITH_CANDIDATE,PRE_BOUNDARY_OR_NOT_APPLICABLE,,CANDIDATE_PREFIX_EXTRACTED,5,,,,,,,
adam_report_candidate_01390359db2fb30fcf34d56c,7ba7f824f096eba9496f7a77,SRC-HISTORY-BIDAYAH-ADAM,4445,shamela://local/5ac170a3045185ccf78e81ebd473cafb8069279b898836fd768c78de76a3d8e5/book/4445/volume/20/page/113?database_sha256=a48b153a0a451ce0f63625bee7fa294a88d8dbbc5db4b9472afa652260b74b3b&segment_id=12830,PROPHETIC_HADITH_CANDIDATE,PRE_BOUNDARY_OR_NOT_APPLICABLE,WAHB_IBN_MUNABBIH,CANDIDATE_PREFIX_EXTRACTED,8,,,,,,,
adam_report_candidate_e96cd2089c6c99a532e3d216,7ba7f824f096eba9496f7a77,SRC-HISTORY-BIDAYAH-ADAM,4445,shamela://local/5ac170a3045185ccf78e81ebd473cafb8069279b898836fd768c78de76a3d8e5/book/4445/volume/20/page/113?database_sha256=a48b153a0a451ce0f63625bee7fa294a88d8dbbc5db4b9472afa652260b74b3b&segment_id=12830,EARLY_REPORT_CANDIDATE,PRE_BOUNDARY_OR_NOT_APPLICABLE,,CANDIDATE_PREFIX_EXTRACTED,5,,,,,,,
adam_report_candidate_247014bd6f8d51a444487574,6b05e3132f88a8111c4d01f2,SRC-HISTORY-KAMIL-ADAM,21712,shamela://local/5ac170a3045185ccf78e81ebd473cafb8069279b898836fd768c78de76a3d8e5/book/21712/volume/1/page/23?database_sha256=bf0c4379d2d3f7f5a4c30da7a96623019a120d1b198940dbd2c7fa45ed27b4cb&segment_id=19,UNCLASSIFIED_SOURCE_PASSAGE_CANDIDATE,PRE_BOUNDARY_OR_NOT_APPLICABLE,,NO_ISNAD_PREFIX_DETECTED,0,EV-ADAM-001 | EV-ADAM-002 | EV-ADAM-003 | EV-ADAM-004 | EV-ADAM-005 | EV-ADAM-006 | EV-ADAM-007 | EV-ADAM-010 | EV-ADAM-011 | EV-ADAM-020 | EV-ADAM-021 | EV-ADAM-022 | EV-ADAM-023 | EV-ADAM-024 | EV-ADAM-030 | EV-ADAM-031 | EV-ADAM-032 | EV-ADAM-033 | EV-ADAM-040 | EV-ADAM-041 | EV-ADAM-042 | EV-ADAM-050 | EV-ADAM-051 | EV-ADAM-052 | EV-ADAM-053 | EV-ADAM-054 | EV-ADAM-055 | EV-ADAM-070 | EV-ADAM-071 | EV-ADAM-080 | EV-ADAM-081 | EV-ADAM-082 | EV-ADAM-090 | EV-ADAM-091 | EV-ADAM-099,RQ-ADAM-001 | RQ-ADAM-002 | RQ-ADAM-003 | RQ-ADAM-004 | RQ-ADAM-005 | RQ-ADAM-006 | RQ-ADAM-020 | RQ-ADAM-007 | RQ-ADAM-008 | RQ-ADAM-009 | RQ-ADAM-010 | RQ-ADAM-011 | RQ-ADAM-012 | RQ-ADAM-013 | RQ-ADAM-014 | RQ-ADAM-015 | RQ-ADAM-016 | RQ-ADAM-017 | RQ-ADAM-018 | RQ-ADAM-019 | RQ-ADAM-025 | RQ-ADAM-026 | RQ-ADAM-027 | RQ-ADAM-028 | RQ-ADAM-029 | RQ-ADAM-030 | RQ-ADAM-032,,,,,
adam_report_candidate_5257825cbf103523366cc4e0,6b05e3132f88a8111c4d01f2,SRC-HISTORY-KAMIL-ADAM,21712,shamela://local/5ac170a3045185ccf78e81ebd473cafb8069279b898836fd768c78de76a3d8e5/book/21712/volume/1/page/24?database_sha256=bf0c4379d2d3f7f5a4c30da7a96623019a120d1b198940dbd2c7fa45ed27b4cb&segment_id=20,UNCLASSIFIED_SOURCE_PASSAGE_CANDIDATE,PRE_BOUNDARY_OR_NOT_APPLICABLE,,NO_ISNAD_PREFIX_DETECTED,0,EV-ADAM-001 | EV-ADAM-002 | EV-ADAM-003 | EV-ADAM-004 | EV-ADAM-005 | EV-ADAM-006 | EV-ADAM-007 | EV-ADAM-010 | EV-ADAM-011 | EV-ADAM-020 | EV-ADAM-021 | EV-ADAM-022 | EV-ADAM-023 | EV-ADAM-024 | EV-ADAM-030 | EV-ADAM-031 | EV-ADAM-032 | EV-ADAM-033 | EV-ADAM-040 | EV-ADAM-041 | EV-ADAM-042 | EV-ADAM-050 | EV-ADAM-051 | EV-ADAM-052 | EV-ADAM-053 | EV-ADAM-054 | EV-ADAM-055 | EV-ADAM-070 | EV-ADAM-071 | EV-ADAM-080 | EV-ADAM-081 | EV-ADAM-082 | EV-ADAM-090 | EV-ADAM-091 | EV-ADAM-099,RQ-ADAM-001 | RQ-ADAM-002 | RQ-ADAM-003 | RQ-ADAM-004 | RQ-ADAM-005 | RQ-ADAM-006 | RQ-ADAM-020 | RQ-ADAM-007 | RQ-ADAM-008 | RQ-ADAM-009 | RQ-ADAM-010 | RQ-ADAM-011 | RQ-ADAM-012 | RQ-ADAM-013 | RQ-ADAM-014 | RQ-ADAM-015 | RQ-ADAM-016 | RQ-ADAM-017 | RQ-ADAM-018 | RQ-ADAM-019 | RQ-ADAM-025 | RQ-ADAM-026 | RQ-ADAM-027 | RQ-ADAM-028 | RQ-ADAM-029 | RQ-ADAM-030 | RQ-ADAM-032,,,,,
adam_report_candidate_e74b2256e8e82a87655f28ab,6b05e3132f88a8111c4d01f2,SRC-HISTORY-KAMIL-ADAM,21712,shamela://local/5ac170a3045185ccf78e81ebd473cafb8069279b898836fd768c78de76a3d8e5/book/21712/volume/1/page/24?database_sha256=bf0c4379d2d3f7f5a4c30da7a96623019a120d1b198940dbd2c7fa45ed27b4cb&segment_id=20,UNCLASSIFIED_SOURCE_PASSAGE_CANDIDATE,PRE_BOUNDARY_OR_NOT_APPLICABLE,,NO_ISNAD_PREFIX_DETECTED,0,EV-ADAM-001 | EV-ADAM-002 | EV-ADAM-003 | EV-ADAM-004 | EV-ADAM-005 | EV-ADAM-006 | EV-ADAM-007 | EV-ADAM-010 | EV-ADAM-011 | EV-ADAM-020 | EV-ADAM-021 | EV-ADAM-022 | EV-ADAM-023 | EV-ADAM-024 | EV-ADAM-030 | EV-ADAM-031 | EV-ADAM-032 | EV-ADAM-033 | EV-ADAM-040 | EV-ADAM-041 | EV-ADAM-042 | EV-ADAM-050 | EV-ADAM-051 | EV-ADAM-052 | EV-ADAM-053 | EV-ADAM-054 | EV-ADAM-055 | EV-ADAM-070 | EV-ADAM-071 | EV-ADAM-080 | EV-ADAM-081 | EV-ADAM-082 | EV-ADAM-090 | EV-ADAM-091 | EV-ADAM-099,RQ-ADAM-001 | RQ-ADAM-002 | RQ-ADAM-003 | RQ-ADAM-004 | RQ-ADAM-005 | RQ-ADAM-006 | RQ-ADAM-020 | RQ-ADAM-007 | RQ-ADAM-008 | RQ-ADAM-009 | RQ-ADAM-010 | RQ-ADAM-011 | RQ-ADAM-012 | RQ-ADAM-013 | RQ-ADAM-014 | RQ-ADAM-015 | RQ-ADAM-016 | RQ-ADAM-017 | RQ-ADAM-018 | RQ-ADAM-019 | RQ-ADAM-025 | RQ-ADAM-026 | RQ-ADAM-027 | RQ-ADAM-028 | RQ-ADAM-029 | RQ-ADAM-030 | RQ-ADAM-032,,,,,
adam_report_candidate_3ee39659387dce79064d99c1,6b05e3132f88a8111c4d01f2,SRC-HISTORY-KAMIL-ADAM,21712,shamela://local/5ac170a3045185ccf78e81ebd473cafb8069279b898836fd768c78de76a3d8e5/book/21712/volume/1/page/25?database_sha256=bf0c4379d2d3f7f5a4c30da7a96623019a120d1b198940dbd2c7fa45ed27b4cb&segment_id=21,EARLY_REPORT_CANDIDATE,PRE_BOUNDARY_OR_NOT_APPLICABLE,,NO_ISNAD_PREFIX_DETECTED,1,EV-ADAM-001 | EV-ADAM-002 | EV-ADAM-003 | EV-ADAM-004 | EV-ADAM-005 | EV-ADAM-006 | EV-ADAM-007 | EV-ADAM-010 | EV-ADAM-011 | EV-ADAM-020 | EV-ADAM-021 | EV-ADAM-022 | EV-ADAM-023 | EV-ADAM-024 | EV-ADAM-030 | EV-ADAM-031 | EV-ADAM-032 | EV-ADAM-033 | EV-ADAM-040 | EV-ADAM-041 | EV-ADAM-042 | EV-ADAM-050 | EV-ADAM-051 | EV-ADAM-052 | EV-ADAM-053 | EV-ADAM-054 | EV-ADAM-055 | EV-ADAM-070 | EV-ADAM-071 | EV-ADAM-080 | EV-ADAM-081 | EV-ADAM-082 | EV-ADAM-090 | EV-ADAM-091 | EV-ADAM-099,RQ-ADAM-001 | RQ-ADAM-002 | RQ-ADAM-003 | RQ-ADAM-004 | RQ-ADAM-005 | RQ-ADAM-006 | RQ-ADAM-020 | RQ-ADAM-007 | RQ-ADAM-008 | RQ-ADAM-009 | RQ-ADAM-010 | RQ-ADAM-011 | RQ-ADAM-012 | RQ-ADAM-013 | RQ-ADAM-014 | RQ-ADAM-015 | RQ-ADAM-016 | RQ-ADAM-017 | RQ-ADAM-018 | RQ-ADAM-019 | RQ-ADAM-025 | RQ-ADAM-026 | RQ-ADAM-027 | RQ-ADAM-028 | RQ-ADAM-029 | RQ-ADAM-030 | RQ-ADAM-032,,,,,
adam_report_candidate_5edfc620b7ecd7b5b23b5a66,6b05e3132f88a8111c4d01f2,SRC-HISTORY-KAMIL-ADAM,21712,shamela://local/5ac170a3045185ccf78e81ebd473cafb8069279b898836fd768c78de76a3d8e5/book/21712/volume/1/page/25?database_sha256=bf0c4379d2d3f7f5a4c30da7a96623019a120d1b198940dbd2c7fa45ed27b4cb&segment_id=21,EARLY_REPORT_CANDIDATE,PRE_BOUNDARY_OR_NOT_APPLICABLE,,NO_ISNAD_PREFIX_DETECTED,1,EV-ADAM-001 | EV-ADAM-002 | EV-ADAM-003 | EV-ADAM-004 | EV-ADAM-005 | EV-ADAM-006 | EV-ADAM-007 | EV-ADAM-010 | EV-ADAM-011 | EV-ADAM-020 | EV-ADAM-021 | EV-ADAM-022 | EV-ADAM-023 | EV-ADAM-024 | EV-ADAM-030 | EV-ADAM-031 | EV-ADAM-032 | EV-ADAM-033 | EV-ADAM-040 | EV-ADAM-041 | EV-ADAM-042 | EV-ADAM-050 | EV-ADAM-051 | EV-ADAM-052 | EV-ADAM-053 | EV-ADAM-054 | EV-ADAM-055 | EV-ADAM-070 | EV-ADAM-071 | EV-ADAM-080 | EV-ADAM-081 | EV-ADAM-082 | EV-ADAM-090 | EV-ADAM-091 | EV-ADAM-099,RQ-ADAM-001 | RQ-ADAM-002 | RQ-ADAM-003 | RQ-ADAM-004 | RQ-ADAM-005 | RQ-ADAM-006 | RQ-ADAM-020 | RQ-ADAM-007 | RQ-ADAM-008 | RQ-ADAM-009 | RQ-ADAM-010 | RQ-ADAM-011 | RQ-ADAM-012 | RQ-ADAM-013 | RQ-ADAM-014 | RQ-ADAM-015 | RQ-ADAM-016 | RQ-ADAM-017 | RQ-ADAM-018 | RQ-ADAM-019 | RQ-ADAM-025 | RQ-ADAM-026 | RQ-ADAM-027 | RQ-ADAM-028 | RQ-ADAM-029 | RQ-ADAM-030 | RQ-ADAM-032,,,,,
adam_report_candidate_5f937890f3348dc4d5254e8d,6b05e3132f88a8111c4d01f2,SRC-HISTORY-KAMIL-ADAM,21712,shamela://local/5ac170a3045185ccf78e81ebd473cafb8069279b898836fd768c78de76a3d8e5/book/21712/volume/1/page/25?database_sha256=bf0c4379d2d3f7f5a4c30da7a96623019a120d1b198940dbd2c7fa45ed27b4cb&segment_id=21,EARLY_REPORT_CANDIDATE,PRE_BOUNDARY_OR_NOT_APPLICABLE,,NO_ISNAD_PREFIX_DETECTED,2,EV-ADAM-001 | EV-ADAM-002 | EV-ADAM-003 | EV-ADAM-004 | EV-ADAM-005 | EV-ADAM-006 | EV-ADAM-007 | EV-ADAM-010 | EV-ADAM-011 | EV-ADAM-020 | EV-ADAM-021 | EV-ADAM-022 | EV-ADAM-023 | EV-ADAM-024 | EV-ADAM-030 | EV-ADAM-031 | EV-ADAM-032 | EV-ADAM-033 | EV-ADAM-040 | EV-ADAM-041 | EV-ADAM-042 | EV-ADAM-050 | EV-ADAM-051 | EV-ADAM-052 | EV-ADAM-053 | EV-ADAM-054 | EV-ADAM-055 | EV-ADAM-070 | EV-ADAM-071 | EV-ADAM-080 | EV-ADAM-081 | EV-ADAM-082 | EV-ADAM-090 | EV-ADAM-091 | EV-ADAM-099,RQ-ADAM-001 | RQ-ADAM-002 | RQ-ADAM-003 | RQ-ADAM-004 | RQ-ADAM-005 | RQ-ADAM-006 | RQ-ADAM-020 | RQ-ADAM-007 | RQ-ADAM-008 | RQ-ADAM-009 | RQ-ADAM-010 | RQ-ADAM-011 | RQ-ADAM-012 | RQ-ADAM-013 | RQ-ADAM-014 | RQ-ADAM-015 | RQ-ADAM-016 | RQ-ADAM-017 | RQ-ADAM-018 | RQ-ADAM-019 | RQ-ADAM-025 | RQ-ADAM-026 | RQ-ADAM-027 | RQ-ADAM-028 | RQ-ADAM-029 | RQ-ADAM-030 | RQ-ADAM-032,,,,,
adam_report_candidate_aab5186459fba9b78cd6b6d6,6b05e3132f88a8111c4d01f2,SRC-HISTORY-KAMIL-ADAM,21712,shamela://local/5ac170a3045185ccf78e81ebd473cafb8069279b898836fd768c78de76a3d8e5/book/21712/volume/1/page/26?database_sha256=bf0c4379d2d3f7f5a4c30da7a96623019a120d1b198940dbd2c7fa45ed27b4cb&segment_id=22,EARLY_REPORT_CANDIDATE,PRE_BOUNDARY_OR_NOT_APPLICABLE,,NO_ISNAD_PREFIX_DETECTED,1,EV-ADAM-001 | EV-ADAM-002 | EV-ADAM-003 | EV-ADAM-004 | EV-ADAM-005 | EV-ADAM-006 | EV-ADAM-007 | EV-ADAM-010 | EV-ADAM-011 | EV-ADAM-020 | EV-ADAM-021 | EV-ADAM-022 | EV-ADAM-023 | EV-ADAM-024 | EV-ADAM-030 | EV-ADAM-031 | EV-ADAM-032 | EV-ADAM-033 | EV-ADAM-040 | EV-ADAM-041 | EV-ADAM-042 | EV-ADAM-050 | EV-ADAM-051 | EV-ADAM-052 | EV-ADAM-053 | EV-ADAM-054 | EV-ADAM-055 | EV-ADAM-070 | EV-ADAM-071 | EV-ADAM-080 | EV-ADAM-081 | EV-ADAM-082 | EV-ADAM-090 | EV-ADAM-091 | EV-ADAM-099,RQ-ADAM-001 | RQ-ADAM-002 | RQ-ADAM-003 | RQ-ADAM-004 | RQ-ADAM-005 | RQ-ADAM-006 | RQ-ADAM-020 | RQ-ADAM-007 | RQ-ADAM-008 | RQ-ADAM-009 | RQ-ADAM-010 | RQ-ADAM-011 | RQ-ADAM-012 | RQ-ADAM-013 | RQ-ADAM-014 | RQ-ADAM-015 | RQ-ADAM-016 | RQ-ADAM-017 | RQ-ADAM-018 | RQ-ADAM-019 | RQ-ADAM-025 | RQ-ADAM-026 | RQ-ADAM-027 | RQ-ADAM-028 | RQ-ADAM-029 | RQ-ADAM-030 | RQ-ADAM-032,,,,,
adam_report_candidate_0582b15ee9c9dedc5218053b,6b05e3132f88a8111c4d01f2,SRC-HISTORY-KAMIL-ADAM,21712,shamela://local/5ac170a3045185ccf78e81ebd473cafb8069279b898836fd768c78de76a3d8e5/book/21712/volume/1/page/26?database_sha256=bf0c4379d2d3f7f5a4c30da7a96623019a120d1b198940dbd2c7fa45ed27b4cb&segment_id=22,EARLY_REPORT_CANDIDATE,PRE_BOUNDARY_OR_NOT_APPLICABLE,,NO_ISNAD_PREFIX_DETECTED,1,EV-ADAM-001 | EV-ADAM-002 | EV-ADAM-003 | EV-ADAM-004 | EV-ADAM-005 | EV-ADAM-006 | EV-ADAM-007 | EV-ADAM-010 | EV-ADAM-011 | EV-ADAM-020 | EV-ADAM-021 | EV-ADAM-022 | EV-ADAM-023 | EV-ADAM-024 | EV-ADAM-030 | EV-ADAM-031 | EV-ADAM-032 | EV-ADAM-033 | EV-ADAM-040 | EV-ADAM-041 | EV-ADAM-042 | EV-ADAM-050 | EV-ADAM-051 | EV-ADAM-052 | EV-ADAM-053 | EV-ADAM-054 | EV-ADAM-055 | EV-ADAM-070 | EV-ADAM-071 | EV-ADAM-080 | EV-ADAM-081 | EV-ADAM-082 | EV-ADAM-090 | EV-ADAM-091 | EV-ADAM-099,RQ-ADAM-001 | RQ-ADAM-002 | RQ-ADAM-003 | RQ-ADAM-004 | RQ-ADAM-005 | RQ-ADAM-006 | RQ-ADAM-020 | RQ-ADAM-007 | RQ-ADAM-008 | RQ-ADAM-009 | RQ-ADAM-010 | RQ-ADAM-011 | RQ-ADAM-012 | RQ-ADAM-013 | RQ-ADAM-014 | RQ-ADAM-015 | RQ-ADAM-016 | RQ-ADAM-017 | RQ-ADAM-018 | RQ-ADAM-019 | RQ-ADAM-025 | RQ-ADAM-026 | RQ-ADAM-027 | RQ-ADAM-028 | RQ-ADAM-029 | RQ-ADAM-030 | RQ-ADAM-032,,,,,
adam_report_candidate_bf249214aa00b7ab50a10333,6b05e3132f88a8111c4d01f2,SRC-HISTORY-KAMIL-ADAM,21712,shamela://local/5ac170a3045185ccf78e81ebd473cafb8069279b898836fd768c78de76a3d8e5/book/21712/volume/1/page/26?database_sha256=bf0c4379d2d3f7f5a4c30da7a96623019a120d1b198940dbd2c7fa45ed27b4cb&segment_id=22,QURAN_EXEGESIS_CONTEXT_CANDIDATE,PRE_BOUNDARY_OR_NOT_APPLICABLE,,NO_ISNAD_PREFIX_DETECTED,0,EV-ADAM-001 | EV-ADAM-002 | EV-ADAM-003 | EV-ADAM-004 | EV-ADAM-005 | EV-ADAM-006 | EV-ADAM-007 | EV-ADAM-010 | EV-ADAM-011 | EV-ADAM-020 | EV-ADAM-021 | EV-ADAM-022 | EV-ADAM-023 | EV-ADAM-024 | EV-ADAM-030 | EV-ADAM-031 | EV-ADAM-032 | EV-ADAM-033 | EV-ADAM-040 | EV-ADAM-041 | EV-ADAM-042 | EV-ADAM-050 | EV-ADAM-051 | EV-ADAM-052 | EV-ADAM-053 | EV-ADAM-054 | EV-ADAM-055 | EV-ADAM-070 | EV-ADAM-071 | EV-ADAM-080 | EV-ADAM-081 | EV-ADAM-082 | EV-ADAM-090 | EV-ADAM-091 | EV-ADAM-099,RQ-ADAM-001 | RQ-ADAM-002 | RQ-ADAM-003 | RQ-ADAM-004 | RQ-ADAM-005 | RQ-ADAM-006 | RQ-ADAM-020 | RQ-ADAM-007 | RQ-ADAM-008 | RQ-ADAM-009 | RQ-ADAM-010 | RQ-ADAM-011 | RQ-ADAM-012 | RQ-ADAM-013 | RQ-ADAM-014 | RQ-ADAM-015 | RQ-ADAM-016 | RQ-ADAM-017 | RQ-ADAM-018 | RQ-ADAM-019 | RQ-ADAM-025 | RQ-ADAM-026 | RQ-ADAM-027 | RQ-ADAM-028 | RQ-ADAM-029 | RQ-ADAM-030 | RQ-ADAM-032,,,,,
adam_report_candidate_a9bf1c81193194a5aff9cf24,6b05e3132f88a8111c4d01f2,SRC-HISTORY-KAMIL-ADAM,21712,shamela://local/5ac170a3045185ccf78e81ebd473cafb8069279b898836fd768c78de76a3d8e5/book/21712/volume/1/page/27?database_sha256=bf0c4379d2d3f7f5a4c30da7a96623019a120d1b198940dbd2c7fa45ed27b4cb&segment_id=23,QURAN_EXEGESIS_CONTEXT_CANDIDATE,PRE_BOUNDARY_OR_NOT_APPLICABLE,,NO_ISNAD_PREFIX_DETECTED,0,EV-ADAM-001 | EV-ADAM-002 | EV-ADAM-003 | EV-ADAM-004 | EV-ADAM-005 | EV-ADAM-006 | EV-ADAM-007 | EV-ADAM-010 | EV-ADAM-011 | EV-ADAM-020 | EV-ADAM-021 | EV-ADAM-022 | EV-ADAM-023 | EV-ADAM-024 | EV-ADAM-030 | EV-ADAM-031 | EV-ADAM-032 | EV-ADAM-033 | EV-ADAM-040 | EV-ADAM-041 | EV-ADAM-042 | EV-ADAM-050 | EV-ADAM-051 | EV-ADAM-052 | EV-ADAM-053 | EV-ADAM-054 | EV-ADAM-055 | EV-ADAM-070 | EV-ADAM-071 | EV-ADAM-080 | EV-ADAM-081 | EV-ADAM-082 | EV-ADAM-090 | EV-ADAM-091 | EV-ADAM-099,RQ-ADAM-001 | RQ-ADAM-002 | RQ-ADAM-003 | RQ-ADAM-004 | RQ-ADAM-005 | RQ-ADAM-006 | RQ-ADAM-020 | RQ-ADAM-007 | RQ-ADAM-008 | RQ-ADAM-009 | RQ-ADAM-010 | RQ-ADAM-011 | RQ-ADAM-012 | RQ-ADAM-013 | RQ-ADAM-014 | RQ-ADAM-015 | RQ-ADAM-016 | RQ-ADAM-017 | RQ-ADAM-018 | RQ-ADAM-019 | RQ-ADAM-025 | RQ-ADAM-026 | RQ-ADAM-027 | RQ-ADAM-028 | RQ-ADAM-029 | RQ-ADAM-030 | RQ-ADAM-032,,,,,
adam_report_candidate_27b518e3308284fef7b19063,6b05e3132f88a8111c4d01f2,SRC-HISTORY-KAMIL-ADAM,21712,shamela://local/5ac170a3045185ccf78e81ebd473cafb8069279b898836fd768c78de76a3d8e5/book/21712/volume/1/page/27?database_sha256=bf0c4379d2d3f7f5a4c30da7a96623019a120d1b198940dbd2c7fa45ed27b4cb&segment_id=23,PROPHETIC_HADITH_CANDIDATE,PRE_BOUNDARY_OR_NOT_APPLICABLE,,CANDIDATE_PREFIX_EXTRACTED,1,EV-ADAM-001 | EV-ADAM-002 | EV-ADAM-003 | EV-ADAM-004 | EV-ADAM-005 | EV-ADAM-006 | EV-ADAM-007 | EV-ADAM-010 | EV-ADAM-011 | EV-ADAM-020 | EV-ADAM-021 | EV-ADAM-022 | EV-ADAM-023 | EV-ADAM-024 | EV-ADAM-030 | EV-ADAM-031 | EV-ADAM-032 | EV-ADAM-033 | EV-ADAM-040 | EV-ADAM-041 | EV-ADAM-042 | EV-ADAM-050 | EV-ADAM-051 | EV-ADAM-052 | EV-ADAM-053 | EV-ADAM-054 | EV-ADAM-055 | EV-ADAM-070 | EV-ADAM-071 | EV-ADAM-080 | EV-ADAM-081 | EV-ADAM-082 | EV-ADAM-090 | EV-ADAM-091 | EV-ADAM-099,RQ-ADAM-001 | RQ-ADAM-002 | RQ-ADAM-003 | RQ-ADAM-004 | RQ-ADAM-005 | RQ-ADAM-006 | RQ-ADAM-020 | RQ-ADAM-007 | RQ-ADAM-008 | RQ-ADAM-009 | RQ-ADAM-010 | RQ-ADAM-011 | RQ-ADAM-012 | RQ-ADAM-013 | RQ-ADAM-014 | RQ-ADAM-015 | RQ-ADAM-016 | RQ-ADAM-017 | RQ-ADAM-018 | RQ-ADAM-019 | RQ-ADAM-025 | RQ-ADAM-026 | RQ-ADAM-027 | RQ-ADAM-028 | RQ-ADAM-029 | RQ-ADAM-030 | RQ-ADAM-032,,,,,
adam_report_candidate_5f469a30440d12b88522fb4d,6b05e3132f88a8111c4d01f2,SRC-HISTORY-KAMIL-ADAM,21712,shamela://local/5ac170a3045185ccf78e81ebd473cafb8069279b898836fd768c78de76a3d8e5/book/21712/volume/1/page/28?database_sha256=bf0c4379d2d3f7f5a4c30da7a96623019a120d1b198940dbd2c7fa45ed27b4cb&segment_id=24,QURAN_EXEGESIS_CONTEXT_CANDIDATE,PRE_BOUNDARY_OR_NOT_APPLICABLE,,NO_ISNAD_PREFIX_DETECTED,0,EV-ADAM-001 | EV-ADAM-002 | EV-ADAM-003 | EV-ADAM-004 | EV-ADAM-005 | EV-ADAM-006 | EV-ADAM-007 | EV-ADAM-010 | EV-ADAM-011 | EV-ADAM-020 | EV-ADAM-021 | EV-ADAM-022 | EV-ADAM-023 | EV-ADAM-024 | EV-ADAM-030 | EV-ADAM-031 | EV-ADAM-032 | EV-ADAM-033 | EV-ADAM-040 | EV-ADAM-041 | EV-ADAM-042 | EV-ADAM-050 | EV-ADAM-051 | EV-ADAM-052 | EV-ADAM-053 | EV-ADAM-054 | EV-ADAM-055 | EV-ADAM-070 | EV-ADAM-071 | EV-ADAM-080 | EV-ADAM-081 | EV-ADAM-082 | EV-ADAM-090 | EV-ADAM-091 | EV-ADAM-099,RQ-ADAM-001 | RQ-ADAM-002 | RQ-ADAM-003 | RQ-ADAM-004 | RQ-ADAM-005 | RQ-ADAM-006 | RQ-ADAM-020 | RQ-ADAM-007 | RQ-ADAM-008 | RQ-ADAM-009 | RQ-ADAM-010 | RQ-ADAM-011 | RQ-ADAM-012 | RQ-ADAM-013 | RQ-ADAM-014 | RQ-ADAM-015 | RQ-ADAM-016 | RQ-ADAM-017 | RQ-ADAM-018 | RQ-ADAM-019 | RQ-ADAM-025 | RQ-ADAM-026 | RQ-ADAM-027 | RQ-ADAM-028 | RQ-ADAM-029 | RQ-ADAM-030 | RQ-ADAM-032,,,,,
adam_report_candidate_4f9308706086691efd8204c5,6b05e3132f88a8111c4d01f2,SRC-HISTORY-KAMIL-ADAM,21712,shamela://local/5ac170a3045185ccf78e81ebd473cafb8069279b898836fd768c78de76a3d8e5/book/21712/volume/1/page/29?database_sha256=bf0c4379d2d3f7f5a4c30da7a96623019a120d1b198940dbd2c7fa45ed27b4cb&segment_id=25,QURAN_EXEGESIS_CONTEXT_CANDIDATE,PRE_BOUNDARY_OR_NOT_APPLICABLE,,NO_ISNAD_PREFIX_DETECTED,0,EV-ADAM-001 | EV-ADAM-002 | EV-ADAM-003 | EV-ADAM-004 | EV-ADAM-005 | EV-ADAM-006 | EV-ADAM-007 | EV-ADAM-010 | EV-ADAM-011 | EV-ADAM-020 | EV-ADAM-021 | EV-ADAM-022 | EV-ADAM-023 | EV-ADAM-024 | EV-ADAM-030 | EV-ADAM-031 | EV-ADAM-032 | EV-ADAM-033 | EV-ADAM-040 | EV-ADAM-041 | EV-ADAM-042 | EV-ADAM-050 | EV-ADAM-051 | EV-ADAM-052 | EV-ADAM-053 | EV-ADAM-054 | EV-ADAM-055 | EV-ADAM-070 | EV-ADAM-071 | EV-ADAM-080 | EV-ADAM-081 | EV-ADAM-082 | EV-ADAM-090 | EV-ADAM-091 | EV-ADAM-099,RQ-ADAM-001 | RQ-ADAM-002 | RQ-ADAM-003 | RQ-ADAM-004 | RQ-ADAM-005 | RQ-ADAM-006 | RQ-ADAM-020 | RQ-ADAM-007 | RQ-ADAM-008 | RQ-ADAM-009 | RQ-ADAM-010 | RQ-ADAM-011 | RQ-ADAM-012 | RQ-ADAM-013 | RQ-ADAM-014 | RQ-ADAM-015 | RQ-ADAM-016 | RQ-ADAM-017 | RQ-ADAM-018 | RQ-ADAM-019 | RQ-ADAM-025 | RQ-ADAM-026 | RQ-ADAM-027 | RQ-ADAM-028 | RQ-ADAM-029 | RQ-ADAM-030 | RQ-ADAM-032,,,,,
adam_report_candidate_935b70077425ab1e475810c7,6b05e3132f88a8111c4d01f2,SRC-HISTORY-KAMIL-ADAM,21712,shamela://local/5ac170a3045185ccf78e81ebd473cafb8069279b898836fd768c78de76a3d8e5/book/21712/volume/1/page/30?database_sha256=bf0c4379d2d3f7f5a4c30da7a96623019a120d1b198940dbd2c7fa45ed27b4cb&segment_id=26,EARLY_REPORT_CANDIDATE,PRE_BOUNDARY_OR_NOT_APPLICABLE,,NO_ISNAD_PREFIX_DETECTED,1,EV-ADAM-001 | EV-ADAM-002 | EV-ADAM-003 | EV-ADAM-004 | EV-ADAM-005 | EV-ADAM-006 | EV-ADAM-007 | EV-ADAM-010 | EV-ADAM-011 | EV-ADAM-020 | EV-ADAM-021 | EV-ADAM-022 | EV-ADAM-023 | EV-ADAM-024 | EV-ADAM-030 | EV-ADAM-031 | EV-ADAM-032 | EV-ADAM-033 | EV-ADAM-040 | EV-ADAM-041 | EV-ADAM-042 | EV-ADAM-050 | EV-ADAM-051 | EV-ADAM-052 | EV-ADAM-053 | EV-ADAM-054 | EV-ADAM-055 | EV-ADAM-070 | EV-ADAM-071 | EV-ADAM-080 | EV-ADAM-081 | EV-ADAM-082 | EV-ADAM-090 | EV-ADAM-091 | EV-ADAM-099,RQ-ADAM-001 | RQ-ADAM-002 | RQ-ADAM-003 | RQ-ADAM-004 | RQ-ADAM-005 | RQ-ADAM-006 | RQ-ADAM-020 | RQ-ADAM-007 | RQ-ADAM-008 | RQ-ADAM-009 | RQ-ADAM-010 | RQ-ADAM-011 | RQ-ADAM-012 | RQ-ADAM-013 | RQ-ADAM-014 | RQ-ADAM-015 | RQ-ADAM-016 | RQ-ADAM-017 | RQ-ADAM-018 | RQ-ADAM-019 | RQ-ADAM-025 | RQ-ADAM-026 | RQ-ADAM-027 | RQ-ADAM-028 | RQ-ADAM-029 | RQ-ADAM-030 | RQ-ADAM-032,,,,,
adam_report_candidate_94db1a59308a56d5e981d4bd,6b05e3132f88a8111c4d01f2,SRC-HISTORY-KAMIL-ADAM,21712,shamela://local/5ac170a3045185ccf78e81ebd473cafb8069279b898836fd768c78de76a3d8e5/book/21712/volume/1/page/30?database_sha256=bf0c4379d2d3f7f5a4c30da7a96623019a120d1b198940dbd2c7fa45ed27b4cb&segment_id=26,QURAN_EXEGESIS_CONTEXT_CANDIDATE,PRE_BOUNDARY_OR_NOT_APPLICABLE,,NO_ISNAD_PREFIX_DETECTED,0,EV-ADAM-001 | EV-ADAM-002 | EV-ADAM-003 | EV-ADAM-004 | EV-ADAM-005 | EV-ADAM-006 | EV-ADAM-007 | EV-ADAM-010 | EV-ADAM-011 | EV-ADAM-020 | EV-ADAM-021 | EV-ADAM-022 | EV-ADAM-023 | EV-ADAM-024 | EV-ADAM-030 | EV-ADAM-031 | EV-ADAM-032 | EV-ADAM-033 | EV-ADAM-040 | EV-ADAM-041 | EV-ADAM-042 | EV-ADAM-050 | EV-ADAM-051 | EV-ADAM-052 | EV-ADAM-053 | EV-ADAM-054 | EV-ADAM-055 | EV-ADAM-070 | EV-ADAM-071 | EV-ADAM-080 | EV-ADAM-081 | EV-ADAM-082 | EV-ADAM-090 | EV-ADAM-091 | EV-ADAM-099,RQ-ADAM-001 | RQ-ADAM-002 | RQ-ADAM-003 | RQ-ADAM-004 | RQ-ADAM-005 | RQ-ADAM-006 | RQ-ADAM-020 | RQ-ADAM-007 | RQ-ADAM-008 | RQ-ADAM-009 | RQ-ADAM-010 | RQ-ADAM-011 | RQ-ADAM-012 | RQ-ADAM-013 | RQ-ADAM-014 | RQ-ADAM-015 | RQ-ADAM-016 | RQ-ADAM-017 | RQ-ADAM-018 | RQ-ADAM-019 | RQ-ADAM-025 | RQ-ADAM-026 | RQ-ADAM-027 | RQ-ADAM-028 | RQ-ADAM-029 | RQ-ADAM-030 | RQ-ADAM-032,,,,,
adam_report_candidate_d337c7fbe79ca8217b96226e,6b05e3132f88a8111c4d01f2,SRC-HISTORY-KAMIL-ADAM,21712,shamela://local/5ac170a3045185ccf78e81ebd473cafb8069279b898836fd768c78de76a3d8e5/book/21712/volume/1/page/31?database_sha256=bf0c4379d2d3f7f5a4c30da7a96623019a120d1b198940dbd2c7fa45ed27b4cb&segment_id=27,EARLY_REPORT_CANDIDATE,MIXED_BOUNDARY_PRE_SECTION,,NO_ISNAD_PREFIX_DETECTED,1,EV-ADAM-001 | EV-ADAM-002 | EV-ADAM-003 | EV-ADAM-004 | EV-ADAM-005 | EV-ADAM-006 | EV-ADAM-007 | EV-ADAM-010 | EV-ADAM-011 | EV-ADAM-020 | EV-ADAM-021 | EV-ADAM-022 | EV-ADAM-023 | EV-ADAM-024 | EV-ADAM-030 | EV-ADAM-031 | EV-ADAM-032 | EV-ADAM-033 | EV-ADAM-040 | EV-ADAM-041 | EV-ADAM-042 | EV-ADAM-050 | EV-ADAM-051 | EV-ADAM-052 | EV-ADAM-053 | EV-ADAM-054 | EV-ADAM-055 | EV-ADAM-070 | EV-ADAM-071 | EV-ADAM-080 | EV-ADAM-081 | EV-ADAM-082 | EV-ADAM-090 | EV-ADAM-091 | EV-ADAM-099,RQ-ADAM-001 | RQ-ADAM-002 | RQ-ADAM-003 | RQ-ADAM-004 | RQ-ADAM-005 | RQ-ADAM-006 | RQ-ADAM-020 | RQ-ADAM-007 | RQ-ADAM-008 | RQ-ADAM-009 | RQ-ADAM-010 | RQ-ADAM-011 | RQ-ADAM-012 | RQ-ADAM-013 | RQ-ADAM-014 | RQ-ADAM-015 | RQ-ADAM-016 | RQ-ADAM-017 | RQ-ADAM-018 | RQ-ADAM-019 | RQ-ADAM-025 | RQ-ADAM-026 | RQ-ADAM-027 | RQ-ADAM-028 | RQ-ADAM-029 | RQ-ADAM-030 | RQ-ADAM-032,,,,,
adam_report_candidate_56db3f2be50d6f5ca419f919,cbe15a60dddfae085585abce,SRC-HISTORY-KAMIL-ADAM,21712,shamela://local/5ac170a3045185ccf78e81ebd473cafb8069279b898836fd768c78de76a3d8e5/book/21712/volume/1/page/15?database_sha256=bf0c4379d2d3f7f5a4c30da7a96623019a120d1b198940dbd2c7fa45ed27b4cb&segment_id=11,UNCLASSIFIED_SOURCE_PASSAGE_CANDIDATE,PRE_BOUNDARY_OR_NOT_APPLICABLE,WAHB_IBN_MUNABBIH,NO_ISNAD_PREFIX_DETECTED,0,,,,,,,
adam_report_candidate_cb7ae72e980d7194ad51ccbe,cbe15a60dddfae085585abce,SRC-HISTORY-KAMIL-ADAM,21712,shamela://local/5ac170a3045185ccf78e81ebd473cafb8069279b898836fd768c78de76a3d8e5/book/21712/volume/1/page/15?database_sha256=bf0c4379d2d3f7f5a4c30da7a96623019a120d1b198940dbd2c7fa45ed27b4cb&segment_id=11,PROPHETIC_HADITH_CANDIDATE,PRE_BOUNDARY_OR_NOT_APPLICABLE,,CANDIDATE_PREFIX_EXTRACTED,2,,,,,,,
adam_report_candidate_c93b85872e9100e713e8d053,cbe15a60dddfae085585abce,SRC-HISTORY-KAMIL-ADAM,21712,shamela://local/5ac170a3045185ccf78e81ebd473cafb8069279b898836fd768c78de76a3d8e5/book/21712/volume/1/page/15?database_sha256=bf0c4379d2d3f7f5a4c30da7a96623019a120d1b198940dbd2c7fa45ed27b4cb&segment_id=11,UNCLASSIFIED_SOURCE_PASSAGE_CANDIDATE,PRE_BOUNDARY_OR_NOT_APPLICABLE,,NO_ISNAD_PREFIX_DETECTED,0,,,,,,,
adam_report_candidate_5f69447b1f970a0a974f92c6,cbe15a60dddfae085585abce,SRC-HISTORY-KAMIL-ADAM,21712,shamela://local/5ac170a3045185ccf78e81ebd473cafb8069279b898836fd768c78de76a3d8e5/book/21712/volume/1/page/15?database_sha256=bf0c4379d2d3f7f5a4c30da7a96623019a120d1b198940dbd2c7fa45ed27b4cb&segment_id=11,PROPHETIC_HADITH_CANDIDATE,PRE_BOUNDARY_OR_NOT_APPLICABLE,,CANDIDATE_PREFIX_EXTRACTED,1,,,,,,,
adam_report_candidate_9b99e71f95da6daa2dc47afd,cbe15a60dddfae085585abce,SRC-HISTORY-KAMIL-ADAM,21712,shamela://local/5ac170a3045185ccf78e81ebd473cafb8069279b898836fd768c78de76a3d8e5/book/21712/volume/1/page/16?database_sha256=bf0c4379d2d3f7f5a4c30da7a96623019a120d1b198940dbd2c7fa45ed27b4cb&segment_id=12,PROPHETIC_HADITH_CANDIDATE,PRE_BOUNDARY_OR_NOT_APPLICABLE,,CANDIDATE_PREFIX_EXTRACTED,0,,,,,,,
adam_report_candidate_306a7786dcba1302cee356f9,cbe15a60dddfae085585abce,SRC-HISTORY-KAMIL-ADAM,21712,shamela://local/5ac170a3045185ccf78e81ebd473cafb8069279b898836fd768c78de76a3d8e5/book/21712/volume/1/page/17?database_sha256=bf0c4379d2d3f7f5a4c30da7a96623019a120d1b198940dbd2c7fa45ed27b4cb&segment_id=13,UNCLASSIFIED_SOURCE_PASSAGE_CANDIDATE,PRE_BOUNDARY_OR_NOT_APPLICABLE,,NO_ISNAD_PREFIX_DETECTED,0,,,,,,,
adam_report_candidate_f6e050621d7a33b36bcb587c,2b0d25c716f0b1c8fb3385e3,SRC-HISTORY-KAMIL-ADAM,21712,shamela://local/5ac170a3045185ccf78e81ebd473cafb8069279b898836fd768c78de76a3d8e5/book/21712/volume/1/page/19?database_sha256=bf0c4379d2d3f7f5a4c30da7a96623019a120d1b198940dbd2c7fa45ed27b4cb&segment_id=15,PROPHETIC_HADITH_CANDIDATE,PRE_BOUNDARY_OR_NOT_APPLICABLE,WAHB_IBN_MUNABBIH,CANDIDATE_PREFIX_EXTRACTED,3,,,,,,,
adam_report_candidate_1f2a69903090ad2ab187d172,2b0d25c716f0b1c8fb3385e3,SRC-HISTORY-KAMIL-ADAM,21712,shamela://local/5ac170a3045185ccf78e81ebd473cafb8069279b898836fd768c78de76a3d8e5/book/21712/volume/1/page/20?database_sha256=bf0c4379d2d3f7f5a4c30da7a96623019a120d1b198940dbd2c7fa45ed27b4cb&segment_id=16,QURAN_EXEGESIS_CONTEXT_CANDIDATE,PRE_BOUNDARY_OR_NOT_APPLICABLE,,NO_ISNAD_PREFIX_DETECTED,0,,,,,,,
adam_report_candidate_77ac2fe376dec540d0973fdd,2b0d25c716f0b1c8fb3385e3,SRC-HISTORY-KAMIL-ADAM,21712,shamela://local/5ac170a3045185ccf78e81ebd473cafb8069279b898836fd768c78de76a3d8e5/book/21712/volume/1/page/20?database_sha256=bf0c4379d2d3f7f5a4c30da7a96623019a120d1b198940dbd2c7fa45ed27b4cb&segment_id=16,EARLY_REPORT_CANDIDATE,PRE_BOUNDARY_OR_NOT_APPLICABLE,,NO_ISNAD_PREFIX_DETECTED,2,,,,,,,
adam_report_candidate_528801ac7859f30a13079373,2b0d25c716f0b1c8fb3385e3,SRC-HISTORY-KAMIL-ADAM,21712,shamela://local/5ac170a3045185ccf78e81ebd473cafb8069279b898836fd768c78de76a3d8e5/book/21712/volume/1/page/21?database_sha256=bf0c4379d2d3f7f5a4c30da7a96623019a120d1b198940dbd2c7fa45ed27b4cb&segment_id=17,QURAN_EXEGESIS_CONTEXT_CANDIDATE,PRE_BOUNDARY_OR_NOT_APPLICABLE,,NO_ISNAD_PREFIX_DETECTED,0,,,,,,,
adam_report_candidate_e02c2a29161cae174c71fd53,ecd55c860e9f458931578651,SRC-HISTORY-MUNTAZAM-ADAM,12406,shamela://local/5ac170a3045185ccf78e81ebd473cafb8069279b898836fd768c78de76a3d8e5/book/12406/volume/1/page/192?database_sha256=c0a44e43dc6d655a4d5725fc88aafb8ad0077e0ec2e8214f6c0dec6e9f4e31ab&segment_id=171,EARLY_REPORT_CANDIDATE,PRE_BOUNDARY_OR_NOT_APPLICABLE,WAHB_IBN_MUNABBIH,NO_ISNAD_PREFIX_DETECTED,2,EV-ADAM-001 | EV-ADAM-002 | EV-ADAM-003 | EV-ADAM-004 | EV-ADAM-005 | EV-ADAM-006 | EV-ADAM-007 | EV-ADAM-020 | EV-ADAM-021 | EV-ADAM-022 | EV-ADAM-023 | EV-ADAM-024 | EV-ADAM-030 | EV-ADAM-031 | EV-ADAM-032 | EV-ADAM-033 | EV-ADAM-040 | EV-ADAM-041 | EV-ADAM-042 | EV-ADAM-050 | EV-ADAM-051 | EV-ADAM-052 | EV-ADAM-053 | EV-ADAM-054 | EV-ADAM-055 | EV-ADAM-070 | EV-ADAM-071 | EV-ADAM-080 | EV-ADAM-081 | EV-ADAM-082 | EV-ADAM-090 | EV-ADAM-091 | EV-ADAM-099,RQ-ADAM-001 | RQ-ADAM-002 | RQ-ADAM-003 | RQ-ADAM-004 | RQ-ADAM-005 | RQ-ADAM-006 | RQ-ADAM-020 | RQ-ADAM-009 | RQ-ADAM-010 | RQ-ADAM-011 | RQ-ADAM-012 | RQ-ADAM-013 | RQ-ADAM-014 | RQ-ADAM-015 | RQ-ADAM-016 | RQ-ADAM-017 | RQ-ADAM-018 | RQ-ADAM-019 | RQ-ADAM-025 | RQ-ADAM-026 | RQ-ADAM-027 | RQ-ADAM-028 | RQ-ADAM-029 | RQ-ADAM-030 | RQ-ADAM-032,,,,,
adam_report_candidate_adde41942eb8243e9e4a35b7,ecd55c860e9f458931578651,SRC-HISTORY-MUNTAZAM-ADAM,12406,shamela://local/5ac170a3045185ccf78e81ebd473cafb8069279b898836fd768c78de76a3d8e5/book/12406/volume/1/page/192?database_sha256=c0a44e43dc6d655a4d5725fc88aafb8ad0077e0ec2e8214f6c0dec6e9f4e31ab&segment_id=171,EARLY_REPORT_CANDIDATE,PRE_BOUNDARY_OR_NOT_APPLICABLE,WAHB_IBN_MUNABBIH,CANDIDATE_PREFIX_EXTRACTED,10,EV-ADAM-001 | EV-ADAM-002 | EV-ADAM-003 | EV-ADAM-004 | EV-ADAM-005 | EV-ADAM-006 | EV-ADAM-007 | EV-ADAM-020 | EV-ADAM-021 | EV-ADAM-022 | EV-ADAM-023 | EV-ADAM-024 | EV-ADAM-030 | EV-ADAM-031 | EV-ADAM-032 | EV-ADAM-033 | EV-ADAM-040 | EV-ADAM-041 | EV-ADAM-042 | EV-ADAM-050 | EV-ADAM-051 | EV-ADAM-052 | EV-ADAM-053 | EV-ADAM-054 | EV-ADAM-055 | EV-ADAM-070 | EV-ADAM-071 | EV-ADAM-080 | EV-ADAM-081 | EV-ADAM-082 | EV-ADAM-090 | EV-ADAM-091 | EV-ADAM-099,RQ-ADAM-001 | RQ-ADAM-002 | RQ-ADAM-003 | RQ-ADAM-004 | RQ-ADAM-005 | RQ-ADAM-006 | RQ-ADAM-020 | RQ-ADAM-009 | RQ-ADAM-010 | RQ-ADAM-011 | RQ-ADAM-012 | RQ-ADAM-013 | RQ-ADAM-014 | RQ-ADAM-015 | RQ-ADAM-016 | RQ-ADAM-017 | RQ-ADAM-018 | RQ-ADAM-019 | RQ-ADAM-025 | RQ-ADAM-026 | RQ-ADAM-027 | RQ-ADAM-028 | RQ-ADAM-029 | RQ-ADAM-030 | RQ-ADAM-032,,,,,
adam_report_candidate_dfb0fd3edd44908add3a76b7,ecd55c860e9f458931578651,SRC-HISTORY-MUNTAZAM-ADAM,12406,shamela://local/5ac170a3045185ccf78e81ebd473cafb8069279b898836fd768c78de76a3d8e5/book/12406/volume/1/page/192?database_sha256=c0a44e43dc6d655a4d5725fc88aafb8ad0077e0ec2e8214f6c0dec6e9f4e31ab&segment_id=171,EARLY_REPORT_CANDIDATE,PRE_BOUNDARY_OR_NOT_APPLICABLE,WAHB_IBN_MUNABBIH,CANDIDATE_PREFIX_EXTRACTED,4,EV-ADAM-001 | EV-ADAM-002 | EV-ADAM-003 | EV-ADAM-004 | EV-ADAM-005 | EV-ADAM-006 | EV-ADAM-007 | EV-ADAM-020 | EV-ADAM-021 | EV-ADAM-022 | EV-ADAM-023 | EV-ADAM-024 | EV-ADAM-030 | EV-ADAM-031 | EV-ADAM-032 | EV-ADAM-033 | EV-ADAM-040 | EV-ADAM-041 | EV-ADAM-042 | EV-ADAM-050 | EV-ADAM-051 | EV-ADAM-052 | EV-ADAM-053 | EV-ADAM-054 | EV-ADAM-055 | EV-ADAM-070 | EV-ADAM-071 | EV-ADAM-080 | EV-ADAM-081 | EV-ADAM-082 | EV-ADAM-090 | EV-ADAM-091 | EV-ADAM-099,RQ-ADAM-001 | RQ-ADAM-002 | RQ-ADAM-003 | RQ-ADAM-004 | RQ-ADAM-005 | RQ-ADAM-006 | RQ-ADAM-020 | RQ-ADAM-009 | RQ-ADAM-010 | RQ-ADAM-011 | RQ-ADAM-012 | RQ-ADAM-013 | RQ-ADAM-014 | RQ-ADAM-015 | RQ-ADAM-016 | RQ-ADAM-017 | RQ-ADAM-018 | RQ-ADAM-019 | RQ-ADAM-025 | RQ-ADAM-026 | RQ-ADAM-027 | RQ-ADAM-028 | RQ-ADAM-029 | RQ-ADAM-030 | RQ-ADAM-032,,,,,
adam_report_candidate_3e627a8ee322217c16246cfd,ecd55c860e9f458931578651,SRC-HISTORY-MUNTAZAM-ADAM,12406,shamela://local/5ac170a3045185ccf78e81ebd473cafb8069279b898836fd768c78de76a3d8e5/book/12406/volume/1/page/192?database_sha256=c0a44e43dc6d655a4d5725fc88aafb8ad0077e0ec2e8214f6c0dec6e9f4e31ab&segment_id=171,PROPHETIC_HADITH_CANDIDATE,PRE_BOUNDARY_OR_NOT_APPLICABLE,WAHB_IBN_MUNABBIH,CANDIDATE_PREFIX_EXTRACTED,7,EV-ADAM-001 | EV-ADAM-002 | EV-ADAM-003 | EV-ADAM-004 | EV-ADAM-005 | EV-ADAM-006 | EV-ADAM-007 | EV-ADAM-020 | EV-ADAM-021 | EV-ADAM-022 | EV-ADAM-023 | EV-ADAM-024 | EV-ADAM-030 | EV-ADAM-031 | EV-ADAM-032 | EV-ADAM-033 | EV-ADAM-040 | EV-ADAM-041 | EV-ADAM-042 | EV-ADAM-050 | EV-ADAM-051 | EV-ADAM-052 | EV-ADAM-053 | EV-ADAM-054 | EV-ADAM-055 | EV-ADAM-070 | EV-ADAM-071 | EV-ADAM-080 | EV-ADAM-081 | EV-ADAM-082 | EV-ADAM-090 | EV-ADAM-091 | EV-ADAM-099,RQ-ADAM-001 | RQ-ADAM-002 | RQ-ADAM-003 | RQ-ADAM-004 | RQ-ADAM-005 | RQ-ADAM-006 | RQ-ADAM-020 | RQ-ADAM-009 | RQ-ADAM-010 | RQ-ADAM-011 | RQ-ADAM-012 | RQ-ADAM-013 | RQ-ADAM-014 | RQ-ADAM-015 | RQ-ADAM-016 | RQ-ADAM-017 | RQ-ADAM-018 | RQ-ADAM-019 | RQ-ADAM-025 | RQ-ADAM-026 | RQ-ADAM-027 | RQ-ADAM-028 | RQ-ADAM-029 | RQ-ADAM-030 | RQ-ADAM-032,,,,,
adam_report_candidate_ed4dfae3aa19c8d86aba580f,ecd55c860e9f458931578651,SRC-HISTORY-MUNTAZAM-ADAM,12406,shamela://local/5ac170a3045185ccf78e81ebd473cafb8069279b898836fd768c78de76a3d8e5/book/12406/volume/1/page/193?database_sha256=c0a44e43dc6d655a4d5725fc88aafb8ad0077e0ec2e8214f6c0dec6e9f4e31ab&segment_id=172,UNCLASSIFIED_SOURCE_PASSAGE_CANDIDATE,PRE_BOUNDARY_OR_NOT_APPLICABLE,WAHB_IBN_MUNABBIH,NO_ISNAD_PREFIX_DETECTED,0,EV-ADAM-001 | EV-ADAM-002 | EV-ADAM-003 | EV-ADAM-004 | EV-ADAM-005 | EV-ADAM-006 | EV-ADAM-007 | EV-ADAM-020 | EV-ADAM-021 | EV-ADAM-022 | EV-ADAM-023 | EV-ADAM-024 | EV-ADAM-030 | EV-ADAM-031 | EV-ADAM-032 | EV-ADAM-033 | EV-ADAM-040 | EV-ADAM-041 | EV-ADAM-042 | EV-ADAM-050 | EV-ADAM-051 | EV-ADAM-052 | EV-ADAM-053 | EV-ADAM-054 | EV-ADAM-055 | EV-ADAM-070 | EV-ADAM-071 | EV-ADAM-080 | EV-ADAM-081 | EV-ADAM-082 | EV-ADAM-090 | EV-ADAM-091 | EV-ADAM-099,RQ-ADAM-001 | RQ-ADAM-002 | RQ-ADAM-003 | RQ-ADAM-004 | RQ-ADAM-005 | RQ-ADAM-006 | RQ-ADAM-020 | RQ-ADAM-009 | RQ-ADAM-010 | RQ-ADAM-011 | RQ-ADAM-012 | RQ-ADAM-013 | RQ-ADAM-014 | RQ-ADAM-015 | RQ-ADAM-016 | RQ-ADAM-017 | RQ-ADAM-018 | RQ-ADAM-019 | RQ-ADAM-025 | RQ-ADAM-026 | RQ-ADAM-027 | RQ-ADAM-028 | RQ-ADAM-029 | RQ-ADAM-030 | RQ-ADAM-032,,,,,
adam_report_candidate_c7028eadc9c8d953d772ad8b,ecd55c860e9f458931578651,SRC-HISTORY-MUNTAZAM-ADAM,12406,shamela://local/5ac170a3045185ccf78e81ebd473cafb8069279b898836fd768c78de76a3d8e5/book/12406/volume/1/page/193?database_sha256=c0a44e43dc6d655a4d5725fc88aafb8ad0077e0ec2e8214f6c0dec6e9f4e31ab&segment_id=172,EARLY_REPORT_CANDIDATE,PRE_BOUNDARY_OR_NOT_APPLICABLE,WAHB_IBN_MUNABBIH,CANDIDATE_PREFIX_EXTRACTED,4,EV-ADAM-001 | EV-ADAM-002 | EV-ADAM-003 | EV-ADAM-004 | EV-ADAM-005 | EV-ADAM-006 | EV-ADAM-007 | EV-ADAM-020 | EV-ADAM-021 | EV-ADAM-022 | EV-ADAM-023 | EV-ADAM-024 | EV-ADAM-030 | EV-ADAM-031 | EV-ADAM-032 | EV-ADAM-033 | EV-ADAM-040 | EV-ADAM-041 | EV-ADAM-042 | EV-ADAM-050 | EV-ADAM-051 | EV-ADAM-052 | EV-ADAM-053 | EV-ADAM-054 | EV-ADAM-055 | EV-ADAM-070 | EV-ADAM-071 | EV-ADAM-080 | EV-ADAM-081 | EV-ADAM-082 | EV-ADAM-090 | EV-ADAM-091 | EV-ADAM-099,RQ-ADAM-001 | RQ-ADAM-002 | RQ-ADAM-003 | RQ-ADAM-004 | RQ-ADAM-005 | RQ-ADAM-006 | RQ-ADAM-020 | RQ-ADAM-009 | RQ-ADAM-010 | RQ-ADAM-011 | RQ-ADAM-012 | RQ-ADAM-013 | RQ-ADAM-014 | RQ-ADAM-015 | RQ-ADAM-016 | RQ-ADAM-017 | RQ-ADAM-018 | RQ-ADAM-019 | RQ-ADAM-025 | RQ-ADAM-026 | RQ-ADAM-027 | RQ-ADAM-028 | RQ-ADAM-029 | RQ-ADAM-030 | RQ-ADAM-032,,,,,
adam_report_candidate_72f71be78857775e7b4c67f1,ecd55c860e9f458931578651,SRC-HISTORY-MUNTAZAM-ADAM,12406,shamela://local/5ac170a3045185ccf78e81ebd473cafb8069279b898836fd768c78de76a3d8e5/book/12406/volume/1/page/193?database_sha256=c0a44e43dc6d655a4d5725fc88aafb8ad0077e0ec2e8214f6c0dec6e9f4e31ab&segment_id=172,PROPHETIC_HADITH_CANDIDATE,PRE_BOUNDARY_OR_NOT_APPLICABLE,WAHB_IBN_MUNABBIH,CANDIDATE_PREFIX_EXTRACTED,5,EV-ADAM-001 | EV-ADAM-002 | EV-ADAM-003 | EV-ADAM-004 | EV-ADAM-005 | EV-ADAM-006 | EV-ADAM-007 | EV-ADAM-020 | EV-ADAM-021 | EV-ADAM-022 | EV-ADAM-023 | EV-ADAM-024 | EV-ADAM-030 | EV-ADAM-031 | EV-ADAM-032 | EV-ADAM-033 | EV-ADAM-040 | EV-ADAM-041 | EV-ADAM-042 | EV-ADAM-050 | EV-ADAM-051 | EV-ADAM-052 | EV-ADAM-053 | EV-ADAM-054 | EV-ADAM-055 | EV-ADAM-070 | EV-ADAM-071 | EV-ADAM-080 | EV-ADAM-081 | EV-ADAM-082 | EV-ADAM-090 | EV-ADAM-091 | EV-ADAM-099,RQ-ADAM-001 | RQ-ADAM-002 | RQ-ADAM-003 | RQ-ADAM-004 | RQ-ADAM-005 | RQ-ADAM-006 | RQ-ADAM-020 | RQ-ADAM-009 | RQ-ADAM-010 | RQ-ADAM-011 | RQ-ADAM-012 | RQ-ADAM-013 | RQ-ADAM-014 | RQ-ADAM-015 | RQ-ADAM-016 | RQ-ADAM-017 | RQ-ADAM-018 | RQ-ADAM-019 | RQ-ADAM-025 | RQ-ADAM-026 | RQ-ADAM-027 | RQ-ADAM-028 | RQ-ADAM-029 | RQ-ADAM-030 | RQ-ADAM-032,,,,,
adam_report_candidate_0ff72be8a0ae188f20b21f41,ecd55c860e9f458931578651,SRC-HISTORY-MUNTAZAM-ADAM,12406,shamela://local/5ac170a3045185ccf78e81ebd473cafb8069279b898836fd768c78de76a3d8e5/book/12406/volume/1/page/193?database_sha256=c0a44e43dc6d655a4d5725fc88aafb8ad0077e0ec2e8214f6c0dec6e9f4e31ab&segment_id=172,PROPHETIC_HADITH_CANDIDATE,PRE_BOUNDARY_OR_NOT_APPLICABLE,WAHB_IBN_MUNABBIH,CANDIDATE_PREFIX_EXTRACTED,2,EV-ADAM-001 | EV-ADAM-002 | EV-ADAM-003 | EV-ADAM-004 | EV-ADAM-005 | EV-ADAM-006 | EV-ADAM-007 | EV-ADAM-020 | EV-ADAM-021 | EV-ADAM-022 | EV-ADAM-023 | EV-ADAM-024 | EV-ADAM-030 | EV-ADAM-031 | EV-ADAM-032 | EV-ADAM-033 | EV-ADAM-040 | EV-ADAM-041 | EV-ADAM-042 | EV-ADAM-050 | EV-ADAM-051 | EV-ADAM-052 | EV-ADAM-053 | EV-ADAM-054 | EV-ADAM-055 | EV-ADAM-070 | EV-ADAM-071 | EV-ADAM-080 | EV-ADAM-081 | EV-ADAM-082 | EV-ADAM-090 | EV-ADAM-091 | EV-ADAM-099,RQ-ADAM-001 | RQ-ADAM-002 | RQ-ADAM-003 | RQ-ADAM-004 | RQ-ADAM-005 | RQ-ADAM-006 | RQ-ADAM-020 | RQ-ADAM-009 | RQ-ADAM-010 | RQ-ADAM-011 | RQ-ADAM-012 | RQ-ADAM-013 | RQ-ADAM-014 | RQ-ADAM-015 | RQ-ADAM-016 | RQ-ADAM-017 | RQ-ADAM-018 | RQ-ADAM-019 | RQ-ADAM-025 | RQ-ADAM-026 | RQ-ADAM-027 | RQ-ADAM-028 | RQ-ADAM-029 | RQ-ADAM-030 | RQ-ADAM-032,,,,,
adam_report_candidate_40b5c0d1c55ed61b97cdb855,ecd55c860e9f458931578651,SRC-HISTORY-MUNTAZAM-ADAM,12406,shamela://local/5ac170a3045185ccf78e81ebd473cafb8069279b898836fd768c78de76a3d8e5/book/12406/volume/1/page/194?database_sha256=c0a44e43dc6d655a4d5725fc88aafb8ad0077e0ec2e8214f6c0dec6e9f4e31ab&segment_id=173,UNCLASSIFIED_SOURCE_PASSAGE_CANDIDATE,PRE_BOUNDARY_OR_NOT_APPLICABLE,WAHB_IBN_MUNABBIH,NO_ISNAD_PREFIX_DETECTED,0,EV-ADAM-001 | EV-ADAM-002 | EV-ADAM-003 | EV-ADAM-004 | EV-ADAM-005 | EV-ADAM-006 | EV-ADAM-007 | EV-ADAM-020 | EV-ADAM-021 | EV-ADAM-022 | EV-ADAM-023 | EV-ADAM-024 | EV-ADAM-030 | EV-ADAM-031 | EV-ADAM-032 | EV-ADAM-033 | EV-ADAM-040 | EV-ADAM-041 | EV-ADAM-042 | EV-ADAM-050 | EV-ADAM-051 | EV-ADAM-052 | EV-ADAM-053 | EV-ADAM-054 | EV-ADAM-055 | EV-ADAM-070 | EV-ADAM-071 | EV-ADAM-080 | EV-ADAM-081 | EV-ADAM-082 | EV-ADAM-090 | EV-ADAM-091 | EV-ADAM-099,RQ-ADAM-001 | RQ-ADAM-002 | RQ-ADAM-003 | RQ-ADAM-004 | RQ-ADAM-005 | RQ-ADAM-006 | RQ-ADAM-020 | RQ-ADAM-009 | RQ-ADAM-010 | RQ-ADAM-011 | RQ-ADAM-012 | RQ-ADAM-013 | RQ-ADAM-014 | RQ-ADAM-015 | RQ-ADAM-016 | RQ-ADAM-017 | RQ-ADAM-018 | RQ-ADAM-019 | RQ-ADAM-025 | RQ-ADAM-026 | RQ-ADAM-027 | RQ-ADAM-028 | RQ-ADAM-029 | RQ-ADAM-030 | RQ-ADAM-032,,,,,
adam_report_candidate_7598b732d7bfcbf88b2673fe,ecd55c860e9f458931578651,SRC-HISTORY-MUNTAZAM-ADAM,12406,shamela://local/5ac170a3045185ccf78e81ebd473cafb8069279b898836fd768c78de76a3d8e5/book/12406/volume/1/page/194?database_sha256=c0a44e43dc6d655a4d5725fc88aafb8ad0077e0ec2e8214f6c0dec6e9f4e31ab&segment_id=173,EARLY_REPORT_CANDIDATE,PRE_BOUNDARY_OR_NOT_APPLICABLE,WAHB_IBN_MUNABBIH,NO_ISNAD_PREFIX_DETECTED,1,EV-ADAM-001 | EV-ADAM-002 | EV-ADAM-003 | EV-ADAM-004 | EV-ADAM-005 | EV-ADAM-006 | EV-ADAM-007 | EV-ADAM-020 | EV-ADAM-021 | EV-ADAM-022 | EV-ADAM-023 | EV-ADAM-024 | EV-ADAM-030 | EV-ADAM-031 | EV-ADAM-032 | EV-ADAM-033 | EV-ADAM-040 | EV-ADAM-041 | EV-ADAM-042 | EV-ADAM-050 | EV-ADAM-051 | EV-ADAM-052 | EV-ADAM-053 | EV-ADAM-054 | EV-ADAM-055 | EV-ADAM-070 | EV-ADAM-071 | EV-ADAM-080 | EV-ADAM-081 | EV-ADAM-082 | EV-ADAM-090 | EV-ADAM-091 | EV-ADAM-099,RQ-ADAM-001 | RQ-ADAM-002 | RQ-ADAM-003 | RQ-ADAM-004 | RQ-ADAM-005 | RQ-ADAM-006 | RQ-ADAM-020 | RQ-ADAM-009 | RQ-ADAM-010 | RQ-ADAM-011 | RQ-ADAM-012 | RQ-ADAM-013 | RQ-ADAM-014 | RQ-ADAM-015 | RQ-ADAM-016 | RQ-ADAM-017 | RQ-ADAM-018 | RQ-ADAM-019 | RQ-ADAM-025 | RQ-ADAM-026 | RQ-ADAM-027 | RQ-ADAM-028 | RQ-ADAM-029 | RQ-ADAM-030 | RQ-ADAM-032,,,,,
adam_report_candidate_06fafcddb9cec00df793e7ac,ecd55c860e9f458931578651,SRC-HISTORY-MUNTAZAM-ADAM,12406,shamela://local/5ac170a3045185ccf78e81ebd473cafb8069279b898836fd768c78de76a3d8e5/book/12406/volume/1/page/194?database_sha256=c0a44e43dc6d655a4d5725fc88aafb8ad0077e0ec2e8214f6c0dec6e9f4e31ab&segment_id=173,EARLY_REPORT_CANDIDATE,PRE_BOUNDARY_OR_NOT_APPLICABLE,WAHB_IBN_MUNABBIH,NO_ISNAD_PREFIX_DETECTED,1,EV-ADAM-001 | EV-ADAM-002 | EV-ADAM-003 | EV-ADAM-004 | EV-ADAM-005 | EV-ADAM-006 | EV-ADAM-007 | EV-ADAM-020 | EV-ADAM-021 | EV-ADAM-022 | EV-ADAM-023 | EV-ADAM-024 | EV-ADAM-030 | EV-ADAM-031 | EV-ADAM-032 | EV-ADAM-033 | EV-ADAM-040 | EV-ADAM-041 | EV-ADAM-042 | EV-ADAM-050 | EV-ADAM-051 | EV-ADAM-052 | EV-ADAM-053 | EV-ADAM-054 | EV-ADAM-055 | EV-ADAM-070 | EV-ADAM-071 | EV-ADAM-080 | EV-ADAM-081 | EV-ADAM-082 | EV-ADAM-090 | EV-ADAM-091 | EV-ADAM-099,RQ-ADAM-001 | RQ-ADAM-002 | RQ-ADAM-003 | RQ-ADAM-004 | RQ-ADAM-005 | RQ-ADAM-006 | RQ-ADAM-020 | RQ-ADAM-009 | RQ-ADAM-010 | RQ-ADAM-011 | RQ-ADAM-012 | RQ-ADAM-013 | RQ-ADAM-014 | RQ-ADAM-015 | RQ-ADAM-016 | RQ-ADAM-017 | RQ-ADAM-018 | RQ-ADAM-019 | RQ-ADAM-025 | RQ-ADAM-026 | RQ-ADAM-027 | RQ-ADAM-028 | RQ-ADAM-029 | RQ-ADAM-030 | RQ-ADAM-032,,,,,
adam_report_candidate_f501f48b5b3c94eb2f9754c3,ecd55c860e9f458931578651,SRC-HISTORY-MUNTAZAM-ADAM,12406,shamela://local/5ac170a3045185ccf78e81ebd473cafb8069279b898836fd768c78de76a3d8e5/book/12406/volume/1/page/194?database_sha256=c0a44e43dc6d655a4d5725fc88aafb8ad0077e0ec2e8214f6c0dec6e9f4e31ab&segment_id=173,EARLY_REPORT_CANDIDATE,PRE_BOUNDARY_OR_NOT_APPLICABLE,WAHB_IBN_MUNABBIH,CANDIDATE_PREFIX_EXTRACTED,7,EV-ADAM-001 | EV-ADAM-002 | EV-ADAM-003 | EV-ADAM-004 | EV-ADAM-005 | EV-ADAM-006 | EV-ADAM-007 | EV-ADAM-020 | EV-ADAM-021 | EV-ADAM-022 | EV-ADAM-023 | EV-ADAM-024 | EV-ADAM-030 | EV-ADAM-031 | EV-ADAM-032 | EV-ADAM-033 | EV-ADAM-040 | EV-ADAM-041 | EV-ADAM-042 | EV-ADAM-050 | EV-ADAM-051 | EV-ADAM-052 | EV-ADAM-053 | EV-ADAM-054 | EV-ADAM-055 | EV-ADAM-070 | EV-ADAM-071 | EV-ADAM-080 | EV-ADAM-081 | EV-ADAM-082 | EV-ADAM-090 | EV-ADAM-091 | EV-ADAM-099,RQ-ADAM-001 | RQ-ADAM-002 | RQ-ADAM-003 | RQ-ADAM-004 | RQ-ADAM-005 | RQ-ADAM-006 | RQ-ADAM-020 | RQ-ADAM-009 | RQ-ADAM-010 | RQ-ADAM-011 | RQ-ADAM-012 | RQ-ADAM-013 | RQ-ADAM-014 | RQ-ADAM-015 | RQ-ADAM-016 | RQ-ADAM-017 | RQ-ADAM-018 | RQ-ADAM-019 | RQ-ADAM-025 | RQ-ADAM-026 | RQ-ADAM-027 | RQ-ADAM-028 | RQ-ADAM-029 | RQ-ADAM-030 | RQ-ADAM-032,,,,,
adam_report_candidate_3b1ea95d75ac24c3b6018ca8,ecd55c860e9f458931578651,SRC-HISTORY-MUNTAZAM-ADAM,12406,shamela://local/5ac170a3045185ccf78e81ebd473cafb8069279b898836fd768c78de76a3d8e5/book/12406/volume/1/page/195?database_sha256=c0a44e43dc6d655a4d5725fc88aafb8ad0077e0ec2e8214f6c0dec6e9f4e31ab&segment_id=174,EARLY_REPORT_CANDIDATE,PRE_BOUNDARY_OR_NOT_APPLICABLE,WAHB_IBN_MUNABBIH,NO_ISNAD_PREFIX_DETECTED,2,EV-ADAM-001 | EV-ADAM-002 | EV-ADAM-003 | EV-ADAM-004 | EV-ADAM-005 | EV-ADAM-006 | EV-ADAM-007 | EV-ADAM-020 | EV-ADAM-021 | EV-ADAM-022 | EV-ADAM-023 | EV-ADAM-024 | EV-ADAM-030 | EV-ADAM-031 | EV-ADAM-032 | EV-ADAM-033 | EV-ADAM-040 | EV-ADAM-041 | EV-ADAM-042 | EV-ADAM-050 | EV-ADAM-051 | EV-ADAM-052 | EV-ADAM-053 | EV-ADAM-054 | EV-ADAM-055 | EV-ADAM-070 | EV-ADAM-071 | EV-ADAM-080 | EV-ADAM-081 | EV-ADAM-082 | EV-ADAM-090 | EV-ADAM-091 | EV-ADAM-099,RQ-ADAM-001 | RQ-ADAM-002 | RQ-ADAM-003 | RQ-ADAM-004 | RQ-ADAM-005 | RQ-ADAM-006 | RQ-ADAM-020 | RQ-ADAM-009 | RQ-ADAM-010 | RQ-ADAM-011 | RQ-ADAM-012 | RQ-ADAM-013 | RQ-ADAM-014 | RQ-ADAM-015 | RQ-ADAM-016 | RQ-ADAM-017 | RQ-ADAM-018 | RQ-ADAM-019 | RQ-ADAM-025 | RQ-ADAM-026 | RQ-ADAM-027 | RQ-ADAM-028 | RQ-ADAM-029 | RQ-ADAM-030 | RQ-ADAM-032,,,,,
adam_report_candidate_bd683682555bc9570d09e8b3,ecd55c860e9f458931578651,SRC-HISTORY-MUNTAZAM-ADAM,12406,shamela://local/5ac170a3045185ccf78e81ebd473cafb8069279b898836fd768c78de76a3d8e5/book/12406/volume/1/page/196?database_sha256=c0a44e43dc6d655a4d5725fc88aafb8ad0077e0ec2e8214f6c0dec6e9f4e31ab&segment_id=175,EARLY_REPORT_CANDIDATE,PRE_BOUNDARY_OR_NOT_APPLICABLE,WAHB_IBN_MUNABBIH,NO_ISNAD_PREFIX_DETECTED,1,EV-ADAM-001 | EV-ADAM-002 | EV-ADAM-003 | EV-ADAM-004 | EV-ADAM-005 | EV-ADAM-006 | EV-ADAM-007 | EV-ADAM-020 | EV-ADAM-021 | EV-ADAM-022 | EV-ADAM-023 | EV-ADAM-024 | EV-ADAM-030 | EV-ADAM-031 | EV-ADAM-032 | EV-ADAM-033 | EV-ADAM-040 | EV-ADAM-041 | EV-ADAM-042 | EV-ADAM-050 | EV-ADAM-051 | EV-ADAM-052 | EV-ADAM-053 | EV-ADAM-054 | EV-ADAM-055 | EV-ADAM-070 | EV-ADAM-071 | EV-ADAM-080 | EV-ADAM-081 | EV-ADAM-082 | EV-ADAM-090 | EV-ADAM-091 | EV-ADAM-099,RQ-ADAM-001 | RQ-ADAM-002 | RQ-ADAM-003 | RQ-ADAM-004 | RQ-ADAM-005 | RQ-ADAM-006 | RQ-ADAM-020 | RQ-ADAM-009 | RQ-ADAM-010 | RQ-ADAM-011 | RQ-ADAM-012 | RQ-ADAM-013 | RQ-ADAM-014 | RQ-ADAM-015 | RQ-ADAM-016 | RQ-ADAM-017 | RQ-ADAM-018 | RQ-ADAM-019 | RQ-ADAM-025 | RQ-ADAM-026 | RQ-ADAM-027 | RQ-ADAM-028 | RQ-ADAM-029 | RQ-ADAM-030 | RQ-ADAM-032,,,,,
adam_report_candidate_c5238aaf1ff3304c1a54fbc6,ecd55c860e9f458931578651,SRC-HISTORY-MUNTAZAM-ADAM,12406,shamela://local/5ac170a3045185ccf78e81ebd473cafb8069279b898836fd768c78de76a3d8e5/book/12406/volume/1/page/196?database_sha256=c0a44e43dc6d655a4d5725fc88aafb8ad0077e0ec2e8214f6c0dec6e9f4e31ab&segment_id=175,PROPHETIC_HADITH_CANDIDATE,PRE_BOUNDARY_OR_NOT_APPLICABLE,WAHB_IBN_MUNABBIH,CANDIDATE_PREFIX_EXTRACTED,11,EV-ADAM-001 | EV-ADAM-002 | EV-ADAM-003 | EV-ADAM-004 | EV-ADAM-005 | EV-ADAM-006 | EV-ADAM-007 | EV-ADAM-020 | EV-ADAM-021 | EV-ADAM-022 | EV-ADAM-023 | EV-ADAM-024 | EV-ADAM-030 | EV-ADAM-031 | EV-ADAM-032 | EV-ADAM-033 | EV-ADAM-040 | EV-ADAM-041 | EV-ADAM-042 | EV-ADAM-050 | EV-ADAM-051 | EV-ADAM-052 | EV-ADAM-053 | EV-ADAM-054 | EV-ADAM-055 | EV-ADAM-070 | EV-ADAM-071 | EV-ADAM-080 | EV-ADAM-081 | EV-ADAM-082 | EV-ADAM-090 | EV-ADAM-091 | EV-ADAM-099,RQ-ADAM-001 | RQ-ADAM-002 | RQ-ADAM-003 | RQ-ADAM-004 | RQ-ADAM-005 | RQ-ADAM-006 | RQ-ADAM-020 | RQ-ADAM-009 | RQ-ADAM-010 | RQ-ADAM-011 | RQ-ADAM-012 | RQ-ADAM-013 | RQ-ADAM-014 | RQ-ADAM-015 | RQ-ADAM-016 | RQ-ADAM-017 | RQ-ADAM-018 | RQ-ADAM-019 | RQ-ADAM-025 | RQ-ADAM-026 | RQ-ADAM-027 | RQ-ADAM-028 | RQ-ADAM-029 | RQ-ADAM-030 | RQ-ADAM-032,,,,,
adam_report_candidate_ab3b49bd2652518c5644696e,ecd55c860e9f458931578651,SRC-HISTORY-MUNTAZAM-ADAM,12406,shamela://local/5ac170a3045185ccf78e81ebd473cafb8069279b898836fd768c78de76a3d8e5/book/12406/volume/1/page/197?database_sha256=c0a44e43dc6d655a4d5725fc88aafb8ad0077e0ec2e8214f6c0dec6e9f4e31ab&segment_id=176,EARLY_REPORT_CANDIDATE,PRE_BOUNDARY_OR_NOT_APPLICABLE,WAHB_IBN_MUNABBIH,CANDIDATE_PREFIX_EXTRACTED,4,EV-ADAM-001 | EV-ADAM-002 | EV-ADAM-003 | EV-ADAM-004 | EV-ADAM-005 | EV-ADAM-006 | EV-ADAM-007 | EV-ADAM-020 | EV-ADAM-021 | EV-ADAM-022 | EV-ADAM-023 | EV-ADAM-024 | EV-ADAM-030 | EV-ADAM-031 | EV-ADAM-032 | EV-ADAM-033 | EV-ADAM-040 | EV-ADAM-041 | EV-ADAM-042 | EV-ADAM-050 | EV-ADAM-051 | EV-ADAM-052 | EV-ADAM-053 | EV-ADAM-054 | EV-ADAM-055 | EV-ADAM-070 | EV-ADAM-071 | EV-ADAM-080 | EV-ADAM-081 | EV-ADAM-082 | EV-ADAM-090 | EV-ADAM-091 | EV-ADAM-099,RQ-ADAM-001 | RQ-ADAM-002 | RQ-ADAM-003 | RQ-ADAM-004 | RQ-ADAM-005 | RQ-ADAM-006 | RQ-ADAM-020 | RQ-ADAM-009 | RQ-ADAM-010 | RQ-ADAM-011 | RQ-ADAM-012 | RQ-ADAM-013 | RQ-ADAM-014 | RQ-ADAM-015 | RQ-ADAM-016 | RQ-ADAM-017 | RQ-ADAM-018 | RQ-ADAM-019 | RQ-ADAM-025 | RQ-ADAM-026 | RQ-ADAM-027 | RQ-ADAM-028 | RQ-ADAM-029 | RQ-ADAM-030 | RQ-ADAM-032,,,,,
adam_report_candidate_04f14d4ec52ad33b6c3ea9cf,ecd55c860e9f458931578651,SRC-HISTORY-MUNTAZAM-ADAM,12406,shamela://local/5ac170a3045185ccf78e81ebd473cafb8069279b898836fd768c78de76a3d8e5/book/12406/volume/1/page/197?database_sha256=c0a44e43dc6d655a4d5725fc88aafb8ad0077e0ec2e8214f6c0dec6e9f4e31ab&segment_id=176,PROPHETIC_HADITH_CANDIDATE,PRE_BOUNDARY_OR_NOT_APPLICABLE,WAHB_IBN_MUNABBIH,CANDIDATE_PREFIX_EXTRACTED,10,EV-ADAM-001 | EV-ADAM-002 | EV-ADAM-003 | EV-ADAM-004 | EV-ADAM-005 | EV-ADAM-006 | EV-ADAM-007 | EV-ADAM-020 | EV-ADAM-021 | EV-ADAM-022 | EV-ADAM-023 | EV-ADAM-024 | EV-ADAM-030 | EV-ADAM-031 | EV-ADAM-032 | EV-ADAM-033 | EV-ADAM-040 | EV-ADAM-041 | EV-ADAM-042 | EV-ADAM-050 | EV-ADAM-051 | EV-ADAM-052 | EV-ADAM-053 | EV-ADAM-054 | EV-ADAM-055 | EV-ADAM-070 | EV-ADAM-071 | EV-ADAM-080 | EV-ADAM-081 | EV-ADAM-082 | EV-ADAM-090 | EV-ADAM-091 | EV-ADAM-099,RQ-ADAM-001 | RQ-ADAM-002 | RQ-ADAM-003 | RQ-ADAM-004 | RQ-ADAM-005 | RQ-ADAM-006 | RQ-ADAM-020 | RQ-ADAM-009 | RQ-ADAM-010 | RQ-ADAM-011 | RQ-ADAM-012 | RQ-ADAM-013 | RQ-ADAM-014 | RQ-ADAM-015 | RQ-ADAM-016 | RQ-ADAM-017 | RQ-ADAM-018 | RQ-ADAM-019 | RQ-ADAM-025 | RQ-ADAM-026 | RQ-ADAM-027 | RQ-ADAM-028 | RQ-ADAM-029 | RQ-ADAM-030 | RQ-ADAM-032,,,,,
adam_report_candidate_fd0aea77fd1507550fa196ba,ecd55c860e9f458931578651,SRC-HISTORY-MUNTAZAM-ADAM,12406,shamela://local/5ac170a3045185ccf78e81ebd473cafb8069279b898836fd768c78de76a3d8e5/book/12406/volume/1/page/198?database_sha256=c0a44e43dc6d655a4d5725fc88aafb8ad0077e0ec2e8214f6c0dec6e9f4e31ab&segment_id=177,EARLY_REPORT_CANDIDATE,PRE_BOUNDARY_OR_NOT_APPLICABLE,WAHB_IBN_MUNABBIH,NO_ISNAD_PREFIX_DETECTED,5,EV-ADAM-001 | EV-ADAM-002 | EV-ADAM-003 | EV-ADAM-004 | EV-ADAM-005 | EV-ADAM-006 | EV-ADAM-007 | EV-ADAM-020 | EV-ADAM-021 | EV-ADAM-022 | EV-ADAM-023 | EV-ADAM-024 | EV-ADAM-030 | EV-ADAM-031 | EV-ADAM-032 | EV-ADAM-033 | EV-ADAM-040 | EV-ADAM-041 | EV-ADAM-042 | EV-ADAM-050 | EV-ADAM-051 | EV-ADAM-052 | EV-ADAM-053 | EV-ADAM-054 | EV-ADAM-055 | EV-ADAM-070 | EV-ADAM-071 | EV-ADAM-080 | EV-ADAM-081 | EV-ADAM-082 | EV-ADAM-090 | EV-ADAM-091 | EV-ADAM-099,RQ-ADAM-001 | RQ-ADAM-002 | RQ-ADAM-003 | RQ-ADAM-004 | RQ-ADAM-005 | RQ-ADAM-006 | RQ-ADAM-020 | RQ-ADAM-009 | RQ-ADAM-010 | RQ-ADAM-011 | RQ-ADAM-012 | RQ-ADAM-013 | RQ-ADAM-014 | RQ-ADAM-015 | RQ-ADAM-016 | RQ-ADAM-017 | RQ-ADAM-018 | RQ-ADAM-019 | RQ-ADAM-025 | RQ-ADAM-026 | RQ-ADAM-027 | RQ-ADAM-028 | RQ-ADAM-029 | RQ-ADAM-030 | RQ-ADAM-032,,,,,
adam_report_candidate_f362c36f8e731c9b0dc0bdd2,ecd55c860e9f458931578651,SRC-HISTORY-MUNTAZAM-ADAM,12406,shamela://local/5ac170a3045185ccf78e81ebd473cafb8069279b898836fd768c78de76a3d8e5/book/12406/volume/1/page/199?database_sha256=c0a44e43dc6d655a4d5725fc88aafb8ad0077e0ec2e8214f6c0dec6e9f4e31ab&segment_id=178,EARLY_REPORT_CANDIDATE,PRE_BOUNDARY_OR_NOT_APPLICABLE,WAHB_IBN_MUNABBIH,NO_ISNAD_PREFIX_DETECTED,4,EV-ADAM-001 | EV-ADAM-002 | EV-ADAM-003 | EV-ADAM-004 | EV-ADAM-005 | EV-ADAM-006 | EV-ADAM-007 | EV-ADAM-020 | EV-ADAM-021 | EV-ADAM-022 | EV-ADAM-023 | EV-ADAM-024 | EV-ADAM-030 | EV-ADAM-031 | EV-ADAM-032 | EV-ADAM-033 | EV-ADAM-040 | EV-ADAM-041 | EV-ADAM-042 | EV-ADAM-050 | EV-ADAM-051 | EV-ADAM-052 | EV-ADAM-053 | EV-ADAM-054 | EV-ADAM-055 | EV-ADAM-070 | EV-ADAM-071 | EV-ADAM-080 | EV-ADAM-081 | EV-ADAM-082 | EV-ADAM-090 | EV-ADAM-091 | EV-ADAM-099,RQ-ADAM-001 | RQ-ADAM-002 | RQ-ADAM-003 | RQ-ADAM-004 | RQ-ADAM-005 | RQ-ADAM-006 | RQ-ADAM-020 | RQ-ADAM-009 | RQ-ADAM-010 | RQ-ADAM-011 | RQ-ADAM-012 | RQ-ADAM-013 | RQ-ADAM-014 | RQ-ADAM-015 | RQ-ADAM-016 | RQ-ADAM-017 | RQ-ADAM-018 | RQ-ADAM-019 | RQ-ADAM-025 | RQ-ADAM-026 | RQ-ADAM-027 | RQ-ADAM-028 | RQ-ADAM-029 | RQ-ADAM-030 | RQ-ADAM-032,,,,,
adam_report_candidate_105b0fb3a891c168fcc496d4,ecd55c860e9f458931578651,SRC-HISTORY-MUNTAZAM-ADAM,12406,shamela://local/5ac170a3045185ccf78e81ebd473cafb8069279b898836fd768c78de76a3d8e5/book/12406/volume/1/page/199?database_sha256=c0a44e43dc6d655a4d5725fc88aafb8ad0077e0ec2e8214f6c0dec6e9f4e31ab&segment_id=178,PROPHETIC_HADITH_CANDIDATE,PRE_BOUNDARY_OR_NOT_APPLICABLE,WAHB_IBN_MUNABBIH,CANDIDATE_PREFIX_EXTRACTED,10,EV-ADAM-001 | EV-ADAM-002 | EV-ADAM-003 | EV-ADAM-004 | EV-ADAM-005 | EV-ADAM-006 | EV-ADAM-007 | EV-ADAM-020 | EV-ADAM-021 | EV-ADAM-022 | EV-ADAM-023 | EV-ADAM-024 | EV-ADAM-030 | EV-ADAM-031 | EV-ADAM-032 | EV-ADAM-033 | EV-ADAM-040 | EV-ADAM-041 | EV-ADAM-042 | EV-ADAM-050 | EV-ADAM-051 | EV-ADAM-052 | EV-ADAM-053 | EV-ADAM-054 | EV-ADAM-055 | EV-ADAM-070 | EV-ADAM-071 | EV-ADAM-080 | EV-ADAM-081 | EV-ADAM-082 | EV-ADAM-090 | EV-ADAM-091 | EV-ADAM-099,RQ-ADAM-001 | RQ-ADAM-002 | RQ-ADAM-003 | RQ-ADAM-004 | RQ-ADAM-005 | RQ-ADAM-006 | RQ-ADAM-020 | RQ-ADAM-009 | RQ-ADAM-010 | RQ-ADAM-011 | RQ-ADAM-012 | RQ-ADAM-013 | RQ-ADAM-014 | RQ-ADAM-015 | RQ-ADAM-016 | RQ-ADAM-017 | RQ-ADAM-018 | RQ-ADAM-019 | RQ-ADAM-025 | RQ-ADAM-026 | RQ-ADAM-027 | RQ-ADAM-028 | RQ-ADAM-029 | RQ-ADAM-030 | RQ-ADAM-032,,,,,
adam_report_candidate_69ac2cd9cf0b0c07fbf66ac0,ecd55c860e9f458931578651,SRC-HISTORY-MUNTAZAM-ADAM,12406,shamela://local/5ac170a3045185ccf78e81ebd473cafb8069279b898836fd768c78de76a3d8e5/book/12406/volume/1/page/199?database_sha256=c0a44e43dc6d655a4d5725fc88aafb8ad0077e0ec2e8214f6c0dec6e9f4e31ab&segment_id=178,PROPHETIC_HADITH_CANDIDATE,PRE_BOUNDARY_OR_NOT_APPLICABLE,WAHB_IBN_MUNABBIH,CANDIDATE_PREFIX_EXTRACTED,10,EV-ADAM-001 | EV-ADAM-002 | EV-ADAM-003 | EV-ADAM-004 | EV-ADAM-005 | EV-ADAM-006 | EV-ADAM-007 | EV-ADAM-020 | EV-ADAM-021 | EV-ADAM-022 | EV-ADAM-023 | EV-ADAM-024 | EV-ADAM-030 | EV-ADAM-031 | EV-ADAM-032 | EV-ADAM-033 | EV-ADAM-040 | EV-ADAM-041 | EV-ADAM-042 | EV-ADAM-050 | EV-ADAM-051 | EV-ADAM-052 | EV-ADAM-053 | EV-ADAM-054 | EV-ADAM-055 | EV-ADAM-070 | EV-ADAM-071 | EV-ADAM-080 | EV-ADAM-081 | EV-ADAM-082 | EV-ADAM-090 | EV-ADAM-091 | EV-ADAM-099,RQ-ADAM-001 | RQ-ADAM-002 | RQ-ADAM-003 | RQ-ADAM-004 | RQ-ADAM-005 | RQ-ADAM-006 | RQ-ADAM-020 | RQ-ADAM-009 | RQ-ADAM-010 | RQ-ADAM-011 | RQ-ADAM-012 | RQ-ADAM-013 | RQ-ADAM-014 | RQ-ADAM-015 | RQ-ADAM-016 | RQ-ADAM-017 | RQ-ADAM-018 | RQ-ADAM-019 | RQ-ADAM-025 | RQ-ADAM-026 | RQ-ADAM-027 | RQ-ADAM-028 | RQ-ADAM-029 | RQ-ADAM-030 | RQ-ADAM-032,,,,,
adam_report_candidate_9c05219ce21ecc383fcc6138,ecd55c860e9f458931578651,SRC-HISTORY-MUNTAZAM-ADAM,12406,shamela://local/5ac170a3045185ccf78e81ebd473cafb8069279b898836fd768c78de76a3d8e5/book/12406/volume/1/page/200?database_sha256=c0a44e43dc6d655a4d5725fc88aafb8ad0077e0ec2e8214f6c0dec6e9f4e31ab&segment_id=179,EARLY_REPORT_CANDIDATE,PRE_BOUNDARY_OR_NOT_APPLICABLE,WAHB_IBN_MUNABBIH,NO_ISNAD_PREFIX_DETECTED,5,EV-ADAM-001 | EV-ADAM-002 | EV-ADAM-003 | EV-ADAM-004 | EV-ADAM-005 | EV-ADAM-006 | EV-ADAM-007 | EV-ADAM-020 | EV-ADAM-021 | EV-ADAM-022 | EV-ADAM-023 | EV-ADAM-024 | EV-ADAM-030 | EV-ADAM-031 | EV-ADAM-032 | EV-ADAM-033 | EV-ADAM-040 | EV-ADAM-041 | EV-ADAM-042 | EV-ADAM-050 | EV-ADAM-051 | EV-ADAM-052 | EV-ADAM-053 | EV-ADAM-054 | EV-ADAM-055 | EV-ADAM-070 | EV-ADAM-071 | EV-ADAM-080 | EV-ADAM-081 | EV-ADAM-082 | EV-ADAM-090 | EV-ADAM-091 | EV-ADAM-099,RQ-ADAM-001 | RQ-ADAM-002 | RQ-ADAM-003 | RQ-ADAM-004 | RQ-ADAM-005 | RQ-ADAM-006 | RQ-ADAM-020 | RQ-ADAM-009 | RQ-ADAM-010 | RQ-ADAM-011 | RQ-ADAM-012 | RQ-ADAM-013 | RQ-ADAM-014 | RQ-ADAM-015 | RQ-ADAM-016 | RQ-ADAM-017 | RQ-ADAM-018 | RQ-ADAM-019 | RQ-ADAM-025 | RQ-ADAM-026 | RQ-ADAM-027 | RQ-ADAM-028 | RQ-ADAM-029 | RQ-ADAM-030 | RQ-ADAM-032,,,,,
adam_report_candidate_bbcee0b0c2d6cb6e40af9fc5,ecd55c860e9f458931578651,SRC-HISTORY-MUNTAZAM-ADAM,12406,shamela://local/5ac170a3045185ccf78e81ebd473cafb8069279b898836fd768c78de76a3d8e5/book/12406/volume/1/page/200?database_sha256=c0a44e43dc6d655a4d5725fc88aafb8ad0077e0ec2e8214f6c0dec6e9f4e31ab&segment_id=179,PROPHETIC_HADITH_CANDIDATE,PRE_BOUNDARY_OR_NOT_APPLICABLE,WAHB_IBN_MUNABBIH,CANDIDATE_PREFIX_EXTRACTED,2,EV-ADAM-001 | EV-ADAM-002 | EV-ADAM-003 | EV-ADAM-004 | EV-ADAM-005 | EV-ADAM-006 | EV-ADAM-007 | EV-ADAM-020 | EV-ADAM-021 | EV-ADAM-022 | EV-ADAM-023 | EV-ADAM-024 | EV-ADAM-030 | EV-ADAM-031 | EV-ADAM-032 | EV-ADAM-033 | EV-ADAM-040 | EV-ADAM-041 | EV-ADAM-042 | EV-ADAM-050 | EV-ADAM-051 | EV-ADAM-052 | EV-ADAM-053 | EV-ADAM-054 | EV-ADAM-055 | EV-ADAM-070 | EV-ADAM-071 | EV-ADAM-080 | EV-ADAM-081 | EV-ADAM-082 | EV-ADAM-090 | EV-ADAM-091 | EV-ADAM-099,RQ-ADAM-001 | RQ-ADAM-002 | RQ-ADAM-003 | RQ-ADAM-004 | RQ-ADAM-005 | RQ-ADAM-006 | RQ-ADAM-020 | RQ-ADAM-009 | RQ-ADAM-010 | RQ-ADAM-011 | RQ-ADAM-012 | RQ-ADAM-013 | RQ-ADAM-014 | RQ-ADAM-015 | RQ-ADAM-016 | RQ-ADAM-017 | RQ-ADAM-018 | RQ-ADAM-019 | RQ-ADAM-025 | RQ-ADAM-026 | RQ-ADAM-027 | RQ-ADAM-028 | RQ-ADAM-029 | RQ-ADAM-030 | RQ-ADAM-032,,,,,
adam_report_candidate_6a41f0d816f698e458d06530,ecd55c860e9f458931578651,SRC-HISTORY-MUNTAZAM-ADAM,12406,shamela://local/5ac170a3045185ccf78e81ebd473cafb8069279b898836fd768c78de76a3d8e5/book/12406/volume/1/page/201?database_sha256=c0a44e43dc6d655a4d5725fc88aafb8ad0077e0ec2e8214f6c0dec6e9f4e31ab&segment_id=180,UNCLASSIFIED_SOURCE_PASSAGE_CANDIDATE,PRE_BOUNDARY_OR_NOT_APPLICABLE,WAHB_IBN_MUNABBIH,NO_ISNAD_PREFIX_DETECTED,0,EV-ADAM-001 | EV-ADAM-002 | EV-ADAM-003 | EV-ADAM-004 | EV-ADAM-005 | EV-ADAM-006 | EV-ADAM-007 | EV-ADAM-020 | EV-ADAM-021 | EV-ADAM-022 | EV-ADAM-023 | EV-ADAM-024 | EV-ADAM-030 | EV-ADAM-031 | EV-ADAM-032 | EV-ADAM-033 | EV-ADAM-040 | EV-ADAM-041 | EV-ADAM-042 | EV-ADAM-050 | EV-ADAM-051 | EV-ADAM-052 | EV-ADAM-053 | EV-ADAM-054 | EV-ADAM-055 | EV-ADAM-070 | EV-ADAM-071 | EV-ADAM-080 | EV-ADAM-081 | EV-ADAM-082 | EV-ADAM-090 | EV-ADAM-091 | EV-ADAM-099,RQ-ADAM-001 | RQ-ADAM-002 | RQ-ADAM-003 | RQ-ADAM-004 | RQ-ADAM-005 | RQ-ADAM-006 | RQ-ADAM-020 | RQ-ADAM-009 | RQ-ADAM-010 | RQ-ADAM-011 | RQ-ADAM-012 | RQ-ADAM-013 | RQ-ADAM-014 | RQ-ADAM-015 | RQ-ADAM-016 | RQ-ADAM-017 | RQ-ADAM-018 | RQ-ADAM-019 | RQ-ADAM-025 | RQ-ADAM-026 | RQ-ADAM-027 | RQ-ADAM-028 | RQ-ADAM-029 | RQ-ADAM-030 | RQ-ADAM-032,,,,,
adam_report_candidate_71f9462903b4c4fd9c1e746c,ecd55c860e9f458931578651,SRC-HISTORY-MUNTAZAM-ADAM,12406,shamela://local/5ac170a3045185ccf78e81ebd473cafb8069279b898836fd768c78de76a3d8e5/book/12406/volume/1/page/201?database_sha256=c0a44e43dc6d655a4d5725fc88aafb8ad0077e0ec2e8214f6c0dec6e9f4e31ab&segment_id=180,EARLY_REPORT_CANDIDATE,PRE_BOUNDARY_OR_NOT_APPLICABLE,WAHB_IBN_MUNABBIH,NO_ISNAD_PREFIX_DETECTED,1,EV-ADAM-001 | EV-ADAM-002 | EV-ADAM-003 | EV-ADAM-004 | EV-ADAM-005 | EV-ADAM-006 | EV-ADAM-007 | EV-ADAM-020 | EV-ADAM-021 | EV-ADAM-022 | EV-ADAM-023 | EV-ADAM-024 | EV-ADAM-030 | EV-ADAM-031 | EV-ADAM-032 | EV-ADAM-033 | EV-ADAM-040 | EV-ADAM-041 | EV-ADAM-042 | EV-ADAM-050 | EV-ADAM-051 | EV-ADAM-052 | EV-ADAM-053 | EV-ADAM-054 | EV-ADAM-055 | EV-ADAM-070 | EV-ADAM-071 | EV-ADAM-080 | EV-ADAM-081 | EV-ADAM-082 | EV-ADAM-090 | EV-ADAM-091 | EV-ADAM-099,RQ-ADAM-001 | RQ-ADAM-002 | RQ-ADAM-003 | RQ-ADAM-004 | RQ-ADAM-005 | RQ-ADAM-006 | RQ-ADAM-020 | RQ-ADAM-009 | RQ-ADAM-010 | RQ-ADAM-011 | RQ-ADAM-012 | RQ-ADAM-013 | RQ-ADAM-014 | RQ-ADAM-015 | RQ-ADAM-016 | RQ-ADAM-017 | RQ-ADAM-018 | RQ-ADAM-019 | RQ-ADAM-025 | RQ-ADAM-026 | RQ-ADAM-027 | RQ-ADAM-028 | RQ-ADAM-029 | RQ-ADAM-030 | RQ-ADAM-032,,,,,
adam_report_candidate_9cc5576da86b7659335168ad,ecd55c860e9f458931578651,SRC-HISTORY-MUNTAZAM-ADAM,12406,shamela://local/5ac170a3045185ccf78e81ebd473cafb8069279b898836fd768c78de76a3d8e5/book/12406/volume/1/page/201?database_sha256=c0a44e43dc6d655a4d5725fc88aafb8ad0077e0ec2e8214f6c0dec6e9f4e31ab&segment_id=180,UNCLASSIFIED_SOURCE_PASSAGE_CANDIDATE,PRE_BOUNDARY_OR_NOT_APPLICABLE,WAHB_IBN_MUNABBIH,NO_ISNAD_PREFIX_DETECTED,0,EV-ADAM-001 | EV-ADAM-002 | EV-ADAM-003 | EV-ADAM-004 | EV-ADAM-005 | EV-ADAM-006 | EV-ADAM-007 | EV-ADAM-020 | EV-ADAM-021 | EV-ADAM-022 | EV-ADAM-023 | EV-ADAM-024 | EV-ADAM-030 | EV-ADAM-031 | EV-ADAM-032 | EV-ADAM-033 | EV-ADAM-040 | EV-ADAM-041 | EV-ADAM-042 | EV-ADAM-050 | EV-ADAM-051 | EV-ADAM-052 | EV-ADAM-053 | EV-ADAM-054 | EV-ADAM-055 | EV-ADAM-070 | EV-ADAM-071 | EV-ADAM-080 | EV-ADAM-081 | EV-ADAM-082 | EV-ADAM-090 | EV-ADAM-091 | EV-ADAM-099,RQ-ADAM-001 | RQ-ADAM-002 | RQ-ADAM-003 | RQ-ADAM-004 | RQ-ADAM-005 | RQ-ADAM-006 | RQ-ADAM-020 | RQ-ADAM-009 | RQ-ADAM-010 | RQ-ADAM-011 | RQ-ADAM-012 | RQ-ADAM-013 | RQ-ADAM-014 | RQ-ADAM-015 | RQ-ADAM-016 | RQ-ADAM-017 | RQ-ADAM-018 | RQ-ADAM-019 | RQ-ADAM-025 | RQ-ADAM-026 | RQ-ADAM-027 | RQ-ADAM-028 | RQ-ADAM-029 | RQ-ADAM-030 | RQ-ADAM-032,,,,,
adam_report_candidate_31b3c0f65ebff1199c46cb54,ecd55c860e9f458931578651,SRC-HISTORY-MUNTAZAM-ADAM,12406,shamela://local/5ac170a3045185ccf78e81ebd473cafb8069279b898836fd768c78de76a3d8e5/book/12406/volume/1/page/201?database_sha256=c0a44e43dc6d655a4d5725fc88aafb8ad0077e0ec2e8214f6c0dec6e9f4e31ab&segment_id=180,EARLY_REPORT_CANDIDATE,PRE_BOUNDARY_OR_NOT_APPLICABLE,WAHB_IBN_MUNABBIH,CANDIDATE_PREFIX_EXTRACTED,6,EV-ADAM-001 | EV-ADAM-002 | EV-ADAM-003 | EV-ADAM-004 | EV-ADAM-005 | EV-ADAM-006 | EV-ADAM-007 | EV-ADAM-020 | EV-ADAM-021 | EV-ADAM-022 | EV-ADAM-023 | EV-ADAM-024 | EV-ADAM-030 | EV-ADAM-031 | EV-ADAM-032 | EV-ADAM-033 | EV-ADAM-040 | EV-ADAM-041 | EV-ADAM-042 | EV-ADAM-050 | EV-ADAM-051 | EV-ADAM-052 | EV-ADAM-053 | EV-ADAM-054 | EV-ADAM-055 | EV-ADAM-070 | EV-ADAM-071 | EV-ADAM-080 | EV-ADAM-081 | EV-ADAM-082 | EV-ADAM-090 | EV-ADAM-091 | EV-ADAM-099,RQ-ADAM-001 | RQ-ADAM-002 | RQ-ADAM-003 | RQ-ADAM-004 | RQ-ADAM-005 | RQ-ADAM-006 | RQ-ADAM-020 | RQ-ADAM-009 | RQ-ADAM-010 | RQ-ADAM-011 | RQ-ADAM-012 | RQ-ADAM-013 | RQ-ADAM-014 | RQ-ADAM-015 | RQ-ADAM-016 | RQ-ADAM-017 | RQ-ADAM-018 | RQ-ADAM-019 | RQ-ADAM-025 | RQ-ADAM-026 | RQ-ADAM-027 | RQ-ADAM-028 | RQ-ADAM-029 | RQ-ADAM-030 | RQ-ADAM-032,,,,,
adam_report_candidate_4d7fdc16eefd0fe155f8bfc5,ecd55c860e9f458931578651,SRC-HISTORY-MUNTAZAM-ADAM,12406,shamela://local/5ac170a3045185ccf78e81ebd473cafb8069279b898836fd768c78de76a3d8e5/book/12406/volume/1/page/201?database_sha256=c0a44e43dc6d655a4d5725fc88aafb8ad0077e0ec2e8214f6c0dec6e9f4e31ab&segment_id=180,PROPHETIC_HADITH_CANDIDATE,PRE_BOUNDARY_OR_NOT_APPLICABLE,WAHB_IBN_MUNABBIH,CANDIDATE_PREFIX_EXTRACTED,8,EV-ADAM-001 | EV-ADAM-002 | EV-ADAM-003 | EV-ADAM-004 | EV-ADAM-005 | EV-ADAM-006 | EV-ADAM-007 | EV-ADAM-020 | EV-ADAM-021 | EV-ADAM-022 | EV-ADAM-023 | EV-ADAM-024 | EV-ADAM-030 | EV-ADAM-031 | EV-ADAM-032 | EV-ADAM-033 | EV-ADAM-040 | EV-ADAM-041 | EV-ADAM-042 | EV-ADAM-050 | EV-ADAM-051 | EV-ADAM-052 | EV-ADAM-053 | EV-ADAM-054 | EV-ADAM-055 | EV-ADAM-070 | EV-ADAM-071 | EV-ADAM-080 | EV-ADAM-081 | EV-ADAM-082 | EV-ADAM-090 | EV-ADAM-091 | EV-ADAM-099,RQ-ADAM-001 | RQ-ADAM-002 | RQ-ADAM-003 | RQ-ADAM-004 | RQ-ADAM-005 | RQ-ADAM-006 | RQ-ADAM-020 | RQ-ADAM-009 | RQ-ADAM-010 | RQ-ADAM-011 | RQ-ADAM-012 | RQ-ADAM-013 | RQ-ADAM-014 | RQ-ADAM-015 | RQ-ADAM-016 | RQ-ADAM-017 | RQ-ADAM-018 | RQ-ADAM-019 | RQ-ADAM-025 | RQ-ADAM-026 | RQ-ADAM-027 | RQ-ADAM-028 | RQ-ADAM-029 | RQ-ADAM-030 | RQ-ADAM-032,,,,,
adam_report_candidate_d5dfecefb3a01b1144456ed2,ecd55c860e9f458931578651,SRC-HISTORY-MUNTAZAM-ADAM,12406,shamela://local/5ac170a3045185ccf78e81ebd473cafb8069279b898836fd768c78de76a3d8e5/book/12406/volume/1/page/202?database_sha256=c0a44e43dc6d655a4d5725fc88aafb8ad0077e0ec2e8214f6c0dec6e9f4e31ab&segment_id=181,UNCLASSIFIED_SOURCE_PASSAGE_CANDIDATE,PRE_BOUNDARY_OR_NOT_APPLICABLE,WAHB_IBN_MUNABBIH,NO_ISNAD_PREFIX_DETECTED,0,EV-ADAM-001 | EV-ADAM-002 | EV-ADAM-003 | EV-ADAM-004 | EV-ADAM-005 | EV-ADAM-006 | EV-ADAM-007 | EV-ADAM-020 | EV-ADAM-021 | EV-ADAM-022 | EV-ADAM-023 | EV-ADAM-024 | EV-ADAM-030 | EV-ADAM-031 | EV-ADAM-032 | EV-ADAM-033 | EV-ADAM-040 | EV-ADAM-041 | EV-ADAM-042 | EV-ADAM-050 | EV-ADAM-051 | EV-ADAM-052 | EV-ADAM-053 | EV-ADAM-054 | EV-ADAM-055 | EV-ADAM-070 | EV-ADAM-071 | EV-ADAM-080 | EV-ADAM-081 | EV-ADAM-082 | EV-ADAM-090 | EV-ADAM-091 | EV-ADAM-099,RQ-ADAM-001 | RQ-ADAM-002 | RQ-ADAM-003 | RQ-ADAM-004 | RQ-ADAM-005 | RQ-ADAM-006 | RQ-ADAM-020 | RQ-ADAM-009 | RQ-ADAM-010 | RQ-ADAM-011 | RQ-ADAM-012 | RQ-ADAM-013 | RQ-ADAM-014 | RQ-ADAM-015 | RQ-ADAM-016 | RQ-ADAM-017 | RQ-ADAM-018 | RQ-ADAM-019 | RQ-ADAM-025 | RQ-ADAM-026 | RQ-ADAM-027 | RQ-ADAM-028 | RQ-ADAM-029 | RQ-ADAM-030 | RQ-ADAM-032,,,,,
adam_report_candidate_cdcab1064ef16b2999860efa,ecd55c860e9f458931578651,SRC-HISTORY-MUNTAZAM-ADAM,12406,shamela://local/5ac170a3045185ccf78e81ebd473cafb8069279b898836fd768c78de76a3d8e5/book/12406/volume/1/page/202?database_sha256=c0a44e43dc6d655a4d5725fc88aafb8ad0077e0ec2e8214f6c0dec6e9f4e31ab&segment_id=181,PROPHETIC_HADITH_CANDIDATE,PRE_BOUNDARY_OR_NOT_APPLICABLE,WAHB_IBN_MUNABBIH,CANDIDATE_PREFIX_EXTRACTED,10,EV-ADAM-001 | EV-ADAM-002 | EV-ADAM-003 | EV-ADAM-004 | EV-ADAM-005 | EV-ADAM-006 | EV-ADAM-007 | EV-ADAM-020 | EV-ADAM-021 | EV-ADAM-022 | EV-ADAM-023 | EV-ADAM-024 | EV-ADAM-030 | EV-ADAM-031 | EV-ADAM-032 | EV-ADAM-033 | EV-ADAM-040 | EV-ADAM-041 | EV-ADAM-042 | EV-ADAM-050 | EV-ADAM-051 | EV-ADAM-052 | EV-ADAM-053 | EV-ADAM-054 | EV-ADAM-055 | EV-ADAM-070 | EV-ADAM-071 | EV-ADAM-080 | EV-ADAM-081 | EV-ADAM-082 | EV-ADAM-090 | EV-ADAM-091 | EV-ADAM-099,RQ-ADAM-001 | RQ-ADAM-002 | RQ-ADAM-003 | RQ-ADAM-004 | RQ-ADAM-005 | RQ-ADAM-006 | RQ-ADAM-020 | RQ-ADAM-009 | RQ-ADAM-010 | RQ-ADAM-011 | RQ-ADAM-012 | RQ-ADAM-013 | RQ-ADAM-014 | RQ-ADAM-015 | RQ-ADAM-016 | RQ-ADAM-017 | RQ-ADAM-018 | RQ-ADAM-019 | RQ-ADAM-025 | RQ-ADAM-026 | RQ-ADAM-027 | RQ-ADAM-028 | RQ-ADAM-029 | RQ-ADAM-030 | RQ-ADAM-032,,,,,
adam_report_candidate_fb6d62d963741c2e8678d5d1,ecd55c860e9f458931578651,SRC-HISTORY-MUNTAZAM-ADAM,12406,shamela://local/5ac170a3045185ccf78e81ebd473cafb8069279b898836fd768c78de76a3d8e5/book/12406/volume/1/page/203?database_sha256=c0a44e43dc6d655a4d5725fc88aafb8ad0077e0ec2e8214f6c0dec6e9f4e31ab&segment_id=182,EARLY_REPORT_CANDIDATE,PRE_BOUNDARY_OR_NOT_APPLICABLE,WAHB_IBN_MUNABBIH,NO_ISNAD_PREFIX_DETECTED,1,EV-ADAM-001 | EV-ADAM-002 | EV-ADAM-003 | EV-ADAM-004 | EV-ADAM-005 | EV-ADAM-006 | EV-ADAM-007 | EV-ADAM-020 | EV-ADAM-021 | EV-ADAM-022 | EV-ADAM-023 | EV-ADAM-024 | EV-ADAM-030 | EV-ADAM-031 | EV-ADAM-032 | EV-ADAM-033 | EV-ADAM-040 | EV-ADAM-041 | EV-ADAM-042 | EV-ADAM-050 | EV-ADAM-051 | EV-ADAM-052 | EV-ADAM-053 | EV-ADAM-054 | EV-ADAM-055 | EV-ADAM-070 | EV-ADAM-071 | EV-ADAM-080 | EV-ADAM-081 | EV-ADAM-082 | EV-ADAM-090 | EV-ADAM-091 | EV-ADAM-099,RQ-ADAM-001 | RQ-ADAM-002 | RQ-ADAM-003 | RQ-ADAM-004 | RQ-ADAM-005 | RQ-ADAM-006 | RQ-ADAM-020 | RQ-ADAM-009 | RQ-ADAM-010 | RQ-ADAM-011 | RQ-ADAM-012 | RQ-ADAM-013 | RQ-ADAM-014 | RQ-ADAM-015 | RQ-ADAM-016 | RQ-ADAM-017 | RQ-ADAM-018 | RQ-ADAM-019 | RQ-ADAM-025 | RQ-ADAM-026 | RQ-ADAM-027 | RQ-ADAM-028 | RQ-ADAM-029 | RQ-ADAM-030 | RQ-ADAM-032,,,,,
adam_report_candidate_ab1f58de83d34ba3c20dcfa7,ecd55c860e9f458931578651,SRC-HISTORY-MUNTAZAM-ADAM,12406,shamela://local/5ac170a3045185ccf78e81ebd473cafb8069279b898836fd768c78de76a3d8e5/book/12406/volume/1/page/203?database_sha256=c0a44e43dc6d655a4d5725fc88aafb8ad0077e0ec2e8214f6c0dec6e9f4e31ab&segment_id=182,EARLY_REPORT_CANDIDATE,PRE_BOUNDARY_OR_NOT_APPLICABLE,WAHB_IBN_MUNABBIH,CANDIDATE_PREFIX_EXTRACTED,8,EV-ADAM-001 | EV-ADAM-002 | EV-ADAM-003 | EV-ADAM-004 | EV-ADAM-005 | EV-ADAM-006 | EV-ADAM-007 | EV-ADAM-020 | EV-ADAM-021 | EV-ADAM-022 | EV-ADAM-023 | EV-ADAM-024 | EV-ADAM-030 | EV-ADAM-031 | EV-ADAM-032 | EV-ADAM-033 | EV-ADAM-040 | EV-ADAM-041 | EV-ADAM-042 | EV-ADAM-050 | EV-ADAM-051 | EV-ADAM-052 | EV-ADAM-053 | EV-ADAM-054 | EV-ADAM-055 | EV-ADAM-070 | EV-ADAM-071 | EV-ADAM-080 | EV-ADAM-081 | EV-ADAM-082 | EV-ADAM-090 | EV-ADAM-091 | EV-ADAM-099,RQ-ADAM-001 | RQ-ADAM-002 | RQ-ADAM-003 | RQ-ADAM-004 | RQ-ADAM-005 | RQ-ADAM-006 | RQ-ADAM-020 | RQ-ADAM-009 | RQ-ADAM-010 | RQ-ADAM-011 | RQ-ADAM-012 | RQ-ADAM-013 | RQ-ADAM-014 | RQ-ADAM-015 | RQ-ADAM-016 | RQ-ADAM-017 | RQ-ADAM-018 | RQ-ADAM-019 | RQ-ADAM-025 | RQ-ADAM-026 | RQ-ADAM-027 | RQ-ADAM-028 | RQ-ADAM-029 | RQ-ADAM-030 | RQ-ADAM-032,,,,,
adam_report_candidate_b1fced71d835673b3e9b5d78,ecd55c860e9f458931578651,SRC-HISTORY-MUNTAZAM-ADAM,12406,shamela://local/5ac170a3045185ccf78e81ebd473cafb8069279b898836fd768c78de76a3d8e5/book/12406/volume/1/page/204?database_sha256=c0a44e43dc6d655a4d5725fc88aafb8ad0077e0ec2e8214f6c0dec6e9f4e31ab&segment_id=183,UNCLASSIFIED_SOURCE_PASSAGE_CANDIDATE,PRE_BOUNDARY_OR_NOT_APPLICABLE,WAHB_IBN_MUNABBIH,NO_ISNAD_PREFIX_DETECTED,0,EV-ADAM-001 | EV-ADAM-002 | EV-ADAM-003 | EV-ADAM-004 | EV-ADAM-005 | EV-ADAM-006 | EV-ADAM-007 | EV-ADAM-020 | EV-ADAM-021 | EV-ADAM-022 | EV-ADAM-023 | EV-ADAM-024 | EV-ADAM-030 | EV-ADAM-031 | EV-ADAM-032 | EV-ADAM-033 | EV-ADAM-040 | EV-ADAM-041 | EV-ADAM-042 | EV-ADAM-050 | EV-ADAM-051 | EV-ADAM-052 | EV-ADAM-053 | EV-ADAM-054 | EV-ADAM-055 | EV-ADAM-070 | EV-ADAM-071 | EV-ADAM-080 | EV-ADAM-081 | EV-ADAM-082 | EV-ADAM-090 | EV-ADAM-091 | EV-ADAM-099,RQ-ADAM-001 | RQ-ADAM-002 | RQ-ADAM-003 | RQ-ADAM-004 | RQ-ADAM-005 | RQ-ADAM-006 | RQ-ADAM-020 | RQ-ADAM-009 | RQ-ADAM-010 | RQ-ADAM-011 | RQ-ADAM-012 | RQ-ADAM-013 | RQ-ADAM-014 | RQ-ADAM-015 | RQ-ADAM-016 | RQ-ADAM-017 | RQ-ADAM-018 | RQ-ADAM-019 | RQ-ADAM-025 | RQ-ADAM-026 | RQ-ADAM-027 | RQ-ADAM-028 | RQ-ADAM-029 | RQ-ADAM-030 | RQ-ADAM-032,,,,,
adam_report_candidate_34f4197bd69582a4aa415bbd,ecd55c860e9f458931578651,SRC-HISTORY-MUNTAZAM-ADAM,12406,shamela://local/5ac170a3045185ccf78e81ebd473cafb8069279b898836fd768c78de76a3d8e5/book/12406/volume/1/page/204?database_sha256=c0a44e43dc6d655a4d5725fc88aafb8ad0077e0ec2e8214f6c0dec6e9f4e31ab&segment_id=183,UNCLASSIFIED_SOURCE_PASSAGE_CANDIDATE,PRE_BOUNDARY_OR_NOT_APPLICABLE,WAHB_IBN_MUNABBIH,NO_ISNAD_PREFIX_DETECTED,0,EV-ADAM-001 | EV-ADAM-002 | EV-ADAM-003 | EV-ADAM-004 | EV-ADAM-005 | EV-ADAM-006 | EV-ADAM-007 | EV-ADAM-020 | EV-ADAM-021 | EV-ADAM-022 | EV-ADAM-023 | EV-ADAM-024 | EV-ADAM-030 | EV-ADAM-031 | EV-ADAM-032 | EV-ADAM-033 | EV-ADAM-040 | EV-ADAM-041 | EV-ADAM-042 | EV-ADAM-050 | EV-ADAM-051 | EV-ADAM-052 | EV-ADAM-053 | EV-ADAM-054 | EV-ADAM-055 | EV-ADAM-070 | EV-ADAM-071 | EV-ADAM-080 | EV-ADAM-081 | EV-ADAM-082 | EV-ADAM-090 | EV-ADAM-091 | EV-ADAM-099,RQ-ADAM-001 | RQ-ADAM-002 | RQ-ADAM-003 | RQ-ADAM-004 | RQ-ADAM-005 | RQ-ADAM-006 | RQ-ADAM-020 | RQ-ADAM-009 | RQ-ADAM-010 | RQ-ADAM-011 | RQ-ADAM-012 | RQ-ADAM-013 | RQ-ADAM-014 | RQ-ADAM-015 | RQ-ADAM-016 | RQ-ADAM-017 | RQ-ADAM-018 | RQ-ADAM-019 | RQ-ADAM-025 | RQ-ADAM-026 | RQ-ADAM-027 | RQ-ADAM-028 | RQ-ADAM-029 | RQ-ADAM-030 | RQ-ADAM-032,,,,,
adam_report_candidate_e0dd55efc16d43a8235cc228,ecd55c860e9f458931578651,SRC-HISTORY-MUNTAZAM-ADAM,12406,shamela://local/5ac170a3045185ccf78e81ebd473cafb8069279b898836fd768c78de76a3d8e5/book/12406/volume/1/page/204?database_sha256=c0a44e43dc6d655a4d5725fc88aafb8ad0077e0ec2e8214f6c0dec6e9f4e31ab&segment_id=183,EARLY_REPORT_CANDIDATE,PRE_BOUNDARY_OR_NOT_APPLICABLE,WAHB_IBN_MUNABBIH,NO_ISNAD_PREFIX_DETECTED,1,EV-ADAM-001 | EV-ADAM-002 | EV-ADAM-003 | EV-ADAM-004 | EV-ADAM-005 | EV-ADAM-006 | EV-ADAM-007 | EV-ADAM-020 | EV-ADAM-021 | EV-ADAM-022 | EV-ADAM-023 | EV-ADAM-024 | EV-ADAM-030 | EV-ADAM-031 | EV-ADAM-032 | EV-ADAM-033 | EV-ADAM-040 | EV-ADAM-041 | EV-ADAM-042 | EV-ADAM-050 | EV-ADAM-051 | EV-ADAM-052 | EV-ADAM-053 | EV-ADAM-054 | EV-ADAM-055 | EV-ADAM-070 | EV-ADAM-071 | EV-ADAM-080 | EV-ADAM-081 | EV-ADAM-082 | EV-ADAM-090 | EV-ADAM-091 | EV-ADAM-099,RQ-ADAM-001 | RQ-ADAM-002 | RQ-ADAM-003 | RQ-ADAM-004 | RQ-ADAM-005 | RQ-ADAM-006 | RQ-ADAM-020 | RQ-ADAM-009 | RQ-ADAM-010 | RQ-ADAM-011 | RQ-ADAM-012 | RQ-ADAM-013 | RQ-ADAM-014 | RQ-ADAM-015 | RQ-ADAM-016 | RQ-ADAM-017 | RQ-ADAM-018 | RQ-ADAM-019 | RQ-ADAM-025 | RQ-ADAM-026 | RQ-ADAM-027 | RQ-ADAM-028 | RQ-ADAM-029 | RQ-ADAM-030 | RQ-ADAM-032,,,,,
adam_report_candidate_f56bdfae86460f461dcc84a4,ecd55c860e9f458931578651,SRC-HISTORY-MUNTAZAM-ADAM,12406,shamela://local/5ac170a3045185ccf78e81ebd473cafb8069279b898836fd768c78de76a3d8e5/book/12406/volume/1/page/205?database_sha256=c0a44e43dc6d655a4d5725fc88aafb8ad0077e0ec2e8214f6c0dec6e9f4e31ab&segment_id=184,UNCLASSIFIED_SOURCE_PASSAGE_CANDIDATE,PRE_BOUNDARY_OR_NOT_APPLICABLE,WAHB_IBN_MUNABBIH,NO_ISNAD_PREFIX_DETECTED,0,EV-ADAM-001 | EV-ADAM-002 | EV-ADAM-003 | EV-ADAM-004 | EV-ADAM-005 | EV-ADAM-006 | EV-ADAM-007 | EV-ADAM-020 | EV-ADAM-021 | EV-ADAM-022 | EV-ADAM-023 | EV-ADAM-024 | EV-ADAM-030 | EV-ADAM-031 | EV-ADAM-032 | EV-ADAM-033 | EV-ADAM-040 | EV-ADAM-041 | EV-ADAM-042 | EV-ADAM-050 | EV-ADAM-051 | EV-ADAM-052 | EV-ADAM-053 | EV-ADAM-054 | EV-ADAM-055 | EV-ADAM-070 | EV-ADAM-071 | EV-ADAM-080 | EV-ADAM-081 | EV-ADAM-082 | EV-ADAM-090 | EV-ADAM-091 | EV-ADAM-099,RQ-ADAM-001 | RQ-ADAM-002 | RQ-ADAM-003 | RQ-ADAM-004 | RQ-ADAM-005 | RQ-ADAM-006 | RQ-ADAM-020 | RQ-ADAM-009 | RQ-ADAM-010 | RQ-ADAM-011 | RQ-ADAM-012 | RQ-ADAM-013 | RQ-ADAM-014 | RQ-ADAM-015 | RQ-ADAM-016 | RQ-ADAM-017 | RQ-ADAM-018 | RQ-ADAM-019 | RQ-ADAM-025 | RQ-ADAM-026 | RQ-ADAM-027 | RQ-ADAM-028 | RQ-ADAM-029 | RQ-ADAM-030 | RQ-ADAM-032,,,,,
adam_report_candidate_fed4e80107235f50bdd67f08,ecd55c860e9f458931578651,SRC-HISTORY-MUNTAZAM-ADAM,12406,shamela://local/5ac170a3045185ccf78e81ebd473cafb8069279b898836fd768c78de76a3d8e5/book/12406/volume/1/page/205?database_sha256=c0a44e43dc6d655a4d5725fc88aafb8ad0077e0ec2e8214f6c0dec6e9f4e31ab&segment_id=184,EARLY_REPORT_CANDIDATE,MIXED_BOUNDARY_PRE_SECTION,WAHB_IBN_MUNABBIH,NO_ISNAD_PREFIX_DETECTED,1,EV-ADAM-001 | EV-ADAM-002 | EV-ADAM-003 | EV-ADAM-004 | EV-ADAM-005 | EV-ADAM-006 | EV-ADAM-007 | EV-ADAM-020 | EV-ADAM-021 | EV-ADAM-022 | EV-ADAM-023 | EV-ADAM-024 | EV-ADAM-030 | EV-ADAM-031 | EV-ADAM-032 | EV-ADAM-033 | EV-ADAM-040 | EV-ADAM-041 | EV-ADAM-042 | EV-ADAM-050 | EV-ADAM-051 | EV-ADAM-052 | EV-ADAM-053 | EV-ADAM-054 | EV-ADAM-055 | EV-ADAM-070 | EV-ADAM-071 | EV-ADAM-080 | EV-ADAM-081 | EV-ADAM-082 | EV-ADAM-090 | EV-ADAM-091 | EV-ADAM-099,RQ-ADAM-001 | RQ-ADAM-002 | RQ-ADAM-003 | RQ-ADAM-004 | RQ-ADAM-005 | RQ-ADAM-006 | RQ-ADAM-020 | RQ-ADAM-009 | RQ-ADAM-010 | RQ-ADAM-011 | RQ-ADAM-012 | RQ-ADAM-013 | RQ-ADAM-014 | RQ-ADAM-015 | RQ-ADAM-016 | RQ-ADAM-017 | RQ-ADAM-018 | RQ-ADAM-019 | RQ-ADAM-025 | RQ-ADAM-026 | RQ-ADAM-027 | RQ-ADAM-028 | RQ-ADAM-029 | RQ-ADAM-030 | RQ-ADAM-032,,,,,
adam_report_candidate_7fdcf7078e975a3a781cb269,0e1709a891b6cda7ead9c4e7,SRC-HISTORY-MUNTAZAM-ADAM,12406,shamela://local/5ac170a3045185ccf78e81ebd473cafb8069279b898836fd768c78de76a3d8e5/book/12406/volume/1/page/169?database_sha256=c0a44e43dc6d655a4d5725fc88aafb8ad0077e0ec2e8214f6c0dec6e9f4e31ab&segment_id=148,UNCLASSIFIED_SOURCE_PASSAGE_CANDIDATE,PRE_BOUNDARY_OR_NOT_APPLICABLE,KAB_AL_AHBAR | WAHB_IBN_MUNABBIH,NO_ISNAD_PREFIX_DETECTED,0,EV-ADAM-001 | EV-ADAM-002 | EV-ADAM-003 | EV-ADAM-004 | EV-ADAM-005 | EV-ADAM-006 | EV-ADAM-007 | EV-ADAM-050 | EV-ADAM-051 | EV-ADAM-052 | EV-ADAM-053 | EV-ADAM-054 | EV-ADAM-055,RQ-ADAM-001 | RQ-ADAM-002 | RQ-ADAM-003 | RQ-ADAM-004 | RQ-ADAM-005 | RQ-ADAM-006 | RQ-ADAM-020 | RQ-ADAM-017 | RQ-ADAM-018 | RQ-ADAM-019,,,,,
adam_report_candidate_8a1fa14e7207e5dd70e3038a,0e1709a891b6cda7ead9c4e7,SRC-HISTORY-MUNTAZAM-ADAM,12406,shamela://local/5ac170a3045185ccf78e81ebd473cafb8069279b898836fd768c78de76a3d8e5/book/12406/volume/1/page/169?database_sha256=c0a44e43dc6d655a4d5725fc88aafb8ad0077e0ec2e8214f6c0dec6e9f4e31ab&segment_id=148,UNCLASSIFIED_SOURCE_PASSAGE_CANDIDATE,PRE_BOUNDARY_OR_NOT_APPLICABLE,KAB_AL_AHBAR | WAHB_IBN_MUNABBIH,NO_ISNAD_PREFIX_DETECTED,0,EV-ADAM-001 | EV-ADAM-002 | EV-ADAM-003 | EV-ADAM-004 | EV-ADAM-005 | EV-ADAM-006 | EV-ADAM-007 | EV-ADAM-050 | EV-ADAM-051 | EV-ADAM-052 | EV-ADAM-053 | EV-ADAM-054 | EV-ADAM-055,RQ-ADAM-001 | RQ-ADAM-002 | RQ-ADAM-003 | RQ-ADAM-004 | RQ-ADAM-005 | RQ-ADAM-006 | RQ-ADAM-020 | RQ-ADAM-017 | RQ-ADAM-018 | RQ-ADAM-019,,,,,
adam_report_candidate_2bc5605153f338b5961cc12c,0e1709a891b6cda7ead9c4e7,SRC-HISTORY-MUNTAZAM-ADAM,12406,shamela://local/5ac170a3045185ccf78e81ebd473cafb8069279b898836fd768c78de76a3d8e5/book/12406/volume/1/page/169?database_sha256=c0a44e43dc6d655a4d5725fc88aafb8ad0077e0ec2e8214f6c0dec6e9f4e31ab&segment_id=148,PROPHETIC_HADITH_CANDIDATE,PRE_BOUNDARY_OR_NOT_APPLICABLE,KAB_AL_AHBAR | WAHB_IBN_MUNABBIH,CANDIDATE_PREFIX_EXTRACTED,2,EV-ADAM-001 | EV-ADAM-002 | EV-ADAM-003 | EV-ADAM-004 | EV-ADAM-005 | EV-ADAM-006 | EV-ADAM-007 | EV-ADAM-050 | EV-ADAM-051 | EV-ADAM-052 | EV-ADAM-053 | EV-ADAM-054 | EV-ADAM-055,RQ-ADAM-001 | RQ-ADAM-002 | RQ-ADAM-003 | RQ-ADAM-004 | RQ-ADAM-005 | RQ-ADAM-006 | RQ-ADAM-020 | RQ-ADAM-017 | RQ-ADAM-018 | RQ-ADAM-019,,,,,
adam_report_candidate_cdd770e4b507a0837e4f6dd1,0e1709a891b6cda7ead9c4e7,SRC-HISTORY-MUNTAZAM-ADAM,12406,shamela://local/5ac170a3045185ccf78e81ebd473cafb8069279b898836fd768c78de76a3d8e5/book/12406/volume/1/page/170?database_sha256=c0a44e43dc6d655a4d5725fc88aafb8ad0077e0ec2e8214f6c0dec6e9f4e31ab&segment_id=149,PROPHETIC_HADITH_CANDIDATE,PRE_BOUNDARY_OR_NOT_APPLICABLE,KAB_AL_AHBAR | WAHB_IBN_MUNABBIH,CANDIDATE_PREFIX_EXTRACTED,6,EV-ADAM-001 | EV-ADAM-002 | EV-ADAM-003 | EV-ADAM-004 | EV-ADAM-005 | EV-ADAM-006 | EV-ADAM-007 | EV-ADAM-050 | EV-ADAM-051 | EV-ADAM-052 | EV-ADAM-053 | EV-ADAM-054 | EV-ADAM-055,RQ-ADAM-001 | RQ-ADAM-002 | RQ-ADAM-003 | RQ-ADAM-004 | RQ-ADAM-005 | RQ-ADAM-006 | RQ-ADAM-020 | RQ-ADAM-017 | RQ-ADAM-018 | RQ-ADAM-019,,,,,
adam_report_candidate_212598f48c3cc9d20fc4b619,0e1709a891b6cda7ead9c4e7,SRC-HISTORY-MUNTAZAM-ADAM,12406,shamela://local/5ac170a3045185ccf78e81ebd473cafb8069279b898836fd768c78de76a3d8e5/book/12406/volume/1/page/170?database_sha256=c0a44e43dc6d655a4d5725fc88aafb8ad0077e0ec2e8214f6c0dec6e9f4e31ab&segment_id=149,PROPHETIC_HADITH_CANDIDATE,PRE_BOUNDARY_OR_NOT_APPLICABLE,KAB_AL_AHBAR | WAHB_IBN_MUNABBIH,CANDIDATE_PREFIX_EXTRACTED,2,EV-ADAM-001 | EV-ADAM-002 | EV-ADAM-003 | EV-ADAM-004 | EV-ADAM-005 | EV-ADAM-006 | EV-ADAM-007 | EV-ADAM-050 | EV-ADAM-051 | EV-ADAM-052 | EV-ADAM-053 | EV-ADAM-054 | EV-ADAM-055,RQ-ADAM-001 | RQ-ADAM-002 | RQ-ADAM-003 | RQ-ADAM-004 | RQ-ADAM-005 | RQ-ADAM-006 | RQ-ADAM-020 | RQ-ADAM-017 | RQ-ADAM-018 | RQ-ADAM-019,,,,,
adam_report_candidate_45a995eae7eb2d7c99bd1c3d,0e1709a891b6cda7ead9c4e7,SRC-HISTORY-MUNTAZAM-ADAM,12406,shamela://local/5ac170a3045185ccf78e81ebd473cafb8069279b898836fd768c78de76a3d8e5/book/12406/volume/1/page/171?database_sha256=c0a44e43dc6d655a4d5725fc88aafb8ad0077e0ec2e8214f6c0dec6e9f4e31ab&segment_id=150,UNCLASSIFIED_SOURCE_PASSAGE_CANDIDATE,PRE_BOUNDARY_OR_NOT_APPLICABLE,KAB_AL_AHBAR | WAHB_IBN_MUNABBIH,NO_ISNAD_PREFIX_DETECTED,0,EV-ADAM-001 | EV-ADAM-002 | EV-ADAM-003 | EV-ADAM-004 | EV-ADAM-005 | EV-ADAM-006 | EV-ADAM-007 | EV-ADAM-050 | EV-ADAM-051 | EV-ADAM-052 | EV-ADAM-053 | EV-ADAM-054 | EV-ADAM-055,RQ-ADAM-001 | RQ-ADAM-002 | RQ-ADAM-003 | RQ-ADAM-004 | RQ-ADAM-005 | RQ-ADAM-006 | RQ-ADAM-020 | RQ-ADAM-017 | RQ-ADAM-018 | RQ-ADAM-019,,,,,
adam_report_candidate_87528a6a86f544838c4c780c,0e1709a891b6cda7ead9c4e7,SRC-HISTORY-MUNTAZAM-ADAM,12406,shamela://local/5ac170a3045185ccf78e81ebd473cafb8069279b898836fd768c78de76a3d8e5/book/12406/volume/1/page/172?database_sha256=c0a44e43dc6d655a4d5725fc88aafb8ad0077e0ec2e8214f6c0dec6e9f4e31ab&segment_id=151,UNCLASSIFIED_SOURCE_PASSAGE_CANDIDATE,PRE_BOUNDARY_OR_NOT_APPLICABLE,KAB_AL_AHBAR | WAHB_IBN_MUNABBIH,NO_ISNAD_PREFIX_DETECTED,0,EV-ADAM-001 | EV-ADAM-002 | EV-ADAM-003 | EV-ADAM-004 | EV-ADAM-005 | EV-ADAM-006 | EV-ADAM-007 | EV-ADAM-050 | EV-ADAM-051 | EV-ADAM-052 | EV-ADAM-053 | EV-ADAM-054 | EV-ADAM-055,RQ-ADAM-001 | RQ-ADAM-002 | RQ-ADAM-003 | RQ-ADAM-004 | RQ-ADAM-005 | RQ-ADAM-006 | RQ-ADAM-020 | RQ-ADAM-017 | RQ-ADAM-018 | RQ-ADAM-019,,,,,
adam_report_candidate_6a4155392f8f6b479ac8af0a,0e1709a891b6cda7ead9c4e7,SRC-HISTORY-MUNTAZAM-ADAM,12406,shamela://local/5ac170a3045185ccf78e81ebd473cafb8069279b898836fd768c78de76a3d8e5/book/12406/volume/1/page/173?database_sha256=c0a44e43dc6d655a4d5725fc88aafb8ad0077e0ec2e8214f6c0dec6e9f4e31ab&segment_id=152,EARLY_REPORT_CANDIDATE,PRE_BOUNDARY_OR_NOT_APPLICABLE,KAB_AL_AHBAR | WAHB_IBN_MUNABBIH,NO_ISNAD_PREFIX_DETECTED,1,EV-ADAM-001 | EV-ADAM-002 | EV-ADAM-003 | EV-ADAM-004 | EV-ADAM-005 | EV-ADAM-006 | EV-ADAM-007 | EV-ADAM-050 | EV-ADAM-051 | EV-ADAM-052 | EV-ADAM-053 | EV-ADAM-054 | EV-ADAM-055,RQ-ADAM-001 | RQ-ADAM-002 | RQ-ADAM-003 | RQ-ADAM-004 | RQ-ADAM-005 | RQ-ADAM-006 | RQ-ADAM-020 | RQ-ADAM-017 | RQ-ADAM-018 | RQ-ADAM-019,,,,,
adam_report_candidate_d112fb664404e330daccbfa7,0e1709a891b6cda7ead9c4e7,SRC-HISTORY-MUNTAZAM-ADAM,12406,shamela://local/5ac170a3045185ccf78e81ebd473cafb8069279b898836fd768c78de76a3d8e5/book/12406/volume/1/page/174?database_sha256=c0a44e43dc6d655a4d5725fc88aafb8ad0077e0ec2e8214f6c0dec6e9f4e31ab&segment_id=153,EARLY_REPORT_CANDIDATE,PRE_BOUNDARY_OR_NOT_APPLICABLE,KAB_AL_AHBAR | WAHB_IBN_MUNABBIH,NO_ISNAD_PREFIX_DETECTED,5,EV-ADAM-001 | EV-ADAM-002 | EV-ADAM-003 | EV-ADAM-004 | EV-ADAM-005 | EV-ADAM-006 | EV-ADAM-007 | EV-ADAM-050 | EV-ADAM-051 | EV-ADAM-052 | EV-ADAM-053 | EV-ADAM-054 | EV-ADAM-055,RQ-ADAM-001 | RQ-ADAM-002 | RQ-ADAM-003 | RQ-ADAM-004 | RQ-ADAM-005 | RQ-ADAM-006 | RQ-ADAM-020 | RQ-ADAM-017 | RQ-ADAM-018 | RQ-ADAM-019,,,,,
adam_report_candidate_48953680ee6df305fdc32da4,0e1709a891b6cda7ead9c4e7,SRC-HISTORY-MUNTAZAM-ADAM,12406,shamela://local/5ac170a3045185ccf78e81ebd473cafb8069279b898836fd768c78de76a3d8e5/book/12406/volume/1/page/174?database_sha256=c0a44e43dc6d655a4d5725fc88aafb8ad0077e0ec2e8214f6c0dec6e9f4e31ab&segment_id=153,PROPHETIC_HADITH_CANDIDATE,PRE_BOUNDARY_OR_NOT_APPLICABLE,KAB_AL_AHBAR | WAHB_IBN_MUNABBIH,CANDIDATE_PREFIX_EXTRACTED,5,EV-ADAM-001 | EV-ADAM-002 | EV-ADAM-003 | EV-ADAM-004 | EV-ADAM-005 | EV-ADAM-006 | EV-ADAM-007 | EV-ADAM-050 | EV-ADAM-051 | EV-ADAM-052 | EV-ADAM-053 | EV-ADAM-054 | EV-ADAM-055,RQ-ADAM-001 | RQ-ADAM-002 | RQ-ADAM-003 | RQ-ADAM-004 | RQ-ADAM-005 | RQ-ADAM-006 | RQ-ADAM-020 | RQ-ADAM-017 | RQ-ADAM-018 | RQ-ADAM-019,,,,,
adam_report_candidate_df116b83d306ee23e036da55,0e1709a891b6cda7ead9c4e7,SRC-HISTORY-MUNTAZAM-ADAM,12406,shamela://local/5ac170a3045185ccf78e81ebd473cafb8069279b898836fd768c78de76a3d8e5/book/12406/volume/1/page/174?database_sha256=c0a44e43dc6d655a4d5725fc88aafb8ad0077e0ec2e8214f6c0dec6e9f4e31ab&segment_id=153,EARLY_REPORT_CANDIDATE,PRE_BOUNDARY_OR_NOT_APPLICABLE,KAB_AL_AHBAR | WAHB_IBN_MUNABBIH,NO_ISNAD_PREFIX_DETECTED,1,EV-ADAM-001 | EV-ADAM-002 | EV-ADAM-003 | EV-ADAM-004 | EV-ADAM-005 | EV-ADAM-006 | EV-ADAM-007 | EV-ADAM-050 | EV-ADAM-051 | EV-ADAM-052 | EV-ADAM-053 | EV-ADAM-054 | EV-ADAM-055,RQ-ADAM-001 | RQ-ADAM-002 | RQ-ADAM-003 | RQ-ADAM-004 | RQ-ADAM-005 | RQ-ADAM-006 | RQ-ADAM-020 | RQ-ADAM-017 | RQ-ADAM-018 | RQ-ADAM-019,,,,,
adam_report_candidate_55f2ad6d9253e1780e12364c,0e1709a891b6cda7ead9c4e7,SRC-HISTORY-MUNTAZAM-ADAM,12406,shamela://local/5ac170a3045185ccf78e81ebd473cafb8069279b898836fd768c78de76a3d8e5/book/12406/volume/1/page/174?database_sha256=c0a44e43dc6d655a4d5725fc88aafb8ad0077e0ec2e8214f6c0dec6e9f4e31ab&segment_id=153,EARLY_REPORT_CANDIDATE,PRE_BOUNDARY_OR_NOT_APPLICABLE,KAB_AL_AHBAR | WAHB_IBN_MUNABBIH,NO_ISNAD_PREFIX_DETECTED,1,EV-ADAM-001 | EV-ADAM-002 | EV-ADAM-003 | EV-ADAM-004 | EV-ADAM-005 | EV-ADAM-006 | EV-ADAM-007 | EV-ADAM-050 | EV-ADAM-051 | EV-ADAM-052 | EV-ADAM-053 | EV-ADAM-054 | EV-ADAM-055,RQ-ADAM-001 | RQ-ADAM-002 | RQ-ADAM-003 | RQ-ADAM-004 | RQ-ADAM-005 | RQ-ADAM-006 | RQ-ADAM-020 | RQ-ADAM-017 | RQ-ADAM-018 | RQ-ADAM-019,,,,,
adam_report_candidate_3f9032c5f21bff8df0bf1d37,0e1709a891b6cda7ead9c4e7,SRC-HISTORY-MUNTAZAM-ADAM,12406,shamela://local/5ac170a3045185ccf78e81ebd473cafb8069279b898836fd768c78de76a3d8e5/book/12406/volume/1/page/174?database_sha256=c0a44e43dc6d655a4d5725fc88aafb8ad0077e0ec2e8214f6c0dec6e9f4e31ab&segment_id=153,EARLY_REPORT_CANDIDATE,PRE_BOUNDARY_OR_NOT_APPLICABLE,KAB_AL_AHBAR | WAHB_IBN_MUNABBIH,CANDIDATE_PREFIX_EXTRACTED,3,EV-ADAM-001 | EV-ADAM-002 | EV-ADAM-003 | EV-ADAM-004 | EV-ADAM-005 | EV-ADAM-006 | EV-ADAM-007 | EV-ADAM-050 | EV-ADAM-051 | EV-ADAM-052 | EV-ADAM-053 | EV-ADAM-054 | EV-ADAM-055,RQ-ADAM-001 | RQ-ADAM-002 | RQ-ADAM-003 | RQ-ADAM-004 | RQ-ADAM-005 | RQ-ADAM-006 | RQ-ADAM-020 | RQ-ADAM-017 | RQ-ADAM-018 | RQ-ADAM-019,,,,,
adam_report_candidate_a6310fd0884a08d234fa0184,0e1709a891b6cda7ead9c4e7,SRC-HISTORY-MUNTAZAM-ADAM,12406,shamela://local/5ac170a3045185ccf78e81ebd473cafb8069279b898836fd768c78de76a3d8e5/book/12406/volume/1/page/175?database_sha256=c0a44e43dc6d655a4d5725fc88aafb8ad0077e0ec2e8214f6c0dec6e9f4e31ab&segment_id=154,EARLY_REPORT_CANDIDATE,PRE_BOUNDARY_OR_NOT_APPLICABLE,KAB_AL_AHBAR | WAHB_IBN_MUNABBIH,NO_ISNAD_PREFIX_DETECTED,2,EV-ADAM-001 | EV-ADAM-002 | EV-ADAM-003 | EV-ADAM-004 | EV-ADAM-005 | EV-ADAM-006 | EV-ADAM-007 | EV-ADAM-050 | EV-ADAM-051 | EV-ADAM-052 | EV-ADAM-053 | EV-ADAM-054 | EV-ADAM-055,RQ-ADAM-001 | RQ-ADAM-002 | RQ-ADAM-003 | RQ-ADAM-004 | RQ-ADAM-005 | RQ-ADAM-006 | RQ-ADAM-020 | RQ-ADAM-017 | RQ-ADAM-018 | RQ-ADAM-019,,,,,
adam_report_candidate_d3e6113f915605be0fa88334,0e1709a891b6cda7ead9c4e7,SRC-HISTORY-MUNTAZAM-ADAM,12406,shamela://local/5ac170a3045185ccf78e81ebd473cafb8069279b898836fd768c78de76a3d8e5/book/12406/volume/1/page/175?database_sha256=c0a44e43dc6d655a4d5725fc88aafb8ad0077e0ec2e8214f6c0dec6e9f4e31ab&segment_id=154,PROPHETIC_HADITH_CANDIDATE,PRE_BOUNDARY_OR_NOT_APPLICABLE,KAB_AL_AHBAR | WAHB_IBN_MUNABBIH,CANDIDATE_PREFIX_EXTRACTED,5,EV-ADAM-001 | EV-ADAM-002 | EV-ADAM-003 | EV-ADAM-004 | EV-ADAM-005 | EV-ADAM-006 | EV-ADAM-007 | EV-ADAM-050 | EV-ADAM-051 | EV-ADAM-052 | EV-ADAM-053 | EV-ADAM-054 | EV-ADAM-055,RQ-ADAM-001 | RQ-ADAM-002 | RQ-ADAM-003 | RQ-ADAM-004 | RQ-ADAM-005 | RQ-ADAM-006 | RQ-ADAM-020 | RQ-ADAM-017 | RQ-ADAM-018 | RQ-ADAM-019,,,,,
adam_report_candidate_1c8f1226dee9bc4faa85ddcb,0e1709a891b6cda7ead9c4e7,SRC-HISTORY-MUNTAZAM-ADAM,12406,shamela://local/5ac170a3045185ccf78e81ebd473cafb8069279b898836fd768c78de76a3d8e5/book/12406/volume/1/page/175?database_sha256=c0a44e43dc6d655a4d5725fc88aafb8ad0077e0ec2e8214f6c0dec6e9f4e31ab&segment_id=154,PROPHETIC_HADITH_CANDIDATE,PRE_BOUNDARY_OR_NOT_APPLICABLE,KAB_AL_AHBAR | WAHB_IBN_MUNABBIH,CANDIDATE_PREFIX_EXTRACTED,1,EV-ADAM-001 | EV-ADAM-002 | EV-ADAM-003 | EV-ADAM-004 | EV-ADAM-005 | EV-ADAM-006 | EV-ADAM-007 | EV-ADAM-050 | EV-ADAM-051 | EV-ADAM-052 | EV-ADAM-053 | EV-ADAM-054 | EV-ADAM-055,RQ-ADAM-001 | RQ-ADAM-002 | RQ-ADAM-003 | RQ-ADAM-004 | RQ-ADAM-005 | RQ-ADAM-006 | RQ-ADAM-020 | RQ-ADAM-017 | RQ-ADAM-018 | RQ-ADAM-019,,,,,
adam_report_candidate_9e02c0eddbebeaa36d2dcea6,0e1709a891b6cda7ead9c4e7,SRC-HISTORY-MUNTAZAM-ADAM,12406,shamela://local/5ac170a3045185ccf78e81ebd473cafb8069279b898836fd768c78de76a3d8e5/book/12406/volume/1/page/176?database_sha256=c0a44e43dc6d655a4d5725fc88aafb8ad0077e0ec2e8214f6c0dec6e9f4e31ab&segment_id=155,UNCLASSIFIED_SOURCE_PASSAGE_CANDIDATE,PRE_BOUNDARY_OR_NOT_APPLICABLE,KAB_AL_AHBAR | WAHB_IBN_MUNABBIH,NO_ISNAD_PREFIX_DETECTED,0,EV-ADAM-001 | EV-ADAM-002 | EV-ADAM-003 | EV-ADAM-004 | EV-ADAM-005 | EV-ADAM-006 | EV-ADAM-007 | EV-ADAM-050 | EV-ADAM-051 | EV-ADAM-052 | EV-ADAM-053 | EV-ADAM-054 | EV-ADAM-055,RQ-ADAM-001 | RQ-ADAM-002 | RQ-ADAM-003 | RQ-ADAM-004 | RQ-ADAM-005 | RQ-ADAM-006 | RQ-ADAM-020 | RQ-ADAM-017 | RQ-ADAM-018 | RQ-ADAM-019,,,,,
adam_report_candidate_ac472607114462d2c146b364,0e1709a891b6cda7ead9c4e7,SRC-HISTORY-MUNTAZAM-ADAM,12406,shamela://local/5ac170a3045185ccf78e81ebd473cafb8069279b898836fd768c78de76a3d8e5/book/12406/volume/1/page/176?database_sha256=c0a44e43dc6d655a4d5725fc88aafb8ad0077e0ec2e8214f6c0dec6e9f4e31ab&segment_id=155,EARLY_REPORT_CANDIDATE,PRE_BOUNDARY_OR_NOT_APPLICABLE,KAB_AL_AHBAR | WAHB_IBN_MUNABBIH,NO_ISNAD_PREFIX_DETECTED,2,EV-ADAM-001 | EV-ADAM-002 | EV-ADAM-003 | EV-ADAM-004 | EV-ADAM-005 | EV-ADAM-006 | EV-ADAM-007 | EV-ADAM-050 | EV-ADAM-051 | EV-ADAM-052 | EV-ADAM-053 | EV-ADAM-054 | EV-ADAM-055,RQ-ADAM-001 | RQ-ADAM-002 | RQ-ADAM-003 | RQ-ADAM-004 | RQ-ADAM-005 | RQ-ADAM-006 | RQ-ADAM-020 | RQ-ADAM-017 | RQ-ADAM-018 | RQ-ADAM-019,,,,,
adam_report_candidate_9fa7f08a068d6f1cae62f5ab,0e1709a891b6cda7ead9c4e7,SRC-HISTORY-MUNTAZAM-ADAM,12406,shamela://local/5ac170a3045185ccf78e81ebd473cafb8069279b898836fd768c78de76a3d8e5/book/12406/volume/1/page/177?database_sha256=c0a44e43dc6d655a4d5725fc88aafb8ad0077e0ec2e8214f6c0dec6e9f4e31ab&segment_id=156,UNCLASSIFIED_SOURCE_PASSAGE_CANDIDATE,PRE_BOUNDARY_OR_NOT_APPLICABLE,KAB_AL_AHBAR | WAHB_IBN_MUNABBIH,NO_ISNAD_PREFIX_DETECTED,0,EV-ADAM-001 | EV-ADAM-002 | EV-ADAM-003 | EV-ADAM-004 | EV-ADAM-005 | EV-ADAM-006 | EV-ADAM-007 | EV-ADAM-050 | EV-ADAM-051 | EV-ADAM-052 | EV-ADAM-053 | EV-ADAM-054 | EV-ADAM-055,RQ-ADAM-001 | RQ-ADAM-002 | RQ-ADAM-003 | RQ-ADAM-004 | RQ-ADAM-005 | RQ-ADAM-006 | RQ-ADAM-020 | RQ-ADAM-017 | RQ-ADAM-018 | RQ-ADAM-019,,,,,
adam_report_candidate_4ee0b33d13dfb070b4a9560e,0e1709a891b6cda7ead9c4e7,SRC-HISTORY-MUNTAZAM-ADAM,12406,shamela://local/5ac170a3045185ccf78e81ebd473cafb8069279b898836fd768c78de76a3d8e5/book/12406/volume/1/page/177?database_sha256=c0a44e43dc6d655a4d5725fc88aafb8ad0077e0ec2e8214f6c0dec6e9f4e31ab&segment_id=156,EARLY_REPORT_CANDIDATE,PRE_BOUNDARY_OR_NOT_APPLICABLE,KAB_AL_AHBAR | WAHB_IBN_MUNABBIH,NO_ISNAD_PREFIX_DETECTED,8,EV-ADAM-001 | EV-ADAM-002 | EV-ADAM-003 | EV-ADAM-004 | EV-ADAM-005 | EV-ADAM-006 | EV-ADAM-007 | EV-ADAM-050 | EV-ADAM-051 | EV-ADAM-052 | EV-ADAM-053 | EV-ADAM-054 | EV-ADAM-055,RQ-ADAM-001 | RQ-ADAM-002 | RQ-ADAM-003 | RQ-ADAM-004 | RQ-ADAM-005 | RQ-ADAM-006 | RQ-ADAM-020 | RQ-ADAM-017 | RQ-ADAM-018 | RQ-ADAM-019,,,,,
adam_report_candidate_2a7481e782e663b4fdc91e6d,0e1709a891b6cda7ead9c4e7,SRC-HISTORY-MUNTAZAM-ADAM,12406,shamela://local/5ac170a3045185ccf78e81ebd473cafb8069279b898836fd768c78de76a3d8e5/book/12406/volume/1/page/177?database_sha256=c0a44e43dc6d655a4d5725fc88aafb8ad0077e0ec2e8214f6c0dec6e9f4e31ab&segment_id=156,EARLY_REPORT_CANDIDATE,PRE_BOUNDARY_OR_NOT_APPLICABLE,KAB_AL_AHBAR | WAHB_IBN_MUNABBIH,CANDIDATE_PREFIX_EXTRACTED,2,EV-ADAM-001 | EV-ADAM-002 | EV-ADAM-003 | EV-ADAM-004 | EV-ADAM-005 | EV-ADAM-006 | EV-ADAM-007 | EV-ADAM-050 | EV-ADAM-051 | EV-ADAM-052 | EV-ADAM-053 | EV-ADAM-054 | EV-ADAM-055,RQ-ADAM-001 | RQ-ADAM-002 | RQ-ADAM-003 | RQ-ADAM-004 | RQ-ADAM-005 | RQ-ADAM-006 | RQ-ADAM-020 | RQ-ADAM-017 | RQ-ADAM-018 | RQ-ADAM-019,,,,,
adam_report_candidate_b409cdf46bb184fb5490a949,0e1709a891b6cda7ead9c4e7,SRC-HISTORY-MUNTAZAM-ADAM,12406,shamela://local/5ac170a3045185ccf78e81ebd473cafb8069279b898836fd768c78de76a3d8e5/book/12406/volume/1/page/178?database_sha256=c0a44e43dc6d655a4d5725fc88aafb8ad0077e0ec2e8214f6c0dec6e9f4e31ab&segment_id=157,EARLY_REPORT_CANDIDATE,PRE_BOUNDARY_OR_NOT_APPLICABLE,KAB_AL_AHBAR | WAHB_IBN_MUNABBIH,NO_ISNAD_PREFIX_DETECTED,6,EV-ADAM-001 | EV-ADAM-002 | EV-ADAM-003 | EV-ADAM-004 | EV-ADAM-005 | EV-ADAM-006 | EV-ADAM-007 | EV-ADAM-050 | EV-ADAM-051 | EV-ADAM-052 | EV-ADAM-053 | EV-ADAM-054 | EV-ADAM-055,RQ-ADAM-001 | RQ-ADAM-002 | RQ-ADAM-003 | RQ-ADAM-004 | RQ-ADAM-005 | RQ-ADAM-006 | RQ-ADAM-020 | RQ-ADAM-017 | RQ-ADAM-018 | RQ-ADAM-019,,,,,
adam_report_candidate_474f183a7ae1f64a3f58409c,0e1709a891b6cda7ead9c4e7,SRC-HISTORY-MUNTAZAM-ADAM,12406,shamela://local/5ac170a3045185ccf78e81ebd473cafb8069279b898836fd768c78de76a3d8e5/book/12406/volume/1/page/178?database_sha256=c0a44e43dc6d655a4d5725fc88aafb8ad0077e0ec2e8214f6c0dec6e9f4e31ab&segment_id=157,EARLY_REPORT_CANDIDATE,PRE_BOUNDARY_OR_NOT_APPLICABLE,KAB_AL_AHBAR | WAHB_IBN_MUNABBIH,CANDIDATE_PREFIX_EXTRACTED,2,EV-ADAM-001 | EV-ADAM-002 | EV-ADAM-003 | EV-ADAM-004 | EV-ADAM-005 | EV-ADAM-006 | EV-ADAM-007 | EV-ADAM-050 | EV-ADAM-051 | EV-ADAM-052 | EV-ADAM-053 | EV-ADAM-054 | EV-ADAM-055,RQ-ADAM-001 | RQ-ADAM-002 | RQ-ADAM-003 | RQ-ADAM-004 | RQ-ADAM-005 | RQ-ADAM-006 | RQ-ADAM-020 | RQ-ADAM-017 | RQ-ADAM-018 | RQ-ADAM-019,,,,,
adam_report_candidate_a936a959cb4ea12d1019af58,0e1709a891b6cda7ead9c4e7,SRC-HISTORY-MUNTAZAM-ADAM,12406,shamela://local/5ac170a3045185ccf78e81ebd473cafb8069279b898836fd768c78de76a3d8e5/book/12406/volume/1/page/178?database_sha256=c0a44e43dc6d655a4d5725fc88aafb8ad0077e0ec2e8214f6c0dec6e9f4e31ab&segment_id=157,EARLY_REPORT_CANDIDATE,PRE_BOUNDARY_OR_NOT_APPLICABLE,KAB_AL_AHBAR | WAHB_IBN_MUNABBIH,CANDIDATE_PREFIX_EXTRACTED,3,EV-ADAM-001 | EV-ADAM-002 | EV-ADAM-003 | EV-ADAM-004 | EV-ADAM-005 | EV-ADAM-006 | EV-ADAM-007 | EV-ADAM-050 | EV-ADAM-051 | EV-ADAM-052 | EV-ADAM-053 | EV-ADAM-054 | EV-ADAM-055,RQ-ADAM-001 | RQ-ADAM-002 | RQ-ADAM-003 | RQ-ADAM-004 | RQ-ADAM-005 | RQ-ADAM-006 | RQ-ADAM-020 | RQ-ADAM-017 | RQ-ADAM-018 | RQ-ADAM-019,,,,,
adam_report_candidate_6dbe2135fdcce2ae21b3e0d2,0e1709a891b6cda7ead9c4e7,SRC-HISTORY-MUNTAZAM-ADAM,12406,shamela://local/5ac170a3045185ccf78e81ebd473cafb8069279b898836fd768c78de76a3d8e5/book/12406/volume/1/page/179?database_sha256=c0a44e43dc6d655a4d5725fc88aafb8ad0077e0ec2e8214f6c0dec6e9f4e31ab&segment_id=158,EARLY_REPORT_CANDIDATE,PRE_BOUNDARY_OR_NOT_APPLICABLE,KAB_AL_AHBAR | WAHB_IBN_MUNABBIH,NO_ISNAD_PREFIX_DETECTED,7,EV-ADAM-001 | EV-ADAM-002 | EV-ADAM-003 | EV-ADAM-004 | EV-ADAM-005 | EV-ADAM-006 | EV-ADAM-007 | EV-ADAM-050 | EV-ADAM-051 | EV-ADAM-052 | EV-ADAM-053 | EV-ADAM-054 | EV-ADAM-055,RQ-ADAM-001 | RQ-ADAM-002 | RQ-ADAM-003 | RQ-ADAM-004 | RQ-ADAM-005 | RQ-ADAM-006 | RQ-ADAM-020 | RQ-ADAM-017 | RQ-ADAM-018 | RQ-ADAM-019,,,,,
adam_report_candidate_b0de94fad7aa1118d15df0fb,0e1709a891b6cda7ead9c4e7,SRC-HISTORY-MUNTAZAM-ADAM,12406,shamela://local/5ac170a3045185ccf78e81ebd473cafb8069279b898836fd768c78de76a3d8e5/book/12406/volume/1/page/179?database_sha256=c0a44e43dc6d655a4d5725fc88aafb8ad0077e0ec2e8214f6c0dec6e9f4e31ab&segment_id=158,PROPHETIC_HADITH_CANDIDATE,PRE_BOUNDARY_OR_NOT_APPLICABLE,KAB_AL_AHBAR | WAHB_IBN_MUNABBIH,CANDIDATE_PREFIX_EXTRACTED,5,EV-ADAM-001 | EV-ADAM-002 | EV-ADAM-003 | EV-ADAM-004 | EV-ADAM-005 | EV-ADAM-006 | EV-ADAM-007 | EV-ADAM-050 | EV-ADAM-051 | EV-ADAM-052 | EV-ADAM-053 | EV-ADAM-054 | EV-ADAM-055,RQ-ADAM-001 | RQ-ADAM-002 | RQ-ADAM-003 | RQ-ADAM-004 | RQ-ADAM-005 | RQ-ADAM-006 | RQ-ADAM-020 | RQ-ADAM-017 | RQ-ADAM-018 | RQ-ADAM-019,,,,,
adam_report_candidate_4aea3b276eadc052c0cd2911,0e1709a891b6cda7ead9c4e7,SRC-HISTORY-MUNTAZAM-ADAM,12406,shamela://local/5ac170a3045185ccf78e81ebd473cafb8069279b898836fd768c78de76a3d8e5/book/12406/volume/1/page/180?database_sha256=c0a44e43dc6d655a4d5725fc88aafb8ad0077e0ec2e8214f6c0dec6e9f4e31ab&segment_id=159,UNCLASSIFIED_SOURCE_PASSAGE_CANDIDATE,PRE_BOUNDARY_OR_NOT_APPLICABLE,KAB_AL_AHBAR | WAHB_IBN_MUNABBIH,NO_ISNAD_PREFIX_DETECTED,0,EV-ADAM-001 | EV-ADAM-002 | EV-ADAM-003 | EV-ADAM-004 | EV-ADAM-005 | EV-ADAM-006 | EV-ADAM-007 | EV-ADAM-050 | EV-ADAM-051 | EV-ADAM-052 | EV-ADAM-053 | EV-ADAM-054 | EV-ADAM-055,RQ-ADAM-001 | RQ-ADAM-002 | RQ-ADAM-003 | RQ-ADAM-004 | RQ-ADAM-005 | RQ-ADAM-006 | RQ-ADAM-020 | RQ-ADAM-017 | RQ-ADAM-018 | RQ-ADAM-019,,,,,
adam_report_candidate_55b5bbd60fa3e047d4d53ee8,0e1709a891b6cda7ead9c4e7,SRC-HISTORY-MUNTAZAM-ADAM,12406,shamela://local/5ac170a3045185ccf78e81ebd473cafb8069279b898836fd768c78de76a3d8e5/book/12406/volume/1/page/181?database_sha256=c0a44e43dc6d655a4d5725fc88aafb8ad0077e0ec2e8214f6c0dec6e9f4e31ab&segment_id=160,EARLY_REPORT_CANDIDATE,PRE_BOUNDARY_OR_NOT_APPLICABLE,KAB_AL_AHBAR | WAHB_IBN_MUNABBIH,NO_ISNAD_PREFIX_DETECTED,5,EV-ADAM-001 | EV-ADAM-002 | EV-ADAM-003 | EV-ADAM-004 | EV-ADAM-005 | EV-ADAM-006 | EV-ADAM-007 | EV-ADAM-050 | EV-ADAM-051 | EV-ADAM-052 | EV-ADAM-053 | EV-ADAM-054 | EV-ADAM-055,RQ-ADAM-001 | RQ-ADAM-002 | RQ-ADAM-003 | RQ-ADAM-004 | RQ-ADAM-005 | RQ-ADAM-006 | RQ-ADAM-020 | RQ-ADAM-017 | RQ-ADAM-018 | RQ-ADAM-019,,,,,
adam_report_candidate_b8aaea9f3f8168845adad757,0e1709a891b6cda7ead9c4e7,SRC-HISTORY-MUNTAZAM-ADAM,12406,shamela://local/5ac170a3045185ccf78e81ebd473cafb8069279b898836fd768c78de76a3d8e5/book/12406/volume/1/page/181?database_sha256=c0a44e43dc6d655a4d5725fc88aafb8ad0077e0ec2e8214f6c0dec6e9f4e31ab&segment_id=160,PROPHETIC_HADITH_CANDIDATE,PRE_BOUNDARY_OR_NOT_APPLICABLE,KAB_AL_AHBAR | WAHB_IBN_MUNABBIH,CANDIDATE_PREFIX_EXTRACTED,7,EV-ADAM-001 | EV-ADAM-002 | EV-ADAM-003 | EV-ADAM-004 | EV-ADAM-005 | EV-ADAM-006 | EV-ADAM-007 | EV-ADAM-050 | EV-ADAM-051 | EV-ADAM-052 | EV-ADAM-053 | EV-ADAM-054 | EV-ADAM-055,RQ-ADAM-001 | RQ-ADAM-002 | RQ-ADAM-003 | RQ-ADAM-004 | RQ-ADAM-005 | RQ-ADAM-006 | RQ-ADAM-020 | RQ-ADAM-017 | RQ-ADAM-018 | RQ-ADAM-019,,,,,
adam_report_candidate_7059400cadb4a56893ae72f1,1d42c69f6a3eec9493266ae0,SRC-HISTORY-MUNTAZAM-ADAM,12406,shamela://local/5ac170a3045185ccf78e81ebd473cafb8069279b898836fd768c78de76a3d8e5/book/12406/volume/2/page/141?database_sha256=c0a44e43dc6d655a4d5725fc88aafb8ad0077e0ec2e8214f6c0dec6e9f4e31ab&segment_id=546,UNCLASSIFIED_SOURCE_PASSAGE_CANDIDATE,PRE_BOUNDARY_OR_NOT_APPLICABLE,,NO_ISNAD_PREFIX_DETECTED,0,,,,,,,
adam_report_candidate_5051b03304b962d54957c072,1d42c69f6a3eec9493266ae0,SRC-HISTORY-MUNTAZAM-ADAM,12406,shamela://local/5ac170a3045185ccf78e81ebd473cafb8069279b898836fd768c78de76a3d8e5/book/12406/volume/2/page/142?database_sha256=c0a44e43dc6d655a4d5725fc88aafb8ad0077e0ec2e8214f6c0dec6e9f4e31ab&segment_id=547,EARLY_REPORT_CANDIDATE,PRE_BOUNDARY_OR_NOT_APPLICABLE,,NO_ISNAD_PREFIX_DETECTED,5,,,,,,,
adam_report_candidate_54f1d87065e32668449bf360,1d42c69f6a3eec9493266ae0,SRC-HISTORY-MUNTAZAM-ADAM,12406,shamela://local/5ac170a3045185ccf78e81ebd473cafb8069279b898836fd768c78de76a3d8e5/book/12406/volume/2/page/142?database_sha256=c0a44e43dc6d655a4d5725fc88aafb8ad0077e0ec2e8214f6c0dec6e9f4e31ab&segment_id=547,EARLY_REPORT_CANDIDATE,PRE_BOUNDARY_OR_NOT_APPLICABLE,,CANDIDATE_PREFIX_EXTRACTED,4,,,,,,,
adam_report_candidate_99280e58fd55981aa6bddc76,1d42c69f6a3eec9493266ae0,SRC-HISTORY-MUNTAZAM-ADAM,12406,shamela://local/5ac170a3045185ccf78e81ebd473cafb8069279b898836fd768c78de76a3d8e5/book/12406/volume/2/page/143?database_sha256=c0a44e43dc6d655a4d5725fc88aafb8ad0077e0ec2e8214f6c0dec6e9f4e31ab&segment_id=548,EARLY_REPORT_CANDIDATE,PRE_BOUNDARY_OR_NOT_APPLICABLE,,NO_ISNAD_PREFIX_DETECTED,6,,,,,,,
adam_report_candidate_85d9ed053cb6ba2faa583644,1d42c69f6a3eec9493266ae0,SRC-HISTORY-MUNTAZAM-ADAM,12406,shamela://local/5ac170a3045185ccf78e81ebd473cafb8069279b898836fd768c78de76a3d8e5/book/12406/volume/2/page/143?database_sha256=c0a44e43dc6d655a4d5725fc88aafb8ad0077e0ec2e8214f6c0dec6e9f4e31ab&segment_id=548,EARLY_REPORT_CANDIDATE,PRE_BOUNDARY_OR_NOT_APPLICABLE,,CANDIDATE_PREFIX_EXTRACTED,7,,,,,,,
adam_report_candidate_825f2878690e5ea98321a46f,1d42c69f6a3eec9493266ae0,SRC-HISTORY-MUNTAZAM-ADAM,12406,shamela://local/5ac170a3045185ccf78e81ebd473cafb8069279b898836fd768c78de76a3d8e5/book/12406/volume/2/page/144?database_sha256=c0a44e43dc6d655a4d5725fc88aafb8ad0077e0ec2e8214f6c0dec6e9f4e31ab&segment_id=549,EARLY_REPORT_CANDIDATE,PRE_BOUNDARY_OR_NOT_APPLICABLE,,NO_ISNAD_PREFIX_DETECTED,2,,,,,,,
adam_report_candidate_919705bed6633bfe3a586f9c,1d42c69f6a3eec9493266ae0,SRC-HISTORY-MUNTAZAM-ADAM,12406,shamela://local/5ac170a3045185ccf78e81ebd473cafb8069279b898836fd768c78de76a3d8e5/book/12406/volume/2/page/144?database_sha256=c0a44e43dc6d655a4d5725fc88aafb8ad0077e0ec2e8214f6c0dec6e9f4e31ab&segment_id=549,PROPHETIC_HADITH_CANDIDATE,PRE_BOUNDARY_OR_NOT_APPLICABLE,,CANDIDATE_PREFIX_EXTRACTED,10,,,,,,,
adam_report_candidate_72414b10ed00814f32db26ef,1d42c69f6a3eec9493266ae0,SRC-HISTORY-MUNTAZAM-ADAM,12406,shamela://local/5ac170a3045185ccf78e81ebd473cafb8069279b898836fd768c78de76a3d8e5/book/12406/volume/2/page/144?database_sha256=c0a44e43dc6d655a4d5725fc88aafb8ad0077e0ec2e8214f6c0dec6e9f4e31ab&segment_id=549,PROPHETIC_HADITH_CANDIDATE,PRE_BOUNDARY_OR_NOT_APPLICABLE,,CANDIDATE_PREFIX_EXTRACTED,4,,,,,,,
adam_report_candidate_81035177e0fa8a729920032f,1d42c69f6a3eec9493266ae0,SRC-HISTORY-MUNTAZAM-ADAM,12406,shamela://local/5ac170a3045185ccf78e81ebd473cafb8069279b898836fd768c78de76a3d8e5/book/12406/volume/2/page/144?database_sha256=c0a44e43dc6d655a4d5725fc88aafb8ad0077e0ec2e8214f6c0dec6e9f4e31ab&segment_id=549,PROPHETIC_HADITH_CANDIDATE,PRE_BOUNDARY_OR_NOT_APPLICABLE,WAHB_IBN_MUNABBIH,CANDIDATE_PREFIX_EXTRACTED,2,,,,,,,
adam_report_candidate_398c32b6b329d326b6ff5d56,1d42c69f6a3eec9493266ae0,SRC-HISTORY-MUNTAZAM-ADAM,12406,shamela://local/5ac170a3045185ccf78e81ebd473cafb8069279b898836fd768c78de76a3d8e5/book/12406/volume/2/page/145?database_sha256=c0a44e43dc6d655a4d5725fc88aafb8ad0077e0ec2e8214f6c0dec6e9f4e31ab&segment_id=550,EARLY_REPORT_CANDIDATE,PRE_BOUNDARY_OR_NOT_APPLICABLE,,NO_ISNAD_PREFIX_DETECTED,7,,,,,,,
adam_report_candidate_e33b4a0becc022d4029357e2,1d42c69f6a3eec9493266ae0,SRC-HISTORY-MUNTAZAM-ADAM,12406,shamela://local/5ac170a3045185ccf78e81ebd473cafb8069279b898836fd768c78de76a3d8e5/book/12406/volume/2/page/145?database_sha256=c0a44e43dc6d655a4d5725fc88aafb8ad0077e0ec2e8214f6c0dec6e9f4e31ab&segment_id=550,PROPHETIC_HADITH_CANDIDATE,PRE_BOUNDARY_OR_NOT_APPLICABLE,,CANDIDATE_PREFIX_EXTRACTED,6,,,,,,,
adam_report_candidate_ab89e0a6b8752e2cb1c24df7,1d42c69f6a3eec9493266ae0,SRC-HISTORY-MUNTAZAM-ADAM,12406,shamela://local/5ac170a3045185ccf78e81ebd473cafb8069279b898836fd768c78de76a3d8e5/book/12406/volume/2/page/146?database_sha256=c0a44e43dc6d655a4d5725fc88aafb8ad0077e0ec2e8214f6c0dec6e9f4e31ab&segment_id=551,UNCLASSIFIED_SOURCE_PASSAGE_CANDIDATE,PRE_BOUNDARY_OR_NOT_APPLICABLE,,NO_ISNAD_PREFIX_DETECTED,0,,,,,,,
adam_report_candidate_8aa974677193a4c9c2e0598b,1d42c69f6a3eec9493266ae0,SRC-HISTORY-MUNTAZAM-ADAM,12406,shamela://local/5ac170a3045185ccf78e81ebd473cafb8069279b898836fd768c78de76a3d8e5/book/12406/volume/2/page/147?database_sha256=c0a44e43dc6d655a4d5725fc88aafb8ad0077e0ec2e8214f6c0dec6e9f4e31ab&segment_id=552,EARLY_REPORT_CANDIDATE,PRE_BOUNDARY_OR_NOT_APPLICABLE,,NO_ISNAD_PREFIX_DETECTED,5,,,,,,,
adam_report_candidate_7be14cda4328dca284b7b42c,1d42c69f6a3eec9493266ae0,SRC-HISTORY-MUNTAZAM-ADAM,12406,shamela://local/5ac170a3045185ccf78e81ebd473cafb8069279b898836fd768c78de76a3d8e5/book/12406/volume/2/page/147?database_sha256=c0a44e43dc6d655a4d5725fc88aafb8ad0077e0ec2e8214f6c0dec6e9f4e31ab&segment_id=552,PROPHETIC_HADITH_CANDIDATE,PRE_BOUNDARY_OR_NOT_APPLICABLE,,CANDIDATE_PREFIX_EXTRACTED,7,,,,,,,
adam_report_candidate_85ec433053cf33d2e314384f,9f75a7c9245f07987d17f922,SRC-HISTORY-MUNTAZAM-ADAM,12406,shamela://local/5ac170a3045185ccf78e81ebd473cafb8069279b898836fd768c78de76a3d8e5/book/12406/volume/1/page/123?database_sha256=c0a44e43dc6d655a4d5725fc88aafb8ad0077e0ec2e8214f6c0dec6e9f4e31ab&segment_id=102,UNCLASSIFIED_SOURCE_PASSAGE_CANDIDATE,PRE_BOUNDARY_OR_NOT_APPLICABLE,KAB_AL_AHBAR,NO_ISNAD_PREFIX_DETECTED,0,,,,,,,
adam_report_candidate_d859a077cf38e2cb74d1d7b4,9f75a7c9245f07987d17f922,SRC-HISTORY-MUNTAZAM-ADAM,12406,shamela://local/5ac170a3045185ccf78e81ebd473cafb8069279b898836fd768c78de76a3d8e5/book/12406/volume/1/page/123?database_sha256=c0a44e43dc6d655a4d5725fc88aafb8ad0077e0ec2e8214f6c0dec6e9f4e31ab&segment_id=102,EARLY_REPORT_CANDIDATE,PRE_BOUNDARY_OR_NOT_APPLICABLE,KAB_AL_AHBAR,NO_ISNAD_PREFIX_DETECTED,1,,,,,,,
adam_report_candidate_24e365cf30178207946958b5,9f75a7c9245f07987d17f922,SRC-HISTORY-MUNTAZAM-ADAM,12406,shamela://local/5ac170a3045185ccf78e81ebd473cafb8069279b898836fd768c78de76a3d8e5/book/12406/volume/1/page/123?database_sha256=c0a44e43dc6d655a4d5725fc88aafb8ad0077e0ec2e8214f6c0dec6e9f4e31ab&segment_id=102,EARLY_REPORT_CANDIDATE,PRE_BOUNDARY_OR_NOT_APPLICABLE,KAB_AL_AHBAR,CANDIDATE_PREFIX_EXTRACTED,7,,,,,,,
adam_report_candidate_27e7415b51d19c79e70f99ea,9f75a7c9245f07987d17f922,SRC-HISTORY-MUNTAZAM-ADAM,12406,shamela://local/5ac170a3045185ccf78e81ebd473cafb8069279b898836fd768c78de76a3d8e5/book/12406/volume/1/page/123?database_sha256=c0a44e43dc6d655a4d5725fc88aafb8ad0077e0ec2e8214f6c0dec6e9f4e31ab&segment_id=102,EARLY_REPORT_CANDIDATE,PRE_BOUNDARY_OR_NOT_APPLICABLE,KAB_AL_AHBAR,CANDIDATE_PREFIX_EXTRACTED,4,,,,,,,
adam_report_candidate_c2c8fce219ad51b44d08a6ad,9f75a7c9245f07987d17f922,SRC-HISTORY-MUNTAZAM-ADAM,12406,shamela://local/5ac170a3045185ccf78e81ebd473cafb8069279b898836fd768c78de76a3d8e5/book/12406/volume/1/page/124?database_sha256=c0a44e43dc6d655a4d5725fc88aafb8ad0077e0ec2e8214f6c0dec6e9f4e31ab&segment_id=103,UNCLASSIFIED_SOURCE_PASSAGE_CANDIDATE,PRE_BOUNDARY_OR_NOT_APPLICABLE,KAB_AL_AHBAR,NO_ISNAD_PREFIX_DETECTED,0,,,,,,,
adam_report_candidate_22750097df42f809ffd8ee83,9f75a7c9245f07987d17f922,SRC-HISTORY-MUNTAZAM-ADAM,12406,shamela://local/5ac170a3045185ccf78e81ebd473cafb8069279b898836fd768c78de76a3d8e5/book/12406/volume/1/page/124?database_sha256=c0a44e43dc6d655a4d5725fc88aafb8ad0077e0ec2e8214f6c0dec6e9f4e31ab&segment_id=103,AUTHORIAL_COMMENTARY_CANDIDATE,PRE_BOUNDARY_OR_NOT_APPLICABLE,KAB_AL_AHBAR,NO_ISNAD_PREFIX_DETECTED,1,,,,,,,
adam_report_candidate_b964d4ad7fd64fb0b1ddeda8,9f75a7c9245f07987d17f922,SRC-HISTORY-MUNTAZAM-ADAM,12406,shamela://local/5ac170a3045185ccf78e81ebd473cafb8069279b898836fd768c78de76a3d8e5/book/12406/volume/1/page/124?database_sha256=c0a44e43dc6d655a4d5725fc88aafb8ad0077e0ec2e8214f6c0dec6e9f4e31ab&segment_id=103,AUTHORIAL_COMMENTARY_CANDIDATE,PRE_BOUNDARY_OR_NOT_APPLICABLE,KAB_AL_AHBAR,NO_ISNAD_PREFIX_DETECTED,2,,,,,,,
adam_report_candidate_815ca289067dd10e7b9047da,9f75a7c9245f07987d17f922,SRC-HISTORY-MUNTAZAM-ADAM,12406,shamela://local/5ac170a3045185ccf78e81ebd473cafb8069279b898836fd768c78de76a3d8e5/book/12406/volume/1/page/125?database_sha256=c0a44e43dc6d655a4d5725fc88aafb8ad0077e0ec2e8214f6c0dec6e9f4e31ab&segment_id=104,PROPHETIC_HADITH_CANDIDATE,PRE_BOUNDARY_OR_NOT_APPLICABLE,KAB_AL_AHBAR,CANDIDATE_PREFIX_EXTRACTED,0,,,,,,,
adam_report_candidate_df102ca7c646b3678985b6a6,9f75a7c9245f07987d17f922,SRC-HISTORY-MUNTAZAM-ADAM,12406,shamela://local/5ac170a3045185ccf78e81ebd473cafb8069279b898836fd768c78de76a3d8e5/book/12406/volume/1/page/125?database_sha256=c0a44e43dc6d655a4d5725fc88aafb8ad0077e0ec2e8214f6c0dec6e9f4e31ab&segment_id=104,UNCLASSIFIED_SOURCE_PASSAGE_CANDIDATE,PRE_BOUNDARY_OR_NOT_APPLICABLE,KAB_AL_AHBAR,NO_ISNAD_PREFIX_DETECTED,0,,,,,,,
adam_report_candidate_3e8233320d927100a76bc892,9f75a7c9245f07987d17f922,SRC-HISTORY-MUNTAZAM-ADAM,12406,shamela://local/5ac170a3045185ccf78e81ebd473cafb8069279b898836fd768c78de76a3d8e5/book/12406/volume/1/page/125?database_sha256=c0a44e43dc6d655a4d5725fc88aafb8ad0077e0ec2e8214f6c0dec6e9f4e31ab&segment_id=104,AUTHORIAL_COMMENTARY_CANDIDATE,PRE_BOUNDARY_OR_NOT_APPLICABLE,KAB_AL_AHBAR,NO_ISNAD_PREFIX_DETECTED,1,,,,,,,
adam_report_candidate_ce1877a05b357104046ce3ba,9f75a7c9245f07987d17f922,SRC-HISTORY-MUNTAZAM-ADAM,12406,shamela://local/5ac170a3045185ccf78e81ebd473cafb8069279b898836fd768c78de76a3d8e5/book/12406/volume/1/page/126?database_sha256=c0a44e43dc6d655a4d5725fc88aafb8ad0077e0ec2e8214f6c0dec6e9f4e31ab&segment_id=105,PROPHETIC_HADITH_CANDIDATE,PRE_BOUNDARY_OR_NOT_APPLICABLE,KAB_AL_AHBAR | WAHB_IBN_MUNABBIH,CANDIDATE_PREFIX_EXTRACTED,1,,,,,,,
adam_report_candidate_0ad30ed7b6f49b62b5dc1363,9f75a7c9245f07987d17f922,SRC-HISTORY-MUNTAZAM-ADAM,12406,shamela://local/5ac170a3045185ccf78e81ebd473cafb8069279b898836fd768c78de76a3d8e5/book/12406/volume/1/page/126?database_sha256=c0a44e43dc6d655a4d5725fc88aafb8ad0077e0ec2e8214f6c0dec6e9f4e31ab&segment_id=105,EARLY_REPORT_CANDIDATE,PRE_BOUNDARY_OR_NOT_APPLICABLE,KAB_AL_AHBAR,CANDIDATE_PREFIX_EXTRACTED,8,,,,,,,
adam_report_candidate_3ec3a0c491643ee7b72d3232,9f75a7c9245f07987d17f922,SRC-HISTORY-MUNTAZAM-ADAM,12406,shamela://local/5ac170a3045185ccf78e81ebd473cafb8069279b898836fd768c78de76a3d8e5/book/12406/volume/1/page/127?database_sha256=c0a44e43dc6d655a4d5725fc88aafb8ad0077e0ec2e8214f6c0dec6e9f4e31ab&segment_id=106,PROPHETIC_HADITH_CANDIDATE,PRE_BOUNDARY_OR_NOT_APPLICABLE,KAB_AL_AHBAR,CANDIDATE_PREFIX_EXTRACTED,1,,,,,,,
adam_report_candidate_8564e47a1cac9e098f2869cf,9f75a7c9245f07987d17f922,SRC-HISTORY-MUNTAZAM-ADAM,12406,shamela://local/5ac170a3045185ccf78e81ebd473cafb8069279b898836fd768c78de76a3d8e5/book/12406/volume/1/page/127?database_sha256=c0a44e43dc6d655a4d5725fc88aafb8ad0077e0ec2e8214f6c0dec6e9f4e31ab&segment_id=106,UNCLASSIFIED_SOURCE_PASSAGE_CANDIDATE,PRE_BOUNDARY_OR_NOT_APPLICABLE,KAB_AL_AHBAR,NO_ISNAD_PREFIX_DETECTED,0,,,,,,,
adam_report_candidate_07b8c7f225280b53a8d8b46a,9f75a7c9245f07987d17f922,SRC-HISTORY-MUNTAZAM-ADAM,12406,shamela://local/5ac170a3045185ccf78e81ebd473cafb8069279b898836fd768c78de76a3d8e5/book/12406/volume/1/page/127?database_sha256=c0a44e43dc6d655a4d5725fc88aafb8ad0077e0ec2e8214f6c0dec6e9f4e31ab&segment_id=106,PROPHETIC_HADITH_CANDIDATE,PRE_BOUNDARY_OR_NOT_APPLICABLE,KAB_AL_AHBAR,CANDIDATE_PREFIX_EXTRACTED,1,,,,,,,
adam_report_candidate_62f7ab292f55b747f21fa608,9f75a7c9245f07987d17f922,SRC-HISTORY-MUNTAZAM-ADAM,12406,shamela://local/5ac170a3045185ccf78e81ebd473cafb8069279b898836fd768c78de76a3d8e5/book/12406/volume/1/page/127?database_sha256=c0a44e43dc6d655a4d5725fc88aafb8ad0077e0ec2e8214f6c0dec6e9f4e31ab&segment_id=106,AUTHORIAL_COMMENTARY_CANDIDATE,PRE_BOUNDARY_OR_NOT_APPLICABLE,KAB_AL_AHBAR,NO_ISNAD_PREFIX_DETECTED,1,,,,,,,
adam_report_candidate_ffbc1707ce7ba9195ddf5052,9f75a7c9245f07987d17f922,SRC-HISTORY-MUNTAZAM-ADAM,12406,shamela://local/5ac170a3045185ccf78e81ebd473cafb8069279b898836fd768c78de76a3d8e5/book/12406/volume/1/page/128?database_sha256=c0a44e43dc6d655a4d5725fc88aafb8ad0077e0ec2e8214f6c0dec6e9f4e31ab&segment_id=107,EARLY_REPORT_CANDIDATE,PRE_BOUNDARY_OR_NOT_APPLICABLE,KAB_AL_AHBAR,NO_ISNAD_PREFIX_DETECTED,1,,,,,,,
adam_report_candidate_81a374e13402476e1a923bb2,9f75a7c9245f07987d17f922,SRC-HISTORY-MUNTAZAM-ADAM,12406,shamela://local/5ac170a3045185ccf78e81ebd473cafb8069279b898836fd768c78de76a3d8e5/book/12406/volume/1/page/128?database_sha256=c0a44e43dc6d655a4d5725fc88aafb8ad0077e0ec2e8214f6c0dec6e9f4e31ab&segment_id=107,UNCLASSIFIED_SOURCE_PASSAGE_CANDIDATE,PRE_BOUNDARY_OR_NOT_APPLICABLE,KAB_AL_AHBAR,NO_ISNAD_PREFIX_DETECTED,0,,,,,,,
adam_report_candidate_07a527e398af256c841f5ae0,9f75a7c9245f07987d17f922,SRC-HISTORY-MUNTAZAM-ADAM,12406,shamela://local/5ac170a3045185ccf78e81ebd473cafb8069279b898836fd768c78de76a3d8e5/book/12406/volume/1/page/128?database_sha256=c0a44e43dc6d655a4d5725fc88aafb8ad0077e0ec2e8214f6c0dec6e9f4e31ab&segment_id=107,UNCLASSIFIED_SOURCE_PASSAGE_CANDIDATE,PRE_BOUNDARY_OR_NOT_APPLICABLE,KAB_AL_AHBAR,NO_ISNAD_PREFIX_DETECTED,0,,,,,,,
adam_report_candidate_b6bad100c5f1ab2229bbf7b5,9f75a7c9245f07987d17f922,SRC-HISTORY-MUNTAZAM-ADAM,12406,shamela://local/5ac170a3045185ccf78e81ebd473cafb8069279b898836fd768c78de76a3d8e5/book/12406/volume/1/page/128?database_sha256=c0a44e43dc6d655a4d5725fc88aafb8ad0077e0ec2e8214f6c0dec6e9f4e31ab&segment_id=107,UNCLASSIFIED_SOURCE_PASSAGE_CANDIDATE,PRE_BOUNDARY_OR_NOT_APPLICABLE,KAB_AL_AHBAR,NO_ISNAD_PREFIX_DETECTED,0,,,,,,,
adam_report_candidate_bc0846325f8c50045ac629a3,9f75a7c9245f07987d17f922,SRC-HISTORY-MUNTAZAM-ADAM,12406,shamela://local/5ac170a3045185ccf78e81ebd473cafb8069279b898836fd768c78de76a3d8e5/book/12406/volume/1/page/128?database_sha256=c0a44e43dc6d655a4d5725fc88aafb8ad0077e0ec2e8214f6c0dec6e9f4e31ab&segment_id=107,EARLY_REPORT_CANDIDATE,PRE_BOUNDARY_OR_NOT_APPLICABLE,KAB_AL_AHBAR,NO_ISNAD_PREFIX_DETECTED,1,,,,,,,
adam_report_candidate_400ce8203af3b14106ca9d8f,4b97becab141ac7345d07d8c,SRC-HISTORY-MUNTAZAM-ADAM,12406,shamela://local/5ac170a3045185ccf78e81ebd473cafb8069279b898836fd768c78de76a3d8e5/book/12406/volume/1/page/183?database_sha256=c0a44e43dc6d655a4d5725fc88aafb8ad0077e0ec2e8214f6c0dec6e9f4e31ab&segment_id=162,UNCLASSIFIED_SOURCE_PASSAGE_CANDIDATE,PRE_BOUNDARY_OR_NOT_APPLICABLE,,NO_ISNAD_PREFIX_DETECTED,0,,,,,,,
adam_report_candidate_ff25f49af89adbcb11660310,4b97becab141ac7345d07d8c,SRC-HISTORY-MUNTAZAM-ADAM,12406,shamela://local/5ac170a3045185ccf78e81ebd473cafb8069279b898836fd768c78de76a3d8e5/book/12406/volume/1/page/184?database_sha256=c0a44e43dc6d655a4d5725fc88aafb8ad0077e0ec2e8214f6c0dec6e9f4e31ab&segment_id=163,EARLY_REPORT_CANDIDATE,PRE_BOUNDARY_OR_NOT_APPLICABLE,,NO_ISNAD_PREFIX_DETECTED,3,,,,,,,
adam_report_candidate_95a2de9813d748f89524147b,4b97becab141ac7345d07d8c,SRC-HISTORY-MUNTAZAM-ADAM,12406,shamela://local/5ac170a3045185ccf78e81ebd473cafb8069279b898836fd768c78de76a3d8e5/book/12406/volume/1/page/184?database_sha256=c0a44e43dc6d655a4d5725fc88aafb8ad0077e0ec2e8214f6c0dec6e9f4e31ab&segment_id=163,EARLY_REPORT_CANDIDATE,PRE_BOUNDARY_OR_NOT_APPLICABLE,,CANDIDATE_PREFIX_EXTRACTED,4,,,,,,,
adam_report_candidate_2573373a1d1754387829fd9a,4b97becab141ac7345d07d8c,SRC-HISTORY-MUNTAZAM-ADAM,12406,shamela://local/5ac170a3045185ccf78e81ebd473cafb8069279b898836fd768c78de76a3d8e5/book/12406/volume/1/page/184?database_sha256=c0a44e43dc6d655a4d5725fc88aafb8ad0077e0ec2e8214f6c0dec6e9f4e31ab&segment_id=163,EARLY_REPORT_CANDIDATE,PRE_BOUNDARY_OR_NOT_APPLICABLE,,CANDIDATE_PREFIX_EXTRACTED,3,,,,,,,
adam_report_candidate_6b6d43072ddebbd579e42803,4b97becab141ac7345d07d8c,SRC-HISTORY-MUNTAZAM-ADAM,12406,shamela://local/5ac170a3045185ccf78e81ebd473cafb8069279b898836fd768c78de76a3d8e5/book/12406/volume/1/page/185?database_sha256=c0a44e43dc6d655a4d5725fc88aafb8ad0077e0ec2e8214f6c0dec6e9f4e31ab&segment_id=164,EARLY_REPORT_CANDIDATE,PRE_BOUNDARY_OR_NOT_APPLICABLE,,NO_ISNAD_PREFIX_DETECTED,5,,,,,,,
adam_report_candidate_7abf0a9fe8f7f0b22e547ee8,4b97becab141ac7345d07d8c,SRC-HISTORY-MUNTAZAM-ADAM,12406,shamela://local/5ac170a3045185ccf78e81ebd473cafb8069279b898836fd768c78de76a3d8e5/book/12406/volume/1/page/185?database_sha256=c0a44e43dc6d655a4d5725fc88aafb8ad0077e0ec2e8214f6c0dec6e9f4e31ab&segment_id=164,PROPHETIC_HADITH_CANDIDATE,PRE_BOUNDARY_OR_NOT_APPLICABLE,,CANDIDATE_PREFIX_EXTRACTED,10,,,,,,,
adam_report_candidate_089b14d0941369363f12c8c7,4b97becab141ac7345d07d8c,SRC-HISTORY-MUNTAZAM-ADAM,12406,shamela://local/5ac170a3045185ccf78e81ebd473cafb8069279b898836fd768c78de76a3d8e5/book/12406/volume/1/page/185?database_sha256=c0a44e43dc6d655a4d5725fc88aafb8ad0077e0ec2e8214f6c0dec6e9f4e31ab&segment_id=164,EARLY_REPORT_CANDIDATE,PRE_BOUNDARY_OR_NOT_APPLICABLE,,NO_ISNAD_PREFIX_DETECTED,2,,,,,,,
adam_report_candidate_70284cda59c53b6b36127d3d,4b97becab141ac7345d07d8c,SRC-HISTORY-MUNTAZAM-ADAM,12406,shamela://local/5ac170a3045185ccf78e81ebd473cafb8069279b898836fd768c78de76a3d8e5/book/12406/volume/1/page/186?database_sha256=c0a44e43dc6d655a4d5725fc88aafb8ad0077e0ec2e8214f6c0dec6e9f4e31ab&segment_id=165,PROPHETIC_HADITH_CANDIDATE,PRE_BOUNDARY_OR_NOT_APPLICABLE,,CANDIDATE_PREFIX_EXTRACTED,1,,,,,,,
adam_report_candidate_2b54d23ed68b7c3d13e8292b,4b97becab141ac7345d07d8c,SRC-HISTORY-MUNTAZAM-ADAM,12406,shamela://local/5ac170a3045185ccf78e81ebd473cafb8069279b898836fd768c78de76a3d8e5/book/12406/volume/1/page/187?database_sha256=c0a44e43dc6d655a4d5725fc88aafb8ad0077e0ec2e8214f6c0dec6e9f4e31ab&segment_id=166,EARLY_REPORT_CANDIDATE,PRE_BOUNDARY_OR_NOT_APPLICABLE,,NO_ISNAD_PREFIX_DETECTED,1,,,,,,,
adam_report_candidate_25b842a684e5557fb53eb9db,4b97becab141ac7345d07d8c,SRC-HISTORY-MUNTAZAM-ADAM,12406,shamela://local/5ac170a3045185ccf78e81ebd473cafb8069279b898836fd768c78de76a3d8e5/book/12406/volume/1/page/187?database_sha256=c0a44e43dc6d655a4d5725fc88aafb8ad0077e0ec2e8214f6c0dec6e9f4e31ab&segment_id=166,PROPHETIC_HADITH_CANDIDATE,PRE_BOUNDARY_OR_NOT_APPLICABLE,,CANDIDATE_PREFIX_EXTRACTED,9,,,,,,,
adam_report_candidate_e3e36f81d6fc22e771d45662,4b97becab141ac7345d07d8c,SRC-HISTORY-MUNTAZAM-ADAM,12406,shamela://local/5ac170a3045185ccf78e81ebd473cafb8069279b898836fd768c78de76a3d8e5/book/12406/volume/1/page/187?database_sha256=c0a44e43dc6d655a4d5725fc88aafb8ad0077e0ec2e8214f6c0dec6e9f4e31ab&segment_id=166,EARLY_REPORT_CANDIDATE,PRE_BOUNDARY_OR_NOT_APPLICABLE,,CANDIDATE_PREFIX_EXTRACTED,10,,,,,,,
adam_report_candidate_3a9bf29f0a96642c8efc1538,4b97becab141ac7345d07d8c,SRC-HISTORY-MUNTAZAM-ADAM,12406,shamela://local/5ac170a3045185ccf78e81ebd473cafb8069279b898836fd768c78de76a3d8e5/book/12406/volume/1/page/188?database_sha256=c0a44e43dc6d655a4d5725fc88aafb8ad0077e0ec2e8214f6c0dec6e9f4e31ab&segment_id=167,PROPHETIC_HADITH_CANDIDATE,PRE_BOUNDARY_OR_NOT_APPLICABLE,,CANDIDATE_PREFIX_EXTRACTED,0,,,,,,,
adam_report_candidate_1bd798f37bec5bd8564b9511,4b97becab141ac7345d07d8c,SRC-HISTORY-MUNTAZAM-ADAM,12406,shamela://local/5ac170a3045185ccf78e81ebd473cafb8069279b898836fd768c78de76a3d8e5/book/12406/volume/1/page/188?database_sha256=c0a44e43dc6d655a4d5725fc88aafb8ad0077e0ec2e8214f6c0dec6e9f4e31ab&segment_id=167,PROPHETIC_HADITH_CANDIDATE,PRE_BOUNDARY_OR_NOT_APPLICABLE,,CANDIDATE_PREFIX_EXTRACTED,10,,,,,,,
adam_report_candidate_b6a263fb720b198cc9568893,4b97becab141ac7345d07d8c,SRC-HISTORY-MUNTAZAM-ADAM,12406,shamela://local/5ac170a3045185ccf78e81ebd473cafb8069279b898836fd768c78de76a3d8e5/book/12406/volume/1/page/189?database_sha256=c0a44e43dc6d655a4d5725fc88aafb8ad0077e0ec2e8214f6c0dec6e9f4e31ab&segment_id=168,EARLY_REPORT_CANDIDATE,PRE_BOUNDARY_OR_NOT_APPLICABLE,,CANDIDATE_PREFIX_EXTRACTED,4,,,,,,,
adam_report_candidate_4229b0fc68dfac77244c44f6,4b97becab141ac7345d07d8c,SRC-HISTORY-MUNTAZAM-ADAM,12406,shamela://local/5ac170a3045185ccf78e81ebd473cafb8069279b898836fd768c78de76a3d8e5/book/12406/volume/1/page/189?database_sha256=c0a44e43dc6d655a4d5725fc88aafb8ad0077e0ec2e8214f6c0dec6e9f4e31ab&segment_id=168,PROPHETIC_HADITH_CANDIDATE,PRE_BOUNDARY_OR_NOT_APPLICABLE,,CANDIDATE_PREFIX_EXTRACTED,12,,,,,,,
adam_report_candidate_a96cd0bd58423fe6aabc94c3,4b97becab141ac7345d07d8c,SRC-HISTORY-MUNTAZAM-ADAM,12406,shamela://local/5ac170a3045185ccf78e81ebd473cafb8069279b898836fd768c78de76a3d8e5/book/12406/volume/1/page/189?database_sha256=c0a44e43dc6d655a4d5725fc88aafb8ad0077e0ec2e8214f6c0dec6e9f4e31ab&segment_id=168,EARLY_REPORT_CANDIDATE,PRE_BOUNDARY_OR_NOT_APPLICABLE,,NO_ISNAD_PREFIX_DETECTED,3,,,,,,,
adam_report_candidate_9634f853979cce9b45c059f7,fc95dde8755ea5efbb4bad11,SRC-HISTORY-TABARI-ADAM,9783,shamela://local/5ac170a3045185ccf78e81ebd473cafb8069279b898836fd768c78de76a3d8e5/book/9783/volume/1/page/83?database_sha256=3eac670046fd84fefb8ebfe68a2a2f5f37f7716804a599a61555d3ea8a0162cb&segment_id=81,EARLY_REPORT_CANDIDATE,PRE_BOUNDARY_OR_NOT_APPLICABLE,WAHB_IBN_MUNABBIH,NO_ISNAD_PREFIX_DETECTED,1,EV-ADAM-001 | EV-ADAM-002 | EV-ADAM-003 | EV-ADAM-004 | EV-ADAM-005 | EV-ADAM-006 | EV-ADAM-007 | EV-ADAM-010 | EV-ADAM-011 | EV-ADAM-020 | EV-ADAM-021 | EV-ADAM-022 | EV-ADAM-023 | EV-ADAM-024 | EV-ADAM-030 | EV-ADAM-031 | EV-ADAM-032 | EV-ADAM-033 | EV-ADAM-040 | EV-ADAM-041 | EV-ADAM-042 | EV-ADAM-050 | EV-ADAM-051 | EV-ADAM-052 | EV-ADAM-053 | EV-ADAM-054 | EV-ADAM-055 | EV-ADAM-070 | EV-ADAM-071 | EV-ADAM-080 | EV-ADAM-081 | EV-ADAM-082 | EV-ADAM-090 | EV-ADAM-091 | EV-ADAM-099,RQ-ADAM-001 | RQ-ADAM-002 | RQ-ADAM-003 | RQ-ADAM-004 | RQ-ADAM-005 | RQ-ADAM-006 | RQ-ADAM-020 | RQ-ADAM-007 | RQ-ADAM-008 | RQ-ADAM-009 | RQ-ADAM-010 | RQ-ADAM-011 | RQ-ADAM-012 | RQ-ADAM-013 | RQ-ADAM-014 | RQ-ADAM-015 | RQ-ADAM-016 | RQ-ADAM-017 | RQ-ADAM-018 | RQ-ADAM-019 | RQ-ADAM-025 | RQ-ADAM-026 | RQ-ADAM-027 | RQ-ADAM-028 | RQ-ADAM-029 | RQ-ADAM-030 | RQ-ADAM-032,,,,,
adam_report_candidate_750cc8ae0718825471b964fa,fc95dde8755ea5efbb4bad11,SRC-HISTORY-TABARI-ADAM,9783,shamela://local/5ac170a3045185ccf78e81ebd473cafb8069279b898836fd768c78de76a3d8e5/book/9783/volume/1/page/83?database_sha256=3eac670046fd84fefb8ebfe68a2a2f5f37f7716804a599a61555d3ea8a0162cb&segment_id=81,EARLY_REPORT_CANDIDATE,PRE_BOUNDARY_OR_NOT_APPLICABLE,WAHB_IBN_MUNABBIH,CANDIDATE_PREFIX_EXTRACTED,3,EV-ADAM-001 | EV-ADAM-002 | EV-ADAM-003 | EV-ADAM-004 | EV-ADAM-005 | EV-ADAM-006 | EV-ADAM-007 | EV-ADAM-010 | EV-ADAM-011 | EV-ADAM-020 | EV-ADAM-021 | EV-ADAM-022 | EV-ADAM-023 | EV-ADAM-024 | EV-ADAM-030 | EV-ADAM-031 | EV-ADAM-032 | EV-ADAM-033 | EV-ADAM-040 | EV-ADAM-041 | EV-ADAM-042 | EV-ADAM-050 | EV-ADAM-051 | EV-ADAM-052 | EV-ADAM-053 | EV-ADAM-054 | EV-ADAM-055 | EV-ADAM-070 | EV-ADAM-071 | EV-ADAM-080 | EV-ADAM-081 | EV-ADAM-082 | EV-ADAM-090 | EV-ADAM-091 | EV-ADAM-099,RQ-ADAM-001 | RQ-ADAM-002 | RQ-ADAM-003 | RQ-ADAM-004 | RQ-ADAM-005 | RQ-ADAM-006 | RQ-ADAM-020 | RQ-ADAM-007 | RQ-ADAM-008 | RQ-ADAM-009 | RQ-ADAM-010 | RQ-ADAM-011 | RQ-ADAM-012 | RQ-ADAM-013 | RQ-ADAM-014 | RQ-ADAM-015 | RQ-ADAM-016 | RQ-ADAM-017 | RQ-ADAM-018 | RQ-ADAM-019 | RQ-ADAM-025 | RQ-ADAM-026 | RQ-ADAM-027 | RQ-ADAM-028 | RQ-ADAM-029 | RQ-ADAM-030 | RQ-ADAM-032,,,,,
adam_report_candidate_1b9e97dbbceec6f2d23b9659,fc95dde8755ea5efbb4bad11,SRC-HISTORY-TABARI-ADAM,9783,shamela://local/5ac170a3045185ccf78e81ebd473cafb8069279b898836fd768c78de76a3d8e5/book/9783/volume/1/page/83?database_sha256=3eac670046fd84fefb8ebfe68a2a2f5f37f7716804a599a61555d3ea8a0162cb&segment_id=81,EARLY_REPORT_CANDIDATE,PRE_BOUNDARY_OR_NOT_APPLICABLE,WAHB_IBN_MUNABBIH,CANDIDATE_PREFIX_EXTRACTED,2,EV-ADAM-001 | EV-ADAM-002 | EV-ADAM-003 | EV-ADAM-004 | EV-ADAM-005 | EV-ADAM-006 | EV-ADAM-007 | EV-ADAM-010 | EV-ADAM-011 | EV-ADAM-020 | EV-ADAM-021 | EV-ADAM-022 | EV-ADAM-023 | EV-ADAM-024 | EV-ADAM-030 | EV-ADAM-031 | EV-ADAM-032 | EV-ADAM-033 | EV-ADAM-040 | EV-ADAM-041 | EV-ADAM-042 | EV-ADAM-050 | EV-ADAM-051 | EV-ADAM-052 | EV-ADAM-053 | EV-ADAM-054 | EV-ADAM-055 | EV-ADAM-070 | EV-ADAM-071 | EV-ADAM-080 | EV-ADAM-081 | EV-ADAM-082 | EV-ADAM-090 | EV-ADAM-091 | EV-ADAM-099,RQ-ADAM-001 | RQ-ADAM-002 | RQ-ADAM-003 | RQ-ADAM-004 | RQ-ADAM-005 | RQ-ADAM-006 | RQ-ADAM-020 | RQ-ADAM-007 | RQ-ADAM-008 | RQ-ADAM-009 | RQ-ADAM-010 | RQ-ADAM-011 | RQ-ADAM-012 | RQ-ADAM-013 | RQ-ADAM-014 | RQ-ADAM-015 | RQ-ADAM-016 | RQ-ADAM-017 | RQ-ADAM-018 | RQ-ADAM-019 | RQ-ADAM-025 | RQ-ADAM-026 | RQ-ADAM-027 | RQ-ADAM-028 | RQ-ADAM-029 | RQ-ADAM-030 | RQ-ADAM-032,,,,,
adam_report_candidate_f396a530503ea611a54f5ff1,fc95dde8755ea5efbb4bad11,SRC-HISTORY-TABARI-ADAM,9783,shamela://local/5ac170a3045185ccf78e81ebd473cafb8069279b898836fd768c78de76a3d8e5/book/9783/volume/1/page/83?database_sha256=3eac670046fd84fefb8ebfe68a2a2f5f37f7716804a599a61555d3ea8a0162cb&segment_id=81,EARLY_REPORT_CANDIDATE,PRE_BOUNDARY_OR_NOT_APPLICABLE,WAHB_IBN_MUNABBIH,CANDIDATE_PREFIX_EXTRACTED,3,EV-ADAM-001 | EV-ADAM-002 | EV-ADAM-003 | EV-ADAM-004 | EV-ADAM-005 | EV-ADAM-006 | EV-ADAM-007 | EV-ADAM-010 | EV-ADAM-011 | EV-ADAM-020 | EV-ADAM-021 | EV-ADAM-022 | EV-ADAM-023 | EV-ADAM-024 | EV-ADAM-030 | EV-ADAM-031 | EV-ADAM-032 | EV-ADAM-033 | EV-ADAM-040 | EV-ADAM-041 | EV-ADAM-042 | EV-ADAM-050 | EV-ADAM-051 | EV-ADAM-052 | EV-ADAM-053 | EV-ADAM-054 | EV-ADAM-055 | EV-ADAM-070 | EV-ADAM-071 | EV-ADAM-080 | EV-ADAM-081 | EV-ADAM-082 | EV-ADAM-090 | EV-ADAM-091 | EV-ADAM-099,RQ-ADAM-001 | RQ-ADAM-002 | RQ-ADAM-003 | RQ-ADAM-004 | RQ-ADAM-005 | RQ-ADAM-006 | RQ-ADAM-020 | RQ-ADAM-007 | RQ-ADAM-008 | RQ-ADAM-009 | RQ-ADAM-010 | RQ-ADAM-011 | RQ-ADAM-012 | RQ-ADAM-013 | RQ-ADAM-014 | RQ-ADAM-015 | RQ-ADAM-016 | RQ-ADAM-017 | RQ-ADAM-018 | RQ-ADAM-019 | RQ-ADAM-025 | RQ-ADAM-026 | RQ-ADAM-027 | RQ-ADAM-028 | RQ-ADAM-029 | RQ-ADAM-030 | RQ-ADAM-032,,,,,
adam_report_candidate_7ec0a634009dc2947dec1770,fc95dde8755ea5efbb4bad11,SRC-HISTORY-TABARI-ADAM,9783,shamela://local/5ac170a3045185ccf78e81ebd473cafb8069279b898836fd768c78de76a3d8e5/book/9783/volume/1/page/84?database_sha256=3eac670046fd84fefb8ebfe68a2a2f5f37f7716804a599a61555d3ea8a0162cb&segment_id=82,EARLY_REPORT_CANDIDATE,PRE_BOUNDARY_OR_NOT_APPLICABLE,WAHB_IBN_MUNABBIH,NO_ISNAD_PREFIX_DETECTED,1,EV-ADAM-001 | EV-ADAM-002 | EV-ADAM-003 | EV-ADAM-004 | EV-ADAM-005 | EV-ADAM-006 | EV-ADAM-007 | EV-ADAM-010 | EV-ADAM-011 | EV-ADAM-020 | EV-ADAM-021 | EV-ADAM-022 | EV-ADAM-023 | EV-ADAM-024 | EV-ADAM-030 | EV-ADAM-031 | EV-ADAM-032 | EV-ADAM-033 | EV-ADAM-040 | EV-ADAM-041 | EV-ADAM-042 | EV-ADAM-050 | EV-ADAM-051 | EV-ADAM-052 | EV-ADAM-053 | EV-ADAM-054 | EV-ADAM-055 | EV-ADAM-070 | EV-ADAM-071 | EV-ADAM-080 | EV-ADAM-081 | EV-ADAM-082 | EV-ADAM-090 | EV-ADAM-091 | EV-ADAM-099,RQ-ADAM-001 | RQ-ADAM-002 | RQ-ADAM-003 | RQ-ADAM-004 | RQ-ADAM-005 | RQ-ADAM-006 | RQ-ADAM-020 | RQ-ADAM-007 | RQ-ADAM-008 | RQ-ADAM-009 | RQ-ADAM-010 | RQ-ADAM-011 | RQ-ADAM-012 | RQ-ADAM-013 | RQ-ADAM-014 | RQ-ADAM-015 | RQ-ADAM-016 | RQ-ADAM-017 | RQ-ADAM-018 | RQ-ADAM-019 | RQ-ADAM-025 | RQ-ADAM-026 | RQ-ADAM-027 | RQ-ADAM-028 | RQ-ADAM-029 | RQ-ADAM-030 | RQ-ADAM-032,,,,,
adam_report_candidate_cd63fbc6723b5bf94b8da63a,fc95dde8755ea5efbb4bad11,SRC-HISTORY-TABARI-ADAM,9783,shamela://local/5ac170a3045185ccf78e81ebd473cafb8069279b898836fd768c78de76a3d8e5/book/9783/volume/1/page/84?database_sha256=3eac670046fd84fefb8ebfe68a2a2f5f37f7716804a599a61555d3ea8a0162cb&segment_id=82,EARLY_REPORT_CANDIDATE,PRE_BOUNDARY_OR_NOT_APPLICABLE,WAHB_IBN_MUNABBIH,CANDIDATE_PREFIX_EXTRACTED,5,EV-ADAM-001 | EV-ADAM-002 | EV-ADAM-003 | EV-ADAM-004 | EV-ADAM-005 | EV-ADAM-006 | EV-ADAM-007 | EV-ADAM-010 | EV-ADAM-011 | EV-ADAM-020 | EV-ADAM-021 | EV-ADAM-022 | EV-ADAM-023 | EV-ADAM-024 | EV-ADAM-030 | EV-ADAM-031 | EV-ADAM-032 | EV-ADAM-033 | EV-ADAM-040 | EV-ADAM-041 | EV-ADAM-042 | EV-ADAM-050 | EV-ADAM-051 | EV-ADAM-052 | EV-ADAM-053 | EV-ADAM-054 | EV-ADAM-055 | EV-ADAM-070 | EV-ADAM-071 | EV-ADAM-080 | EV-ADAM-081 | EV-ADAM-082 | EV-ADAM-090 | EV-ADAM-091 | EV-ADAM-099,RQ-ADAM-001 | RQ-ADAM-002 | RQ-ADAM-003 | RQ-ADAM-004 | RQ-ADAM-005 | RQ-ADAM-006 | RQ-ADAM-020 | RQ-ADAM-007 | RQ-ADAM-008 | RQ-ADAM-009 | RQ-ADAM-010 | RQ-ADAM-011 | RQ-ADAM-012 | RQ-ADAM-013 | RQ-ADAM-014 | RQ-ADAM-015 | RQ-ADAM-016 | RQ-ADAM-017 | RQ-ADAM-018 | RQ-ADAM-019 | RQ-ADAM-025 | RQ-ADAM-026 | RQ-ADAM-027 | RQ-ADAM-028 | RQ-ADAM-029 | RQ-ADAM-030 | RQ-ADAM-032,,,,,
adam_report_candidate_d28513e178d8f10de319450e,fc95dde8755ea5efbb4bad11,SRC-HISTORY-TABARI-ADAM,9783,shamela://local/5ac170a3045185ccf78e81ebd473cafb8069279b898836fd768c78de76a3d8e5/book/9783/volume/1/page/84?database_sha256=3eac670046fd84fefb8ebfe68a2a2f5f37f7716804a599a61555d3ea8a0162cb&segment_id=82,EARLY_REPORT_CANDIDATE,PRE_BOUNDARY_OR_NOT_APPLICABLE,WAHB_IBN_MUNABBIH,CANDIDATE_PREFIX_EXTRACTED,2,EV-ADAM-001 | EV-ADAM-002 | EV-ADAM-003 | EV-ADAM-004 | EV-ADAM-005 | EV-ADAM-006 | EV-ADAM-007 | EV-ADAM-010 | EV-ADAM-011 | EV-ADAM-020 | EV-ADAM-021 | EV-ADAM-022 | EV-ADAM-023 | EV-ADAM-024 | EV-ADAM-030 | EV-ADAM-031 | EV-ADAM-032 | EV-ADAM-033 | EV-ADAM-040 | EV-ADAM-041 | EV-ADAM-042 | EV-ADAM-050 | EV-ADAM-051 | EV-ADAM-052 | EV-ADAM-053 | EV-ADAM-054 | EV-ADAM-055 | EV-ADAM-070 | EV-ADAM-071 | EV-ADAM-080 | EV-ADAM-081 | EV-ADAM-082 | EV-ADAM-090 | EV-ADAM-091 | EV-ADAM-099,RQ-ADAM-001 | RQ-ADAM-002 | RQ-ADAM-003 | RQ-ADAM-004 | RQ-ADAM-005 | RQ-ADAM-006 | RQ-ADAM-020 | RQ-ADAM-007 | RQ-ADAM-008 | RQ-ADAM-009 | RQ-ADAM-010 | RQ-ADAM-011 | RQ-ADAM-012 | RQ-ADAM-013 | RQ-ADAM-014 | RQ-ADAM-015 | RQ-ADAM-016 | RQ-ADAM-017 | RQ-ADAM-018 | RQ-ADAM-019 | RQ-ADAM-025 | RQ-ADAM-026 | RQ-ADAM-027 | RQ-ADAM-028 | RQ-ADAM-029 | RQ-ADAM-030 | RQ-ADAM-032,,,,,
adam_report_candidate_266989256d169df8671fb60b,fc95dde8755ea5efbb4bad11,SRC-HISTORY-TABARI-ADAM,9783,shamela://local/5ac170a3045185ccf78e81ebd473cafb8069279b898836fd768c78de76a3d8e5/book/9783/volume/1/page/85?database_sha256=3eac670046fd84fefb8ebfe68a2a2f5f37f7716804a599a61555d3ea8a0162cb&segment_id=83,EARLY_REPORT_CANDIDATE,PRE_BOUNDARY_OR_NOT_APPLICABLE,WAHB_IBN_MUNABBIH,NO_ISNAD_PREFIX_DETECTED,2,EV-ADAM-001 | EV-ADAM-002 | EV-ADAM-003 | EV-ADAM-004 | EV-ADAM-005 | EV-ADAM-006 | EV-ADAM-007 | EV-ADAM-010 | EV-ADAM-011 | EV-ADAM-020 | EV-ADAM-021 | EV-ADAM-022 | EV-ADAM-023 | EV-ADAM-024 | EV-ADAM-030 | EV-ADAM-031 | EV-ADAM-032 | EV-ADAM-033 | EV-ADAM-040 | EV-ADAM-041 | EV-ADAM-042 | EV-ADAM-050 | EV-ADAM-051 | EV-ADAM-052 | EV-ADAM-053 | EV-ADAM-054 | EV-ADAM-055 | EV-ADAM-070 | EV-ADAM-071 | EV-ADAM-080 | EV-ADAM-081 | EV-ADAM-082 | EV-ADAM-090 | EV-ADAM-091 | EV-ADAM-099,RQ-ADAM-001 | RQ-ADAM-002 | RQ-ADAM-003 | RQ-ADAM-004 | RQ-ADAM-005 | RQ-ADAM-006 | RQ-ADAM-020 | RQ-ADAM-007 | RQ-ADAM-008 | RQ-ADAM-009 | RQ-ADAM-010 | RQ-ADAM-011 | RQ-ADAM-012 | RQ-ADAM-013 | RQ-ADAM-014 | RQ-ADAM-015 | RQ-ADAM-016 | RQ-ADAM-017 | RQ-ADAM-018 | RQ-ADAM-019 | RQ-ADAM-025 | RQ-ADAM-026 | RQ-ADAM-027 | RQ-ADAM-028 | RQ-ADAM-029 | RQ-ADAM-030 | RQ-ADAM-032,,,,,
adam_report_candidate_5a6e5592988e917c40dd96bd,fc95dde8755ea5efbb4bad11,SRC-HISTORY-TABARI-ADAM,9783,shamela://local/5ac170a3045185ccf78e81ebd473cafb8069279b898836fd768c78de76a3d8e5/book/9783/volume/1/page/85?database_sha256=3eac670046fd84fefb8ebfe68a2a2f5f37f7716804a599a61555d3ea8a0162cb&segment_id=83,EARLY_REPORT_CANDIDATE,PRE_BOUNDARY_OR_NOT_APPLICABLE,WAHB_IBN_MUNABBIH,CANDIDATE_PREFIX_EXTRACTED,3,EV-ADAM-001 | EV-ADAM-002 | EV-ADAM-003 | EV-ADAM-004 | EV-ADAM-005 | EV-ADAM-006 | EV-ADAM-007 | EV-ADAM-010 | EV-ADAM-011 | EV-ADAM-020 | EV-ADAM-021 | EV-ADAM-022 | EV-ADAM-023 | EV-ADAM-024 | EV-ADAM-030 | EV-ADAM-031 | EV-ADAM-032 | EV-ADAM-033 | EV-ADAM-040 | EV-ADAM-041 | EV-ADAM-042 | EV-ADAM-050 | EV-ADAM-051 | EV-ADAM-052 | EV-ADAM-053 | EV-ADAM-054 | EV-ADAM-055 | EV-ADAM-070 | EV-ADAM-071 | EV-ADAM-080 | EV-ADAM-081 | EV-ADAM-082 | EV-ADAM-090 | EV-ADAM-091 | EV-ADAM-099,RQ-ADAM-001 | RQ-ADAM-002 | RQ-ADAM-003 | RQ-ADAM-004 | RQ-ADAM-005 | RQ-ADAM-006 | RQ-ADAM-020 | RQ-ADAM-007 | RQ-ADAM-008 | RQ-ADAM-009 | RQ-ADAM-010 | RQ-ADAM-011 | RQ-ADAM-012 | RQ-ADAM-013 | RQ-ADAM-014 | RQ-ADAM-015 | RQ-ADAM-016 | RQ-ADAM-017 | RQ-ADAM-018 | RQ-ADAM-019 | RQ-ADAM-025 | RQ-ADAM-026 | RQ-ADAM-027 | RQ-ADAM-028 | RQ-ADAM-029 | RQ-ADAM-030 | RQ-ADAM-032,,,,,
adam_report_candidate_4ac92a82a8781b17ff3cc9f0,fc95dde8755ea5efbb4bad11,SRC-HISTORY-TABARI-ADAM,9783,shamela://local/5ac170a3045185ccf78e81ebd473cafb8069279b898836fd768c78de76a3d8e5/book/9783/volume/1/page/86?database_sha256=3eac670046fd84fefb8ebfe68a2a2f5f37f7716804a599a61555d3ea8a0162cb&segment_id=84,EARLY_REPORT_CANDIDATE,PRE_BOUNDARY_OR_NOT_APPLICABLE,WAHB_IBN_MUNABBIH,NO_ISNAD_PREFIX_DETECTED,1,EV-ADAM-001 | EV-ADAM-002 | EV-ADAM-003 | EV-ADAM-004 | EV-ADAM-005 | EV-ADAM-006 | EV-ADAM-007 | EV-ADAM-010 | EV-ADAM-011 | EV-ADAM-020 | EV-ADAM-021 | EV-ADAM-022 | EV-ADAM-023 | EV-ADAM-024 | EV-ADAM-030 | EV-ADAM-031 | EV-ADAM-032 | EV-ADAM-033 | EV-ADAM-040 | EV-ADAM-041 | EV-ADAM-042 | EV-ADAM-050 | EV-ADAM-051 | EV-ADAM-052 | EV-ADAM-053 | EV-ADAM-054 | EV-ADAM-055 | EV-ADAM-070 | EV-ADAM-071 | EV-ADAM-080 | EV-ADAM-081 | EV-ADAM-082 | EV-ADAM-090 | EV-ADAM-091 | EV-ADAM-099,RQ-ADAM-001 | RQ-ADAM-002 | RQ-ADAM-003 | RQ-ADAM-004 | RQ-ADAM-005 | RQ-ADAM-006 | RQ-ADAM-020 | RQ-ADAM-007 | RQ-ADAM-008 | RQ-ADAM-009 | RQ-ADAM-010 | RQ-ADAM-011 | RQ-ADAM-012 | RQ-ADAM-013 | RQ-ADAM-014 | RQ-ADAM-015 | RQ-ADAM-016 | RQ-ADAM-017 | RQ-ADAM-018 | RQ-ADAM-019 | RQ-ADAM-025 | RQ-ADAM-026 | RQ-ADAM-027 | RQ-ADAM-028 | RQ-ADAM-029 | RQ-ADAM-030 | RQ-ADAM-032,,,,,
adam_report_candidate_e3b5dbdd727a7785e5be2c7f,fc95dde8755ea5efbb4bad11,SRC-HISTORY-TABARI-ADAM,9783,shamela://local/5ac170a3045185ccf78e81ebd473cafb8069279b898836fd768c78de76a3d8e5/book/9783/volume/1/page/86?database_sha256=3eac670046fd84fefb8ebfe68a2a2f5f37f7716804a599a61555d3ea8a0162cb&segment_id=84,EARLY_REPORT_CANDIDATE,PRE_BOUNDARY_OR_NOT_APPLICABLE,WAHB_IBN_MUNABBIH,CANDIDATE_PREFIX_EXTRACTED,5,EV-ADAM-001 | EV-ADAM-002 | EV-ADAM-003 | EV-ADAM-004 | EV-ADAM-005 | EV-ADAM-006 | EV-ADAM-007 | EV-ADAM-010 | EV-ADAM-011 | EV-ADAM-020 | EV-ADAM-021 | EV-ADAM-022 | EV-ADAM-023 | EV-ADAM-024 | EV-ADAM-030 | EV-ADAM-031 | EV-ADAM-032 | EV-ADAM-033 | EV-ADAM-040 | EV-ADAM-041 | EV-ADAM-042 | EV-ADAM-050 | EV-ADAM-051 | EV-ADAM-052 | EV-ADAM-053 | EV-ADAM-054 | EV-ADAM-055 | EV-ADAM-070 | EV-ADAM-071 | EV-ADAM-080 | EV-ADAM-081 | EV-ADAM-082 | EV-ADAM-090 | EV-ADAM-091 | EV-ADAM-099,RQ-ADAM-001 | RQ-ADAM-002 | RQ-ADAM-003 | RQ-ADAM-004 | RQ-ADAM-005 | RQ-ADAM-006 | RQ-ADAM-020 | RQ-ADAM-007 | RQ-ADAM-008 | RQ-ADAM-009 | RQ-ADAM-010 | RQ-ADAM-011 | RQ-ADAM-012 | RQ-ADAM-013 | RQ-ADAM-014 | RQ-ADAM-015 | RQ-ADAM-016 | RQ-ADAM-017 | RQ-ADAM-018 | RQ-ADAM-019 | RQ-ADAM-025 | RQ-ADAM-026 | RQ-ADAM-027 | RQ-ADAM-028 | RQ-ADAM-029 | RQ-ADAM-030 | RQ-ADAM-032,,,,,
adam_report_candidate_f4bf979ed2d3d8b3749a9887,fc95dde8755ea5efbb4bad11,SRC-HISTORY-TABARI-ADAM,9783,shamela://local/5ac170a3045185ccf78e81ebd473cafb8069279b898836fd768c78de76a3d8e5/book/9783/volume/1/page/86?database_sha256=3eac670046fd84fefb8ebfe68a2a2f5f37f7716804a599a61555d3ea8a0162cb&segment_id=84,EARLY_REPORT_CANDIDATE,PRE_BOUNDARY_OR_NOT_APPLICABLE,WAHB_IBN_MUNABBIH,CANDIDATE_PREFIX_EXTRACTED,5,EV-ADAM-001 | EV-ADAM-002 | EV-ADAM-003 | EV-ADAM-004 | EV-ADAM-005 | EV-ADAM-006 | EV-ADAM-007 | EV-ADAM-010 | EV-ADAM-011 | EV-ADAM-020 | EV-ADAM-021 | EV-ADAM-022 | EV-ADAM-023 | EV-ADAM-024 | EV-ADAM-030 | EV-ADAM-031 | EV-ADAM-032 | EV-ADAM-033 | EV-ADAM-040 | EV-ADAM-041 | EV-ADAM-042 | EV-ADAM-050 | EV-ADAM-051 | EV-ADAM-052 | EV-ADAM-053 | EV-ADAM-054 | EV-ADAM-055 | EV-ADAM-070 | EV-ADAM-071 | EV-ADAM-080 | EV-ADAM-081 | EV-ADAM-082 | EV-ADAM-090 | EV-ADAM-091 | EV-ADAM-099,RQ-ADAM-001 | RQ-ADAM-002 | RQ-ADAM-003 | RQ-ADAM-004 | RQ-ADAM-005 | RQ-ADAM-006 | RQ-ADAM-020 | RQ-ADAM-007 | RQ-ADAM-008 | RQ-ADAM-009 | RQ-ADAM-010 | RQ-ADAM-011 | RQ-ADAM-012 | RQ-ADAM-013 | RQ-ADAM-014 | RQ-ADAM-015 | RQ-ADAM-016 | RQ-ADAM-017 | RQ-ADAM-018 | RQ-ADAM-019 | RQ-ADAM-025 | RQ-ADAM-026 | RQ-ADAM-027 | RQ-ADAM-028 | RQ-ADAM-029 | RQ-ADAM-030 | RQ-ADAM-032,,,,,
adam_report_candidate_2e520d68966115407db18863,fc95dde8755ea5efbb4bad11,SRC-HISTORY-TABARI-ADAM,9783,shamela://local/5ac170a3045185ccf78e81ebd473cafb8069279b898836fd768c78de76a3d8e5/book/9783/volume/1/page/86?database_sha256=3eac670046fd84fefb8ebfe68a2a2f5f37f7716804a599a61555d3ea8a0162cb&segment_id=84,EARLY_REPORT_CANDIDATE,PRE_BOUNDARY_OR_NOT_APPLICABLE,WAHB_IBN_MUNABBIH,CANDIDATE_PREFIX_EXTRACTED,3,EV-ADAM-001 | EV-ADAM-002 | EV-ADAM-003 | EV-ADAM-004 | EV-ADAM-005 | EV-ADAM-006 | EV-ADAM-007 | EV-ADAM-010 | EV-ADAM-011 | EV-ADAM-020 | EV-ADAM-021 | EV-ADAM-022 | EV-ADAM-023 | EV-ADAM-024 | EV-ADAM-030 | EV-ADAM-031 | EV-ADAM-032 | EV-ADAM-033 | EV-ADAM-040 | EV-ADAM-041 | EV-ADAM-042 | EV-ADAM-050 | EV-ADAM-051 | EV-ADAM-052 | EV-ADAM-053 | EV-ADAM-054 | EV-ADAM-055 | EV-ADAM-070 | EV-ADAM-071 | EV-ADAM-080 | EV-ADAM-081 | EV-ADAM-082 | EV-ADAM-090 | EV-ADAM-091 | EV-ADAM-099,RQ-ADAM-001 | RQ-ADAM-002 | RQ-ADAM-003 | RQ-ADAM-004 | RQ-ADAM-005 | RQ-ADAM-006 | RQ-ADAM-020 | RQ-ADAM-007 | RQ-ADAM-008 | RQ-ADAM-009 | RQ-ADAM-010 | RQ-ADAM-011 | RQ-ADAM-012 | RQ-ADAM-013 | RQ-ADAM-014 | RQ-ADAM-015 | RQ-ADAM-016 | RQ-ADAM-017 | RQ-ADAM-018 | RQ-ADAM-019 | RQ-ADAM-025 | RQ-ADAM-026 | RQ-ADAM-027 | RQ-ADAM-028 | RQ-ADAM-029 | RQ-ADAM-030 | RQ-ADAM-032,,,,,
adam_report_candidate_a3cfba0b8c0fd2cbba0bc1dc,fc95dde8755ea5efbb4bad11,SRC-HISTORY-TABARI-ADAM,9783,shamela://local/5ac170a3045185ccf78e81ebd473cafb8069279b898836fd768c78de76a3d8e5/book/9783/volume/1/page/87?database_sha256=3eac670046fd84fefb8ebfe68a2a2f5f37f7716804a599a61555d3ea8a0162cb&segment_id=85,EARLY_REPORT_CANDIDATE,PRE_BOUNDARY_OR_NOT_APPLICABLE,WAHB_IBN_MUNABBIH,CANDIDATE_PREFIX_EXTRACTED,7,EV-ADAM-001 | EV-ADAM-002 | EV-ADAM-003 | EV-ADAM-004 | EV-ADAM-005 | EV-ADAM-006 | EV-ADAM-007 | EV-ADAM-010 | EV-ADAM-011 | EV-ADAM-020 | EV-ADAM-021 | EV-ADAM-022 | EV-ADAM-023 | EV-ADAM-024 | EV-ADAM-030 | EV-ADAM-031 | EV-ADAM-032 | EV-ADAM-033 | EV-ADAM-040 | EV-ADAM-041 | EV-ADAM-042 | EV-ADAM-050 | EV-ADAM-051 | EV-ADAM-052 | EV-ADAM-053 | EV-ADAM-054 | EV-ADAM-055 | EV-ADAM-070 | EV-ADAM-071 | EV-ADAM-080 | EV-ADAM-081 | EV-ADAM-082 | EV-ADAM-090 | EV-ADAM-091 | EV-ADAM-099,RQ-ADAM-001 | RQ-ADAM-002 | RQ-ADAM-003 | RQ-ADAM-004 | RQ-ADAM-005 | RQ-ADAM-006 | RQ-ADAM-020 | RQ-ADAM-007 | RQ-ADAM-008 | RQ-ADAM-009 | RQ-ADAM-010 | RQ-ADAM-011 | RQ-ADAM-012 | RQ-ADAM-013 | RQ-ADAM-014 | RQ-ADAM-015 | RQ-ADAM-016 | RQ-ADAM-017 | RQ-ADAM-018 | RQ-ADAM-019 | RQ-ADAM-025 | RQ-ADAM-026 | RQ-ADAM-027 | RQ-ADAM-028 | RQ-ADAM-029 | RQ-ADAM-030 | RQ-ADAM-032,,,,,
adam_report_candidate_b66dd2f313faff21a6fca8bf,fc95dde8755ea5efbb4bad11,SRC-HISTORY-TABARI-ADAM,9783,shamela://local/5ac170a3045185ccf78e81ebd473cafb8069279b898836fd768c78de76a3d8e5/book/9783/volume/1/page/87?database_sha256=3eac670046fd84fefb8ebfe68a2a2f5f37f7716804a599a61555d3ea8a0162cb&segment_id=85,EARLY_REPORT_CANDIDATE,PRE_BOUNDARY_OR_NOT_APPLICABLE,WAHB_IBN_MUNABBIH,CANDIDATE_PREFIX_EXTRACTED,5,EV-ADAM-001 | EV-ADAM-002 | EV-ADAM-003 | EV-ADAM-004 | EV-ADAM-005 | EV-ADAM-006 | EV-ADAM-007 | EV-ADAM-010 | EV-ADAM-011 | EV-ADAM-020 | EV-ADAM-021 | EV-ADAM-022 | EV-ADAM-023 | EV-ADAM-024 | EV-ADAM-030 | EV-ADAM-031 | EV-ADAM-032 | EV-ADAM-033 | EV-ADAM-040 | EV-ADAM-041 | EV-ADAM-042 | EV-ADAM-050 | EV-ADAM-051 | EV-ADAM-052 | EV-ADAM-053 | EV-ADAM-054 | EV-ADAM-055 | EV-ADAM-070 | EV-ADAM-071 | EV-ADAM-080 | EV-ADAM-081 | EV-ADAM-082 | EV-ADAM-090 | EV-ADAM-091 | EV-ADAM-099,RQ-ADAM-001 | RQ-ADAM-002 | RQ-ADAM-003 | RQ-ADAM-004 | RQ-ADAM-005 | RQ-ADAM-006 | RQ-ADAM-020 | RQ-ADAM-007 | RQ-ADAM-008 | RQ-ADAM-009 | RQ-ADAM-010 | RQ-ADAM-011 | RQ-ADAM-012 | RQ-ADAM-013 | RQ-ADAM-014 | RQ-ADAM-015 | RQ-ADAM-016 | RQ-ADAM-017 | RQ-ADAM-018 | RQ-ADAM-019 | RQ-ADAM-025 | RQ-ADAM-026 | RQ-ADAM-027 | RQ-ADAM-028 | RQ-ADAM-029 | RQ-ADAM-030 | RQ-ADAM-032,,,,,
adam_report_candidate_df1840bf2df2bbeee4151541,fc95dde8755ea5efbb4bad11,SRC-HISTORY-TABARI-ADAM,9783,shamela://local/5ac170a3045185ccf78e81ebd473cafb8069279b898836fd768c78de76a3d8e5/book/9783/volume/1/page/87?database_sha256=3eac670046fd84fefb8ebfe68a2a2f5f37f7716804a599a61555d3ea8a0162cb&segment_id=85,EARLY_REPORT_CANDIDATE,PRE_BOUNDARY_OR_NOT_APPLICABLE,WAHB_IBN_MUNABBIH,CANDIDATE_PREFIX_EXTRACTED,3,EV-ADAM-001 | EV-ADAM-002 | EV-ADAM-003 | EV-ADAM-004 | EV-ADAM-005 | EV-ADAM-006 | EV-ADAM-007 | EV-ADAM-010 | EV-ADAM-011 | EV-ADAM-020 | EV-ADAM-021 | EV-ADAM-022 | EV-ADAM-023 | EV-ADAM-024 | EV-ADAM-030 | EV-ADAM-031 | EV-ADAM-032 | EV-ADAM-033 | EV-ADAM-040 | EV-ADAM-041 | EV-ADAM-042 | EV-ADAM-050 | EV-ADAM-051 | EV-ADAM-052 | EV-ADAM-053 | EV-ADAM-054 | EV-ADAM-055 | EV-ADAM-070 | EV-ADAM-071 | EV-ADAM-080 | EV-ADAM-081 | EV-ADAM-082 | EV-ADAM-090 | EV-ADAM-091 | EV-ADAM-099,RQ-ADAM-001 | RQ-ADAM-002 | RQ-ADAM-003 | RQ-ADAM-004 | RQ-ADAM-005 | RQ-ADAM-006 | RQ-ADAM-020 | RQ-ADAM-007 | RQ-ADAM-008 | RQ-ADAM-009 | RQ-ADAM-010 | RQ-ADAM-011 | RQ-ADAM-012 | RQ-ADAM-013 | RQ-ADAM-014 | RQ-ADAM-015 | RQ-ADAM-016 | RQ-ADAM-017 | RQ-ADAM-018 | RQ-ADAM-019 | RQ-ADAM-025 | RQ-ADAM-026 | RQ-ADAM-027 | RQ-ADAM-028 | RQ-ADAM-029 | RQ-ADAM-030 | RQ-ADAM-032,,,,,
adam_report_candidate_a011ecac9459dce0779b0aa5,fc95dde8755ea5efbb4bad11,SRC-HISTORY-TABARI-ADAM,9783,shamela://local/5ac170a3045185ccf78e81ebd473cafb8069279b898836fd768c78de76a3d8e5/book/9783/volume/1/page/88?database_sha256=3eac670046fd84fefb8ebfe68a2a2f5f37f7716804a599a61555d3ea8a0162cb&segment_id=86,AUTHORIAL_COMMENTARY_CANDIDATE,PRE_BOUNDARY_OR_NOT_APPLICABLE,WAHB_IBN_MUNABBIH,NO_ISNAD_PREFIX_DETECTED,1,EV-ADAM-001 | EV-ADAM-002 | EV-ADAM-003 | EV-ADAM-004 | EV-ADAM-005 | EV-ADAM-006 | EV-ADAM-007 | EV-ADAM-010 | EV-ADAM-011 | EV-ADAM-020 | EV-ADAM-021 | EV-ADAM-022 | EV-ADAM-023 | EV-ADAM-024 | EV-ADAM-030 | EV-ADAM-031 | EV-ADAM-032 | EV-ADAM-033 | EV-ADAM-040 | EV-ADAM-041 | EV-ADAM-042 | EV-ADAM-050 | EV-ADAM-051 | EV-ADAM-052 | EV-ADAM-053 | EV-ADAM-054 | EV-ADAM-055 | EV-ADAM-070 | EV-ADAM-071 | EV-ADAM-080 | EV-ADAM-081 | EV-ADAM-082 | EV-ADAM-090 | EV-ADAM-091 | EV-ADAM-099,RQ-ADAM-001 | RQ-ADAM-002 | RQ-ADAM-003 | RQ-ADAM-004 | RQ-ADAM-005 | RQ-ADAM-006 | RQ-ADAM-020 | RQ-ADAM-007 | RQ-ADAM-008 | RQ-ADAM-009 | RQ-ADAM-010 | RQ-ADAM-011 | RQ-ADAM-012 | RQ-ADAM-013 | RQ-ADAM-014 | RQ-ADAM-015 | RQ-ADAM-016 | RQ-ADAM-017 | RQ-ADAM-018 | RQ-ADAM-019 | RQ-ADAM-025 | RQ-ADAM-026 | RQ-ADAM-027 | RQ-ADAM-028 | RQ-ADAM-029 | RQ-ADAM-030 | RQ-ADAM-032,,,,,
adam_report_candidate_3873fbeb47b7a671b95fa8b8,fc95dde8755ea5efbb4bad11,SRC-HISTORY-TABARI-ADAM,9783,shamela://local/5ac170a3045185ccf78e81ebd473cafb8069279b898836fd768c78de76a3d8e5/book/9783/volume/1/page/89?database_sha256=3eac670046fd84fefb8ebfe68a2a2f5f37f7716804a599a61555d3ea8a0162cb&segment_id=87,EARLY_REPORT_CANDIDATE,PRE_BOUNDARY_OR_NOT_APPLICABLE,WAHB_IBN_MUNABBIH,NO_ISNAD_PREFIX_DETECTED,1,EV-ADAM-001 | EV-ADAM-002 | EV-ADAM-003 | EV-ADAM-004 | EV-ADAM-005 | EV-ADAM-006 | EV-ADAM-007 | EV-ADAM-010 | EV-ADAM-011 | EV-ADAM-020 | EV-ADAM-021 | EV-ADAM-022 | EV-ADAM-023 | EV-ADAM-024 | EV-ADAM-030 | EV-ADAM-031 | EV-ADAM-032 | EV-ADAM-033 | EV-ADAM-040 | EV-ADAM-041 | EV-ADAM-042 | EV-ADAM-050 | EV-ADAM-051 | EV-ADAM-052 | EV-ADAM-053 | EV-ADAM-054 | EV-ADAM-055 | EV-ADAM-070 | EV-ADAM-071 | EV-ADAM-080 | EV-ADAM-081 | EV-ADAM-082 | EV-ADAM-090 | EV-ADAM-091 | EV-ADAM-099,RQ-ADAM-001 | RQ-ADAM-002 | RQ-ADAM-003 | RQ-ADAM-004 | RQ-ADAM-005 | RQ-ADAM-006 | RQ-ADAM-020 | RQ-ADAM-007 | RQ-ADAM-008 | RQ-ADAM-009 | RQ-ADAM-010 | RQ-ADAM-011 | RQ-ADAM-012 | RQ-ADAM-013 | RQ-ADAM-014 | RQ-ADAM-015 | RQ-ADAM-016 | RQ-ADAM-017 | RQ-ADAM-018 | RQ-ADAM-019 | RQ-ADAM-025 | RQ-ADAM-026 | RQ-ADAM-027 | RQ-ADAM-028 | RQ-ADAM-029 | RQ-ADAM-030 | RQ-ADAM-032,,,,,
adam_report_candidate_b520de39f7644bc918fc23d9,fc95dde8755ea5efbb4bad11,SRC-HISTORY-TABARI-ADAM,9783,shamela://local/5ac170a3045185ccf78e81ebd473cafb8069279b898836fd768c78de76a3d8e5/book/9783/volume/1/page/90?database_sha256=3eac670046fd84fefb8ebfe68a2a2f5f37f7716804a599a61555d3ea8a0162cb&segment_id=88,EARLY_REPORT_CANDIDATE,PRE_BOUNDARY_OR_NOT_APPLICABLE,WAHB_IBN_MUNABBIH,NO_ISNAD_PREFIX_DETECTED,4,EV-ADAM-001 | EV-ADAM-002 | EV-ADAM-003 | EV-ADAM-004 | EV-ADAM-005 | EV-ADAM-006 | EV-ADAM-007 | EV-ADAM-010 | EV-ADAM-011 | EV-ADAM-020 | EV-ADAM-021 | EV-ADAM-022 | EV-ADAM-023 | EV-ADAM-024 | EV-ADAM-030 | EV-ADAM-031 | EV-ADAM-032 | EV-ADAM-033 | EV-ADAM-040 | EV-ADAM-041 | EV-ADAM-042 | EV-ADAM-050 | EV-ADAM-051 | EV-ADAM-052 | EV-ADAM-053 | EV-ADAM-054 | EV-ADAM-055 | EV-ADAM-070 | EV-ADAM-071 | EV-ADAM-080 | EV-ADAM-081 | EV-ADAM-082 | EV-ADAM-090 | EV-ADAM-091 | EV-ADAM-099,RQ-ADAM-001 | RQ-ADAM-002 | RQ-ADAM-003 | RQ-ADAM-004 | RQ-ADAM-005 | RQ-ADAM-006 | RQ-ADAM-020 | RQ-ADAM-007 | RQ-ADAM-008 | RQ-ADAM-009 | RQ-ADAM-010 | RQ-ADAM-011 | RQ-ADAM-012 | RQ-ADAM-013 | RQ-ADAM-014 | RQ-ADAM-015 | RQ-ADAM-016 | RQ-ADAM-017 | RQ-ADAM-018 | RQ-ADAM-019 | RQ-ADAM-025 | RQ-ADAM-026 | RQ-ADAM-027 | RQ-ADAM-028 | RQ-ADAM-029 | RQ-ADAM-030 | RQ-ADAM-032,,,,,
adam_report_candidate_086d89a3fbf2f72df86448d6,fc95dde8755ea5efbb4bad11,SRC-HISTORY-TABARI-ADAM,9783,shamela://local/5ac170a3045185ccf78e81ebd473cafb8069279b898836fd768c78de76a3d8e5/book/9783/volume/1/page/90?database_sha256=3eac670046fd84fefb8ebfe68a2a2f5f37f7716804a599a61555d3ea8a0162cb&segment_id=88,EARLY_REPORT_CANDIDATE,PRE_BOUNDARY_OR_NOT_APPLICABLE,WAHB_IBN_MUNABBIH,CANDIDATE_PREFIX_EXTRACTED,4,EV-ADAM-001 | EV-ADAM-002 | EV-ADAM-003 | EV-ADAM-004 | EV-ADAM-005 | EV-ADAM-006 | EV-ADAM-007 | EV-ADAM-010 | EV-ADAM-011 | EV-ADAM-020 | EV-ADAM-021 | EV-ADAM-022 | EV-ADAM-023 | EV-ADAM-024 | EV-ADAM-030 | EV-ADAM-031 | EV-ADAM-032 | EV-ADAM-033 | EV-ADAM-040 | EV-ADAM-041 | EV-ADAM-042 | EV-ADAM-050 | EV-ADAM-051 | EV-ADAM-052 | EV-ADAM-053 | EV-ADAM-054 | EV-ADAM-055 | EV-ADAM-070 | EV-ADAM-071 | EV-ADAM-080 | EV-ADAM-081 | EV-ADAM-082 | EV-ADAM-090 | EV-ADAM-091 | EV-ADAM-099,RQ-ADAM-001 | RQ-ADAM-002 | RQ-ADAM-003 | RQ-ADAM-004 | RQ-ADAM-005 | RQ-ADAM-006 | RQ-ADAM-020 | RQ-ADAM-007 | RQ-ADAM-008 | RQ-ADAM-009 | RQ-ADAM-010 | RQ-ADAM-011 | RQ-ADAM-012 | RQ-ADAM-013 | RQ-ADAM-014 | RQ-ADAM-015 | RQ-ADAM-016 | RQ-ADAM-017 | RQ-ADAM-018 | RQ-ADAM-019 | RQ-ADAM-025 | RQ-ADAM-026 | RQ-ADAM-027 | RQ-ADAM-028 | RQ-ADAM-029 | RQ-ADAM-030 | RQ-ADAM-032,,,,,
adam_report_candidate_ad1c552d401e3b0ddace6087,fc95dde8755ea5efbb4bad11,SRC-HISTORY-TABARI-ADAM,9783,shamela://local/5ac170a3045185ccf78e81ebd473cafb8069279b898836fd768c78de76a3d8e5/book/9783/volume/1/page/90?database_sha256=3eac670046fd84fefb8ebfe68a2a2f5f37f7716804a599a61555d3ea8a0162cb&segment_id=88,EARLY_REPORT_CANDIDATE,PRE_BOUNDARY_OR_NOT_APPLICABLE,WAHB_IBN_MUNABBIH,CANDIDATE_PREFIX_EXTRACTED,4,EV-ADAM-001 | EV-ADAM-002 | EV-ADAM-003 | EV-ADAM-004 | EV-ADAM-005 | EV-ADAM-006 | EV-ADAM-007 | EV-ADAM-010 | EV-ADAM-011 | EV-ADAM-020 | EV-ADAM-021 | EV-ADAM-022 | EV-ADAM-023 | EV-ADAM-024 | EV-ADAM-030 | EV-ADAM-031 | EV-ADAM-032 | EV-ADAM-033 | EV-ADAM-040 | EV-ADAM-041 | EV-ADAM-042 | EV-ADAM-050 | EV-ADAM-051 | EV-ADAM-052 | EV-ADAM-053 | EV-ADAM-054 | EV-ADAM-055 | EV-ADAM-070 | EV-ADAM-071 | EV-ADAM-080 | EV-ADAM-081 | EV-ADAM-082 | EV-ADAM-090 | EV-ADAM-091 | EV-ADAM-099,RQ-ADAM-001 | RQ-ADAM-002 | RQ-ADAM-003 | RQ-ADAM-004 | RQ-ADAM-005 | RQ-ADAM-006 | RQ-ADAM-020 | RQ-ADAM-007 | RQ-ADAM-008 | RQ-ADAM-009 | RQ-ADAM-010 | RQ-ADAM-011 | RQ-ADAM-012 | RQ-ADAM-013 | RQ-ADAM-014 | RQ-ADAM-015 | RQ-ADAM-016 | RQ-ADAM-017 | RQ-ADAM-018 | RQ-ADAM-019 | RQ-ADAM-025 | RQ-ADAM-026 | RQ-ADAM-027 | RQ-ADAM-028 | RQ-ADAM-029 | RQ-ADAM-030 | RQ-ADAM-032,,,,,
adam_report_candidate_07631224c04d9100106acf93,fc95dde8755ea5efbb4bad11,SRC-HISTORY-TABARI-ADAM,9783,shamela://local/5ac170a3045185ccf78e81ebd473cafb8069279b898836fd768c78de76a3d8e5/book/9783/volume/1/page/91?database_sha256=3eac670046fd84fefb8ebfe68a2a2f5f37f7716804a599a61555d3ea8a0162cb&segment_id=89,EARLY_REPORT_CANDIDATE,PRE_BOUNDARY_OR_NOT_APPLICABLE,WAHB_IBN_MUNABBIH,NO_ISNAD_PREFIX_DETECTED,1,EV-ADAM-001 | EV-ADAM-002 | EV-ADAM-003 | EV-ADAM-004 | EV-ADAM-005 | EV-ADAM-006 | EV-ADAM-007 | EV-ADAM-010 | EV-ADAM-011 | EV-ADAM-020 | EV-ADAM-021 | EV-ADAM-022 | EV-ADAM-023 | EV-ADAM-024 | EV-ADAM-030 | EV-ADAM-031 | EV-ADAM-032 | EV-ADAM-033 | EV-ADAM-040 | EV-ADAM-041 | EV-ADAM-042 | EV-ADAM-050 | EV-ADAM-051 | EV-ADAM-052 | EV-ADAM-053 | EV-ADAM-054 | EV-ADAM-055 | EV-ADAM-070 | EV-ADAM-071 | EV-ADAM-080 | EV-ADAM-081 | EV-ADAM-082 | EV-ADAM-090 | EV-ADAM-091 | EV-ADAM-099,RQ-ADAM-001 | RQ-ADAM-002 | RQ-ADAM-003 | RQ-ADAM-004 | RQ-ADAM-005 | RQ-ADAM-006 | RQ-ADAM-020 | RQ-ADAM-007 | RQ-ADAM-008 | RQ-ADAM-009 | RQ-ADAM-010 | RQ-ADAM-011 | RQ-ADAM-012 | RQ-ADAM-013 | RQ-ADAM-014 | RQ-ADAM-015 | RQ-ADAM-016 | RQ-ADAM-017 | RQ-ADAM-018 | RQ-ADAM-019 | RQ-ADAM-025 | RQ-ADAM-026 | RQ-ADAM-027 | RQ-ADAM-028 | RQ-ADAM-029 | RQ-ADAM-030 | RQ-ADAM-032,,,,,
adam_report_candidate_8efedc47c487367bbada0d30,fc95dde8755ea5efbb4bad11,SRC-HISTORY-TABARI-ADAM,9783,shamela://local/5ac170a3045185ccf78e81ebd473cafb8069279b898836fd768c78de76a3d8e5/book/9783/volume/1/page/91?database_sha256=3eac670046fd84fefb8ebfe68a2a2f5f37f7716804a599a61555d3ea8a0162cb&segment_id=89,EARLY_REPORT_CANDIDATE,PRE_BOUNDARY_OR_NOT_APPLICABLE,WAHB_IBN_MUNABBIH,CANDIDATE_PREFIX_EXTRACTED,8,EV-ADAM-001 | EV-ADAM-002 | EV-ADAM-003 | EV-ADAM-004 | EV-ADAM-005 | EV-ADAM-006 | EV-ADAM-007 | EV-ADAM-010 | EV-ADAM-011 | EV-ADAM-020 | EV-ADAM-021 | EV-ADAM-022 | EV-ADAM-023 | EV-ADAM-024 | EV-ADAM-030 | EV-ADAM-031 | EV-ADAM-032 | EV-ADAM-033 | EV-ADAM-040 | EV-ADAM-041 | EV-ADAM-042 | EV-ADAM-050 | EV-ADAM-051 | EV-ADAM-052 | EV-ADAM-053 | EV-ADAM-054 | EV-ADAM-055 | EV-ADAM-070 | EV-ADAM-071 | EV-ADAM-080 | EV-ADAM-081 | EV-ADAM-082 | EV-ADAM-090 | EV-ADAM-091 | EV-ADAM-099,RQ-ADAM-001 | RQ-ADAM-002 | RQ-ADAM-003 | RQ-ADAM-004 | RQ-ADAM-005 | RQ-ADAM-006 | RQ-ADAM-020 | RQ-ADAM-007 | RQ-ADAM-008 | RQ-ADAM-009 | RQ-ADAM-010 | RQ-ADAM-011 | RQ-ADAM-012 | RQ-ADAM-013 | RQ-ADAM-014 | RQ-ADAM-015 | RQ-ADAM-016 | RQ-ADAM-017 | RQ-ADAM-018 | RQ-ADAM-019 | RQ-ADAM-025 | RQ-ADAM-026 | RQ-ADAM-027 | RQ-ADAM-028 | RQ-ADAM-029 | RQ-ADAM-030 | RQ-ADAM-032,,,,,
adam_report_candidate_f5d2c493f27ff16a2a4a3d52,fc95dde8755ea5efbb4bad11,SRC-HISTORY-TABARI-ADAM,9783,shamela://local/5ac170a3045185ccf78e81ebd473cafb8069279b898836fd768c78de76a3d8e5/book/9783/volume/1/page/91?database_sha256=3eac670046fd84fefb8ebfe68a2a2f5f37f7716804a599a61555d3ea8a0162cb&segment_id=89,EARLY_REPORT_CANDIDATE,PRE_BOUNDARY_OR_NOT_APPLICABLE,WAHB_IBN_MUNABBIH,CANDIDATE_PREFIX_EXTRACTED,10,EV-ADAM-001 | EV-ADAM-002 | EV-ADAM-003 | EV-ADAM-004 | EV-ADAM-005 | EV-ADAM-006 | EV-ADAM-007 | EV-ADAM-010 | EV-ADAM-011 | EV-ADAM-020 | EV-ADAM-021 | EV-ADAM-022 | EV-ADAM-023 | EV-ADAM-024 | EV-ADAM-030 | EV-ADAM-031 | EV-ADAM-032 | EV-ADAM-033 | EV-ADAM-040 | EV-ADAM-041 | EV-ADAM-042 | EV-ADAM-050 | EV-ADAM-051 | EV-ADAM-052 | EV-ADAM-053 | EV-ADAM-054 | EV-ADAM-055 | EV-ADAM-070 | EV-ADAM-071 | EV-ADAM-080 | EV-ADAM-081 | EV-ADAM-082 | EV-ADAM-090 | EV-ADAM-091 | EV-ADAM-099,RQ-ADAM-001 | RQ-ADAM-002 | RQ-ADAM-003 | RQ-ADAM-004 | RQ-ADAM-005 | RQ-ADAM-006 | RQ-ADAM-020 | RQ-ADAM-007 | RQ-ADAM-008 | RQ-ADAM-009 | RQ-ADAM-010 | RQ-ADAM-011 | RQ-ADAM-012 | RQ-ADAM-013 | RQ-ADAM-014 | RQ-ADAM-015 | RQ-ADAM-016 | RQ-ADAM-017 | RQ-ADAM-018 | RQ-ADAM-019 | RQ-ADAM-025 | RQ-ADAM-026 | RQ-ADAM-027 | RQ-ADAM-028 | RQ-ADAM-029 | RQ-ADAM-030 | RQ-ADAM-032,,,,,
adam_report_candidate_c74d583216bf71fe16bff7e3,fc95dde8755ea5efbb4bad11,SRC-HISTORY-TABARI-ADAM,9783,shamela://local/5ac170a3045185ccf78e81ebd473cafb8069279b898836fd768c78de76a3d8e5/book/9783/volume/1/page/91?database_sha256=3eac670046fd84fefb8ebfe68a2a2f5f37f7716804a599a61555d3ea8a0162cb&segment_id=89,PROPHETIC_HADITH_CANDIDATE,PRE_BOUNDARY_OR_NOT_APPLICABLE,WAHB_IBN_MUNABBIH,CANDIDATE_PREFIX_EXTRACTED,3,EV-ADAM-001 | EV-ADAM-002 | EV-ADAM-003 | EV-ADAM-004 | EV-ADAM-005 | EV-ADAM-006 | EV-ADAM-007 | EV-ADAM-010 | EV-ADAM-011 | EV-ADAM-020 | EV-ADAM-021 | EV-ADAM-022 | EV-ADAM-023 | EV-ADAM-024 | EV-ADAM-030 | EV-ADAM-031 | EV-ADAM-032 | EV-ADAM-033 | EV-ADAM-040 | EV-ADAM-041 | EV-ADAM-042 | EV-ADAM-050 | EV-ADAM-051 | EV-ADAM-052 | EV-ADAM-053 | EV-ADAM-054 | EV-ADAM-055 | EV-ADAM-070 | EV-ADAM-071 | EV-ADAM-080 | EV-ADAM-081 | EV-ADAM-082 | EV-ADAM-090 | EV-ADAM-091 | EV-ADAM-099,RQ-ADAM-001 | RQ-ADAM-002 | RQ-ADAM-003 | RQ-ADAM-004 | RQ-ADAM-005 | RQ-ADAM-006 | RQ-ADAM-020 | RQ-ADAM-007 | RQ-ADAM-008 | RQ-ADAM-009 | RQ-ADAM-010 | RQ-ADAM-011 | RQ-ADAM-012 | RQ-ADAM-013 | RQ-ADAM-014 | RQ-ADAM-015 | RQ-ADAM-016 | RQ-ADAM-017 | RQ-ADAM-018 | RQ-ADAM-019 | RQ-ADAM-025 | RQ-ADAM-026 | RQ-ADAM-027 | RQ-ADAM-028 | RQ-ADAM-029 | RQ-ADAM-030 | RQ-ADAM-032,,,,,
adam_report_candidate_129d9f4075acbd034f990eb3,fc95dde8755ea5efbb4bad11,SRC-HISTORY-TABARI-ADAM,9783,shamela://local/5ac170a3045185ccf78e81ebd473cafb8069279b898836fd768c78de76a3d8e5/book/9783/volume/1/page/92?database_sha256=3eac670046fd84fefb8ebfe68a2a2f5f37f7716804a599a61555d3ea8a0162cb&segment_id=90,EARLY_REPORT_CANDIDATE,PRE_BOUNDARY_OR_NOT_APPLICABLE,WAHB_IBN_MUNABBIH,NO_ISNAD_PREFIX_DETECTED,1,EV-ADAM-001 | EV-ADAM-002 | EV-ADAM-003 | EV-ADAM-004 | EV-ADAM-005 | EV-ADAM-006 | EV-ADAM-007 | EV-ADAM-010 | EV-ADAM-011 | EV-ADAM-020 | EV-ADAM-021 | EV-ADAM-022 | EV-ADAM-023 | EV-ADAM-024 | EV-ADAM-030 | EV-ADAM-031 | EV-ADAM-032 | EV-ADAM-033 | EV-ADAM-040 | EV-ADAM-041 | EV-ADAM-042 | EV-ADAM-050 | EV-ADAM-051 | EV-ADAM-052 | EV-ADAM-053 | EV-ADAM-054 | EV-ADAM-055 | EV-ADAM-070 | EV-ADAM-071 | EV-ADAM-080 | EV-ADAM-081 | EV-ADAM-082 | EV-ADAM-090 | EV-ADAM-091 | EV-ADAM-099,RQ-ADAM-001 | RQ-ADAM-002 | RQ-ADAM-003 | RQ-ADAM-004 | RQ-ADAM-005 | RQ-ADAM-006 | RQ-ADAM-020 | RQ-ADAM-007 | RQ-ADAM-008 | RQ-ADAM-009 | RQ-ADAM-010 | RQ-ADAM-011 | RQ-ADAM-012 | RQ-ADAM-013 | RQ-ADAM-014 | RQ-ADAM-015 | RQ-ADAM-016 | RQ-ADAM-017 | RQ-ADAM-018 | RQ-ADAM-019 | RQ-ADAM-025 | RQ-ADAM-026 | RQ-ADAM-027 | RQ-ADAM-028 | RQ-ADAM-029 | RQ-ADAM-030 | RQ-ADAM-032,,,,,
adam_report_candidate_d67067e66bf19c74a7951aa7,fc95dde8755ea5efbb4bad11,SRC-HISTORY-TABARI-ADAM,9783,shamela://local/5ac170a3045185ccf78e81ebd473cafb8069279b898836fd768c78de76a3d8e5/book/9783/volume/1/page/92?database_sha256=3eac670046fd84fefb8ebfe68a2a2f5f37f7716804a599a61555d3ea8a0162cb&segment_id=90,EARLY_REPORT_CANDIDATE,PRE_BOUNDARY_OR_NOT_APPLICABLE,WAHB_IBN_MUNABBIH,CANDIDATE_PREFIX_EXTRACTED,7,EV-ADAM-001 | EV-ADAM-002 | EV-ADAM-003 | EV-ADAM-004 | EV-ADAM-005 | EV-ADAM-006 | EV-ADAM-007 | EV-ADAM-010 | EV-ADAM-011 | EV-ADAM-020 | EV-ADAM-021 | EV-ADAM-022 | EV-ADAM-023 | EV-ADAM-024 | EV-ADAM-030 | EV-ADAM-031 | EV-ADAM-032 | EV-ADAM-033 | EV-ADAM-040 | EV-ADAM-041 | EV-ADAM-042 | EV-ADAM-050 | EV-ADAM-051 | EV-ADAM-052 | EV-ADAM-053 | EV-ADAM-054 | EV-ADAM-055 | EV-ADAM-070 | EV-ADAM-071 | EV-ADAM-080 | EV-ADAM-081 | EV-ADAM-082 | EV-ADAM-090 | EV-ADAM-091 | EV-ADAM-099,RQ-ADAM-001 | RQ-ADAM-002 | RQ-ADAM-003 | RQ-ADAM-004 | RQ-ADAM-005 | RQ-ADAM-006 | RQ-ADAM-020 | RQ-ADAM-007 | RQ-ADAM-008 | RQ-ADAM-009 | RQ-ADAM-010 | RQ-ADAM-011 | RQ-ADAM-012 | RQ-ADAM-013 | RQ-ADAM-014 | RQ-ADAM-015 | RQ-ADAM-016 | RQ-ADAM-017 | RQ-ADAM-018 | RQ-ADAM-019 | RQ-ADAM-025 | RQ-ADAM-026 | RQ-ADAM-027 | RQ-ADAM-028 | RQ-ADAM-029 | RQ-ADAM-030 | RQ-ADAM-032,,,,,
adam_report_candidate_691408418cd988518e3f7d57,fc95dde8755ea5efbb4bad11,SRC-HISTORY-TABARI-ADAM,9783,shamela://local/5ac170a3045185ccf78e81ebd473cafb8069279b898836fd768c78de76a3d8e5/book/9783/volume/1/page/92?database_sha256=3eac670046fd84fefb8ebfe68a2a2f5f37f7716804a599a61555d3ea8a0162cb&segment_id=90,EARLY_REPORT_CANDIDATE,PRE_BOUNDARY_OR_NOT_APPLICABLE,WAHB_IBN_MUNABBIH,CANDIDATE_PREFIX_EXTRACTED,4,EV-ADAM-001 | EV-ADAM-002 | EV-ADAM-003 | EV-ADAM-004 | EV-ADAM-005 | EV-ADAM-006 | EV-ADAM-007 | EV-ADAM-010 | EV-ADAM-011 | EV-ADAM-020 | EV-ADAM-021 | EV-ADAM-022 | EV-ADAM-023 | EV-ADAM-024 | EV-ADAM-030 | EV-ADAM-031 | EV-ADAM-032 | EV-ADAM-033 | EV-ADAM-040 | EV-ADAM-041 | EV-ADAM-042 | EV-ADAM-050 | EV-ADAM-051 | EV-ADAM-052 | EV-ADAM-053 | EV-ADAM-054 | EV-ADAM-055 | EV-ADAM-070 | EV-ADAM-071 | EV-ADAM-080 | EV-ADAM-081 | EV-ADAM-082 | EV-ADAM-090 | EV-ADAM-091 | EV-ADAM-099,RQ-ADAM-001 | RQ-ADAM-002 | RQ-ADAM-003 | RQ-ADAM-004 | RQ-ADAM-005 | RQ-ADAM-006 | RQ-ADAM-020 | RQ-ADAM-007 | RQ-ADAM-008 | RQ-ADAM-009 | RQ-ADAM-010 | RQ-ADAM-011 | RQ-ADAM-012 | RQ-ADAM-013 | RQ-ADAM-014 | RQ-ADAM-015 | RQ-ADAM-016 | RQ-ADAM-017 | RQ-ADAM-018 | RQ-ADAM-019 | RQ-ADAM-025 | RQ-ADAM-026 | RQ-ADAM-027 | RQ-ADAM-028 | RQ-ADAM-029 | RQ-ADAM-030 | RQ-ADAM-032,,,,,
adam_report_candidate_524ced0d2cbc54bdf9f5d425,fc95dde8755ea5efbb4bad11,SRC-HISTORY-TABARI-ADAM,9783,shamela://local/5ac170a3045185ccf78e81ebd473cafb8069279b898836fd768c78de76a3d8e5/book/9783/volume/1/page/93?database_sha256=3eac670046fd84fefb8ebfe68a2a2f5f37f7716804a599a61555d3ea8a0162cb&segment_id=91,EARLY_REPORT_CANDIDATE,PRE_BOUNDARY_OR_NOT_APPLICABLE,WAHB_IBN_MUNABBIH,CANDIDATE_PREFIX_EXTRACTED,2,EV-ADAM-001 | EV-ADAM-002 | EV-ADAM-003 | EV-ADAM-004 | EV-ADAM-005 | EV-ADAM-006 | EV-ADAM-007 | EV-ADAM-010 | EV-ADAM-011 | EV-ADAM-020 | EV-ADAM-021 | EV-ADAM-022 | EV-ADAM-023 | EV-ADAM-024 | EV-ADAM-030 | EV-ADAM-031 | EV-ADAM-032 | EV-ADAM-033 | EV-ADAM-040 | EV-ADAM-041 | EV-ADAM-042 | EV-ADAM-050 | EV-ADAM-051 | EV-ADAM-052 | EV-ADAM-053 | EV-ADAM-054 | EV-ADAM-055 | EV-ADAM-070 | EV-ADAM-071 | EV-ADAM-080 | EV-ADAM-081 | EV-ADAM-082 | EV-ADAM-090 | EV-ADAM-091 | EV-ADAM-099,RQ-ADAM-001 | RQ-ADAM-002 | RQ-ADAM-003 | RQ-ADAM-004 | RQ-ADAM-005 | RQ-ADAM-006 | RQ-ADAM-020 | RQ-ADAM-007 | RQ-ADAM-008 | RQ-ADAM-009 | RQ-ADAM-010 | RQ-ADAM-011 | RQ-ADAM-012 | RQ-ADAM-013 | RQ-ADAM-014 | RQ-ADAM-015 | RQ-ADAM-016 | RQ-ADAM-017 | RQ-ADAM-018 | RQ-ADAM-019 | RQ-ADAM-025 | RQ-ADAM-026 | RQ-ADAM-027 | RQ-ADAM-028 | RQ-ADAM-029 | RQ-ADAM-030 | RQ-ADAM-032,,,,,
adam_report_candidate_4108619fd927f26e8add08e6,fc95dde8755ea5efbb4bad11,SRC-HISTORY-TABARI-ADAM,9783,shamela://local/5ac170a3045185ccf78e81ebd473cafb8069279b898836fd768c78de76a3d8e5/book/9783/volume/1/page/93?database_sha256=3eac670046fd84fefb8ebfe68a2a2f5f37f7716804a599a61555d3ea8a0162cb&segment_id=91,EARLY_REPORT_CANDIDATE,PRE_BOUNDARY_OR_NOT_APPLICABLE,WAHB_IBN_MUNABBIH,CANDIDATE_PREFIX_EXTRACTED,4,EV-ADAM-001 | EV-ADAM-002 | EV-ADAM-003 | EV-ADAM-004 | EV-ADAM-005 | EV-ADAM-006 | EV-ADAM-007 | EV-ADAM-010 | EV-ADAM-011 | EV-ADAM-020 | EV-ADAM-021 | EV-ADAM-022 | EV-ADAM-023 | EV-ADAM-024 | EV-ADAM-030 | EV-ADAM-031 | EV-ADAM-032 | EV-ADAM-033 | EV-ADAM-040 | EV-ADAM-041 | EV-ADAM-042 | EV-ADAM-050 | EV-ADAM-051 | EV-ADAM-052 | EV-ADAM-053 | EV-ADAM-054 | EV-ADAM-055 | EV-ADAM-070 | EV-ADAM-071 | EV-ADAM-080 | EV-ADAM-081 | EV-ADAM-082 | EV-ADAM-090 | EV-ADAM-091 | EV-ADAM-099,RQ-ADAM-001 | RQ-ADAM-002 | RQ-ADAM-003 | RQ-ADAM-004 | RQ-ADAM-005 | RQ-ADAM-006 | RQ-ADAM-020 | RQ-ADAM-007 | RQ-ADAM-008 | RQ-ADAM-009 | RQ-ADAM-010 | RQ-ADAM-011 | RQ-ADAM-012 | RQ-ADAM-013 | RQ-ADAM-014 | RQ-ADAM-015 | RQ-ADAM-016 | RQ-ADAM-017 | RQ-ADAM-018 | RQ-ADAM-019 | RQ-ADAM-025 | RQ-ADAM-026 | RQ-ADAM-027 | RQ-ADAM-028 | RQ-ADAM-029 | RQ-ADAM-030 | RQ-ADAM-032,,,,,
adam_report_candidate_4cfe77f1c7431341a4aa05f9,fc95dde8755ea5efbb4bad11,SRC-HISTORY-TABARI-ADAM,9783,shamela://local/5ac170a3045185ccf78e81ebd473cafb8069279b898836fd768c78de76a3d8e5/book/9783/volume/1/page/93?database_sha256=3eac670046fd84fefb8ebfe68a2a2f5f37f7716804a599a61555d3ea8a0162cb&segment_id=91,EARLY_REPORT_CANDIDATE,PRE_BOUNDARY_OR_NOT_APPLICABLE,WAHB_IBN_MUNABBIH,CANDIDATE_PREFIX_EXTRACTED,4,EV-ADAM-001 | EV-ADAM-002 | EV-ADAM-003 | EV-ADAM-004 | EV-ADAM-005 | EV-ADAM-006 | EV-ADAM-007 | EV-ADAM-010 | EV-ADAM-011 | EV-ADAM-020 | EV-ADAM-021 | EV-ADAM-022 | EV-ADAM-023 | EV-ADAM-024 | EV-ADAM-030 | EV-ADAM-031 | EV-ADAM-032 | EV-ADAM-033 | EV-ADAM-040 | EV-ADAM-041 | EV-ADAM-042 | EV-ADAM-050 | EV-ADAM-051 | EV-ADAM-052 | EV-ADAM-053 | EV-ADAM-054 | EV-ADAM-055 | EV-ADAM-070 | EV-ADAM-071 | EV-ADAM-080 | EV-ADAM-081 | EV-ADAM-082 | EV-ADAM-090 | EV-ADAM-091 | EV-ADAM-099,RQ-ADAM-001 | RQ-ADAM-002 | RQ-ADAM-003 | RQ-ADAM-004 | RQ-ADAM-005 | RQ-ADAM-006 | RQ-ADAM-020 | RQ-ADAM-007 | RQ-ADAM-008 | RQ-ADAM-009 | RQ-ADAM-010 | RQ-ADAM-011 | RQ-ADAM-012 | RQ-ADAM-013 | RQ-ADAM-014 | RQ-ADAM-015 | RQ-ADAM-016 | RQ-ADAM-017 | RQ-ADAM-018 | RQ-ADAM-019 | RQ-ADAM-025 | RQ-ADAM-026 | RQ-ADAM-027 | RQ-ADAM-028 | RQ-ADAM-029 | RQ-ADAM-030 | RQ-ADAM-032,,,,,
adam_report_candidate_beab6eaae98395525a4c3a57,fc95dde8755ea5efbb4bad11,SRC-HISTORY-TABARI-ADAM,9783,shamela://local/5ac170a3045185ccf78e81ebd473cafb8069279b898836fd768c78de76a3d8e5/book/9783/volume/1/page/93?database_sha256=3eac670046fd84fefb8ebfe68a2a2f5f37f7716804a599a61555d3ea8a0162cb&segment_id=91,EARLY_REPORT_CANDIDATE,PRE_BOUNDARY_OR_NOT_APPLICABLE,WAHB_IBN_MUNABBIH,CANDIDATE_PREFIX_EXTRACTED,2,EV-ADAM-001 | EV-ADAM-002 | EV-ADAM-003 | EV-ADAM-004 | EV-ADAM-005 | EV-ADAM-006 | EV-ADAM-007 | EV-ADAM-010 | EV-ADAM-011 | EV-ADAM-020 | EV-ADAM-021 | EV-ADAM-022 | EV-ADAM-023 | EV-ADAM-024 | EV-ADAM-030 | EV-ADAM-031 | EV-ADAM-032 | EV-ADAM-033 | EV-ADAM-040 | EV-ADAM-041 | EV-ADAM-042 | EV-ADAM-050 | EV-ADAM-051 | EV-ADAM-052 | EV-ADAM-053 | EV-ADAM-054 | EV-ADAM-055 | EV-ADAM-070 | EV-ADAM-071 | EV-ADAM-080 | EV-ADAM-081 | EV-ADAM-082 | EV-ADAM-090 | EV-ADAM-091 | EV-ADAM-099,RQ-ADAM-001 | RQ-ADAM-002 | RQ-ADAM-003 | RQ-ADAM-004 | RQ-ADAM-005 | RQ-ADAM-006 | RQ-ADAM-020 | RQ-ADAM-007 | RQ-ADAM-008 | RQ-ADAM-009 | RQ-ADAM-010 | RQ-ADAM-011 | RQ-ADAM-012 | RQ-ADAM-013 | RQ-ADAM-014 | RQ-ADAM-015 | RQ-ADAM-016 | RQ-ADAM-017 | RQ-ADAM-018 | RQ-ADAM-019 | RQ-ADAM-025 | RQ-ADAM-026 | RQ-ADAM-027 | RQ-ADAM-028 | RQ-ADAM-029 | RQ-ADAM-030 | RQ-ADAM-032,,,,,
adam_report_candidate_ce04e9e34b206e38e5aea577,fc95dde8755ea5efbb4bad11,SRC-HISTORY-TABARI-ADAM,9783,shamela://local/5ac170a3045185ccf78e81ebd473cafb8069279b898836fd768c78de76a3d8e5/book/9783/volume/1/page/94?database_sha256=3eac670046fd84fefb8ebfe68a2a2f5f37f7716804a599a61555d3ea8a0162cb&segment_id=92,EARLY_REPORT_CANDIDATE,PRE_BOUNDARY_OR_NOT_APPLICABLE,WAHB_IBN_MUNABBIH,NO_ISNAD_PREFIX_DETECTED,2,EV-ADAM-001 | EV-ADAM-002 | EV-ADAM-003 | EV-ADAM-004 | EV-ADAM-005 | EV-ADAM-006 | EV-ADAM-007 | EV-ADAM-010 | EV-ADAM-011 | EV-ADAM-020 | EV-ADAM-021 | EV-ADAM-022 | EV-ADAM-023 | EV-ADAM-024 | EV-ADAM-030 | EV-ADAM-031 | EV-ADAM-032 | EV-ADAM-033 | EV-ADAM-040 | EV-ADAM-041 | EV-ADAM-042 | EV-ADAM-050 | EV-ADAM-051 | EV-ADAM-052 | EV-ADAM-053 | EV-ADAM-054 | EV-ADAM-055 | EV-ADAM-070 | EV-ADAM-071 | EV-ADAM-080 | EV-ADAM-081 | EV-ADAM-082 | EV-ADAM-090 | EV-ADAM-091 | EV-ADAM-099,RQ-ADAM-001 | RQ-ADAM-002 | RQ-ADAM-003 | RQ-ADAM-004 | RQ-ADAM-005 | RQ-ADAM-006 | RQ-ADAM-020 | RQ-ADAM-007 | RQ-ADAM-008 | RQ-ADAM-009 | RQ-ADAM-010 | RQ-ADAM-011 | RQ-ADAM-012 | RQ-ADAM-013 | RQ-ADAM-014 | RQ-ADAM-015 | RQ-ADAM-016 | RQ-ADAM-017 | RQ-ADAM-018 | RQ-ADAM-019 | RQ-ADAM-025 | RQ-ADAM-026 | RQ-ADAM-027 | RQ-ADAM-028 | RQ-ADAM-029 | RQ-ADAM-030 | RQ-ADAM-032,,,,,
adam_report_candidate_d010e9b1f950ce2f50b67a58,fc95dde8755ea5efbb4bad11,SRC-HISTORY-TABARI-ADAM,9783,shamela://local/5ac170a3045185ccf78e81ebd473cafb8069279b898836fd768c78de76a3d8e5/book/9783/volume/1/page/94?database_sha256=3eac670046fd84fefb8ebfe68a2a2f5f37f7716804a599a61555d3ea8a0162cb&segment_id=92,EARLY_REPORT_CANDIDATE,PRE_BOUNDARY_OR_NOT_APPLICABLE,WAHB_IBN_MUNABBIH,CANDIDATE_PREFIX_EXTRACTED,5,EV-ADAM-001 | EV-ADAM-002 | EV-ADAM-003 | EV-ADAM-004 | EV-ADAM-005 | EV-ADAM-006 | EV-ADAM-007 | EV-ADAM-010 | EV-ADAM-011 | EV-ADAM-020 | EV-ADAM-021 | EV-ADAM-022 | EV-ADAM-023 | EV-ADAM-024 | EV-ADAM-030 | EV-ADAM-031 | EV-ADAM-032 | EV-ADAM-033 | EV-ADAM-040 | EV-ADAM-041 | EV-ADAM-042 | EV-ADAM-050 | EV-ADAM-051 | EV-ADAM-052 | EV-ADAM-053 | EV-ADAM-054 | EV-ADAM-055 | EV-ADAM-070 | EV-ADAM-071 | EV-ADAM-080 | EV-ADAM-081 | EV-ADAM-082 | EV-ADAM-090 | EV-ADAM-091 | EV-ADAM-099,RQ-ADAM-001 | RQ-ADAM-002 | RQ-ADAM-003 | RQ-ADAM-004 | RQ-ADAM-005 | RQ-ADAM-006 | RQ-ADAM-020 | RQ-ADAM-007 | RQ-ADAM-008 | RQ-ADAM-009 | RQ-ADAM-010 | RQ-ADAM-011 | RQ-ADAM-012 | RQ-ADAM-013 | RQ-ADAM-014 | RQ-ADAM-015 | RQ-ADAM-016 | RQ-ADAM-017 | RQ-ADAM-018 | RQ-ADAM-019 | RQ-ADAM-025 | RQ-ADAM-026 | RQ-ADAM-027 | RQ-ADAM-028 | RQ-ADAM-029 | RQ-ADAM-030 | RQ-ADAM-032,,,,,
adam_report_candidate_ac929944074d3c197410e917,fc95dde8755ea5efbb4bad11,SRC-HISTORY-TABARI-ADAM,9783,shamela://local/5ac170a3045185ccf78e81ebd473cafb8069279b898836fd768c78de76a3d8e5/book/9783/volume/1/page/95?database_sha256=3eac670046fd84fefb8ebfe68a2a2f5f37f7716804a599a61555d3ea8a0162cb&segment_id=93,EARLY_REPORT_CANDIDATE,PRE_BOUNDARY_OR_NOT_APPLICABLE,WAHB_IBN_MUNABBIH,NO_ISNAD_PREFIX_DETECTED,1,EV-ADAM-001 | EV-ADAM-002 | EV-ADAM-003 | EV-ADAM-004 | EV-ADAM-005 | EV-ADAM-006 | EV-ADAM-007 | EV-ADAM-010 | EV-ADAM-011 | EV-ADAM-020 | EV-ADAM-021 | EV-ADAM-022 | EV-ADAM-023 | EV-ADAM-024 | EV-ADAM-030 | EV-ADAM-031 | EV-ADAM-032 | EV-ADAM-033 | EV-ADAM-040 | EV-ADAM-041 | EV-ADAM-042 | EV-ADAM-050 | EV-ADAM-051 | EV-ADAM-052 | EV-ADAM-053 | EV-ADAM-054 | EV-ADAM-055 | EV-ADAM-070 | EV-ADAM-071 | EV-ADAM-080 | EV-ADAM-081 | EV-ADAM-082 | EV-ADAM-090 | EV-ADAM-091 | EV-ADAM-099,RQ-ADAM-001 | RQ-ADAM-002 | RQ-ADAM-003 | RQ-ADAM-004 | RQ-ADAM-005 | RQ-ADAM-006 | RQ-ADAM-020 | RQ-ADAM-007 | RQ-ADAM-008 | RQ-ADAM-009 | RQ-ADAM-010 | RQ-ADAM-011 | RQ-ADAM-012 | RQ-ADAM-013 | RQ-ADAM-014 | RQ-ADAM-015 | RQ-ADAM-016 | RQ-ADAM-017 | RQ-ADAM-018 | RQ-ADAM-019 | RQ-ADAM-025 | RQ-ADAM-026 | RQ-ADAM-027 | RQ-ADAM-028 | RQ-ADAM-029 | RQ-ADAM-030 | RQ-ADAM-032,,,,,
adam_report_candidate_cdf5f8aa5a1f12770e6d9469,fc95dde8755ea5efbb4bad11,SRC-HISTORY-TABARI-ADAM,9783,shamela://local/5ac170a3045185ccf78e81ebd473cafb8069279b898836fd768c78de76a3d8e5/book/9783/volume/1/page/95?database_sha256=3eac670046fd84fefb8ebfe68a2a2f5f37f7716804a599a61555d3ea8a0162cb&segment_id=93,EARLY_REPORT_CANDIDATE,PRE_BOUNDARY_OR_NOT_APPLICABLE,WAHB_IBN_MUNABBIH,CANDIDATE_PREFIX_EXTRACTED,4,EV-ADAM-001 | EV-ADAM-002 | EV-ADAM-003 | EV-ADAM-004 | EV-ADAM-005 | EV-ADAM-006 | EV-ADAM-007 | EV-ADAM-010 | EV-ADAM-011 | EV-ADAM-020 | EV-ADAM-021 | EV-ADAM-022 | EV-ADAM-023 | EV-ADAM-024 | EV-ADAM-030 | EV-ADAM-031 | EV-ADAM-032 | EV-ADAM-033 | EV-ADAM-040 | EV-ADAM-041 | EV-ADAM-042 | EV-ADAM-050 | EV-ADAM-051 | EV-ADAM-052 | EV-ADAM-053 | EV-ADAM-054 | EV-ADAM-055 | EV-ADAM-070 | EV-ADAM-071 | EV-ADAM-080 | EV-ADAM-081 | EV-ADAM-082 | EV-ADAM-090 | EV-ADAM-091 | EV-ADAM-099,RQ-ADAM-001 | RQ-ADAM-002 | RQ-ADAM-003 | RQ-ADAM-004 | RQ-ADAM-005 | RQ-ADAM-006 | RQ-ADAM-020 | RQ-ADAM-007 | RQ-ADAM-008 | RQ-ADAM-009 | RQ-ADAM-010 | RQ-ADAM-011 | RQ-ADAM-012 | RQ-ADAM-013 | RQ-ADAM-014 | RQ-ADAM-015 | RQ-ADAM-016 | RQ-ADAM-017 | RQ-ADAM-018 | RQ-ADAM-019 | RQ-ADAM-025 | RQ-ADAM-026 | RQ-ADAM-027 | RQ-ADAM-028 | RQ-ADAM-029 | RQ-ADAM-030 | RQ-ADAM-032,,,,,
adam_report_candidate_e40eec5bc36556e1bd701974,fc95dde8755ea5efbb4bad11,SRC-HISTORY-TABARI-ADAM,9783,shamela://local/5ac170a3045185ccf78e81ebd473cafb8069279b898836fd768c78de76a3d8e5/book/9783/volume/1/page/95?database_sha256=3eac670046fd84fefb8ebfe68a2a2f5f37f7716804a599a61555d3ea8a0162cb&segment_id=93,EARLY_REPORT_CANDIDATE,PRE_BOUNDARY_OR_NOT_APPLICABLE,WAHB_IBN_MUNABBIH,CANDIDATE_PREFIX_EXTRACTED,3,EV-ADAM-001 | EV-ADAM-002 | EV-ADAM-003 | EV-ADAM-004 | EV-ADAM-005 | EV-ADAM-006 | EV-ADAM-007 | EV-ADAM-010 | EV-ADAM-011 | EV-ADAM-020 | EV-ADAM-021 | EV-ADAM-022 | EV-ADAM-023 | EV-ADAM-024 | EV-ADAM-030 | EV-ADAM-031 | EV-ADAM-032 | EV-ADAM-033 | EV-ADAM-040 | EV-ADAM-041 | EV-ADAM-042 | EV-ADAM-050 | EV-ADAM-051 | EV-ADAM-052 | EV-ADAM-053 | EV-ADAM-054 | EV-ADAM-055 | EV-ADAM-070 | EV-ADAM-071 | EV-ADAM-080 | EV-ADAM-081 | EV-ADAM-082 | EV-ADAM-090 | EV-ADAM-091 | EV-ADAM-099,RQ-ADAM-001 | RQ-ADAM-002 | RQ-ADAM-003 | RQ-ADAM-004 | RQ-ADAM-005 | RQ-ADAM-006 | RQ-ADAM-020 | RQ-ADAM-007 | RQ-ADAM-008 | RQ-ADAM-009 | RQ-ADAM-010 | RQ-ADAM-011 | RQ-ADAM-012 | RQ-ADAM-013 | RQ-ADAM-014 | RQ-ADAM-015 | RQ-ADAM-016 | RQ-ADAM-017 | RQ-ADAM-018 | RQ-ADAM-019 | RQ-ADAM-025 | RQ-ADAM-026 | RQ-ADAM-027 | RQ-ADAM-028 | RQ-ADAM-029 | RQ-ADAM-030 | RQ-ADAM-032,,,,,
adam_report_candidate_d8f6d83c178e48d06fa5b5bc,fc95dde8755ea5efbb4bad11,SRC-HISTORY-TABARI-ADAM,9783,shamela://local/5ac170a3045185ccf78e81ebd473cafb8069279b898836fd768c78de76a3d8e5/book/9783/volume/1/page/96?database_sha256=3eac670046fd84fefb8ebfe68a2a2f5f37f7716804a599a61555d3ea8a0162cb&segment_id=94,EARLY_REPORT_CANDIDATE,PRE_BOUNDARY_OR_NOT_APPLICABLE,WAHB_IBN_MUNABBIH,NO_ISNAD_PREFIX_DETECTED,2,EV-ADAM-001 | EV-ADAM-002 | EV-ADAM-003 | EV-ADAM-004 | EV-ADAM-005 | EV-ADAM-006 | EV-ADAM-007 | EV-ADAM-010 | EV-ADAM-011 | EV-ADAM-020 | EV-ADAM-021 | EV-ADAM-022 | EV-ADAM-023 | EV-ADAM-024 | EV-ADAM-030 | EV-ADAM-031 | EV-ADAM-032 | EV-ADAM-033 | EV-ADAM-040 | EV-ADAM-041 | EV-ADAM-042 | EV-ADAM-050 | EV-ADAM-051 | EV-ADAM-052 | EV-ADAM-053 | EV-ADAM-054 | EV-ADAM-055 | EV-ADAM-070 | EV-ADAM-071 | EV-ADAM-080 | EV-ADAM-081 | EV-ADAM-082 | EV-ADAM-090 | EV-ADAM-091 | EV-ADAM-099,RQ-ADAM-001 | RQ-ADAM-002 | RQ-ADAM-003 | RQ-ADAM-004 | RQ-ADAM-005 | RQ-ADAM-006 | RQ-ADAM-020 | RQ-ADAM-007 | RQ-ADAM-008 | RQ-ADAM-009 | RQ-ADAM-010 | RQ-ADAM-011 | RQ-ADAM-012 | RQ-ADAM-013 | RQ-ADAM-014 | RQ-ADAM-015 | RQ-ADAM-016 | RQ-ADAM-017 | RQ-ADAM-018 | RQ-ADAM-019 | RQ-ADAM-025 | RQ-ADAM-026 | RQ-ADAM-027 | RQ-ADAM-028 | RQ-ADAM-029 | RQ-ADAM-030 | RQ-ADAM-032,,,,,
adam_report_candidate_b326c4600f4143e8a031e480,fc95dde8755ea5efbb4bad11,SRC-HISTORY-TABARI-ADAM,9783,shamela://local/5ac170a3045185ccf78e81ebd473cafb8069279b898836fd768c78de76a3d8e5/book/9783/volume/1/page/96?database_sha256=3eac670046fd84fefb8ebfe68a2a2f5f37f7716804a599a61555d3ea8a0162cb&segment_id=94,PROPHETIC_HADITH_CANDIDATE,PRE_BOUNDARY_OR_NOT_APPLICABLE,WAHB_IBN_MUNABBIH,CANDIDATE_PREFIX_EXTRACTED,7,EV-ADAM-001 | EV-ADAM-002 | EV-ADAM-003 | EV-ADAM-004 | EV-ADAM-005 | EV-ADAM-006 | EV-ADAM-007 | EV-ADAM-010 | EV-ADAM-011 | EV-ADAM-020 | EV-ADAM-021 | EV-ADAM-022 | EV-ADAM-023 | EV-ADAM-024 | EV-ADAM-030 | EV-ADAM-031 | EV-ADAM-032 | EV-ADAM-033 | EV-ADAM-040 | EV-ADAM-041 | EV-ADAM-042 | EV-ADAM-050 | EV-ADAM-051 | EV-ADAM-052 | EV-ADAM-053 | EV-ADAM-054 | EV-ADAM-055 | EV-ADAM-070 | EV-ADAM-071 | EV-ADAM-080 | EV-ADAM-081 | EV-ADAM-082 | EV-ADAM-090 | EV-ADAM-091 | EV-ADAM-099,RQ-ADAM-001 | RQ-ADAM-002 | RQ-ADAM-003 | RQ-ADAM-004 | RQ-ADAM-005 | RQ-ADAM-006 | RQ-ADAM-020 | RQ-ADAM-007 | RQ-ADAM-008 | RQ-ADAM-009 | RQ-ADAM-010 | RQ-ADAM-011 | RQ-ADAM-012 | RQ-ADAM-013 | RQ-ADAM-014 | RQ-ADAM-015 | RQ-ADAM-016 | RQ-ADAM-017 | RQ-ADAM-018 | RQ-ADAM-019 | RQ-ADAM-025 | RQ-ADAM-026 | RQ-ADAM-027 | RQ-ADAM-028 | RQ-ADAM-029 | RQ-ADAM-030 | RQ-ADAM-032,,,,,
adam_report_candidate_25bd431b50df624c102f7a08,fc95dde8755ea5efbb4bad11,SRC-HISTORY-TABARI-ADAM,9783,shamela://local/5ac170a3045185ccf78e81ebd473cafb8069279b898836fd768c78de76a3d8e5/book/9783/volume/1/page/96?database_sha256=3eac670046fd84fefb8ebfe68a2a2f5f37f7716804a599a61555d3ea8a0162cb&segment_id=94,PROPHETIC_HADITH_CANDIDATE,PRE_BOUNDARY_OR_NOT_APPLICABLE,WAHB_IBN_MUNABBIH,CANDIDATE_PREFIX_EXTRACTED,1,EV-ADAM-001 | EV-ADAM-002 | EV-ADAM-003 | EV-ADAM-004 | EV-ADAM-005 | EV-ADAM-006 | EV-ADAM-007 | EV-ADAM-010 | EV-ADAM-011 | EV-ADAM-020 | EV-ADAM-021 | EV-ADAM-022 | EV-ADAM-023 | EV-ADAM-024 | EV-ADAM-030 | EV-ADAM-031 | EV-ADAM-032 | EV-ADAM-033 | EV-ADAM-040 | EV-ADAM-041 | EV-ADAM-042 | EV-ADAM-050 | EV-ADAM-051 | EV-ADAM-052 | EV-ADAM-053 | EV-ADAM-054 | EV-ADAM-055 | EV-ADAM-070 | EV-ADAM-071 | EV-ADAM-080 | EV-ADAM-081 | EV-ADAM-082 | EV-ADAM-090 | EV-ADAM-091 | EV-ADAM-099,RQ-ADAM-001 | RQ-ADAM-002 | RQ-ADAM-003 | RQ-ADAM-004 | RQ-ADAM-005 | RQ-ADAM-006 | RQ-ADAM-020 | RQ-ADAM-007 | RQ-ADAM-008 | RQ-ADAM-009 | RQ-ADAM-010 | RQ-ADAM-011 | RQ-ADAM-012 | RQ-ADAM-013 | RQ-ADAM-014 | RQ-ADAM-015 | RQ-ADAM-016 | RQ-ADAM-017 | RQ-ADAM-018 | RQ-ADAM-019 | RQ-ADAM-025 | RQ-ADAM-026 | RQ-ADAM-027 | RQ-ADAM-028 | RQ-ADAM-029 | RQ-ADAM-030 | RQ-ADAM-032,,,,,
adam_report_candidate_a4781348b635fdc2e9c6169d,fc95dde8755ea5efbb4bad11,SRC-HISTORY-TABARI-ADAM,9783,shamela://local/5ac170a3045185ccf78e81ebd473cafb8069279b898836fd768c78de76a3d8e5/book/9783/volume/1/page/97?database_sha256=3eac670046fd84fefb8ebfe68a2a2f5f37f7716804a599a61555d3ea8a0162cb&segment_id=95,EARLY_REPORT_CANDIDATE,PRE_BOUNDARY_OR_NOT_APPLICABLE,WAHB_IBN_MUNABBIH,NO_ISNAD_PREFIX_DETECTED,2,EV-ADAM-001 | EV-ADAM-002 | EV-ADAM-003 | EV-ADAM-004 | EV-ADAM-005 | EV-ADAM-006 | EV-ADAM-007 | EV-ADAM-010 | EV-ADAM-011 | EV-ADAM-020 | EV-ADAM-021 | EV-ADAM-022 | EV-ADAM-023 | EV-ADAM-024 | EV-ADAM-030 | EV-ADAM-031 | EV-ADAM-032 | EV-ADAM-033 | EV-ADAM-040 | EV-ADAM-041 | EV-ADAM-042 | EV-ADAM-050 | EV-ADAM-051 | EV-ADAM-052 | EV-ADAM-053 | EV-ADAM-054 | EV-ADAM-055 | EV-ADAM-070 | EV-ADAM-071 | EV-ADAM-080 | EV-ADAM-081 | EV-ADAM-082 | EV-ADAM-090 | EV-ADAM-091 | EV-ADAM-099,RQ-ADAM-001 | RQ-ADAM-002 | RQ-ADAM-003 | RQ-ADAM-004 | RQ-ADAM-005 | RQ-ADAM-006 | RQ-ADAM-020 | RQ-ADAM-007 | RQ-ADAM-008 | RQ-ADAM-009 | RQ-ADAM-010 | RQ-ADAM-011 | RQ-ADAM-012 | RQ-ADAM-013 | RQ-ADAM-014 | RQ-ADAM-015 | RQ-ADAM-016 | RQ-ADAM-017 | RQ-ADAM-018 | RQ-ADAM-019 | RQ-ADAM-025 | RQ-ADAM-026 | RQ-ADAM-027 | RQ-ADAM-028 | RQ-ADAM-029 | RQ-ADAM-030 | RQ-ADAM-032,,,,,
adam_report_candidate_edd1da74eb524b75076214f3,fc95dde8755ea5efbb4bad11,SRC-HISTORY-TABARI-ADAM,9783,shamela://local/5ac170a3045185ccf78e81ebd473cafb8069279b898836fd768c78de76a3d8e5/book/9783/volume/1/page/97?database_sha256=3eac670046fd84fefb8ebfe68a2a2f5f37f7716804a599a61555d3ea8a0162cb&segment_id=95,EARLY_REPORT_CANDIDATE,PRE_BOUNDARY_OR_NOT_APPLICABLE,WAHB_IBN_MUNABBIH,CANDIDATE_PREFIX_EXTRACTED,4,EV-ADAM-001 | EV-ADAM-002 | EV-ADAM-003 | EV-ADAM-004 | EV-ADAM-005 | EV-ADAM-006 | EV-ADAM-007 | EV-ADAM-010 | EV-ADAM-011 | EV-ADAM-020 | EV-ADAM-021 | EV-ADAM-022 | EV-ADAM-023 | EV-ADAM-024 | EV-ADAM-030 | EV-ADAM-031 | EV-ADAM-032 | EV-ADAM-033 | EV-ADAM-040 | EV-ADAM-041 | EV-ADAM-042 | EV-ADAM-050 | EV-ADAM-051 | EV-ADAM-052 | EV-ADAM-053 | EV-ADAM-054 | EV-ADAM-055 | EV-ADAM-070 | EV-ADAM-071 | EV-ADAM-080 | EV-ADAM-081 | EV-ADAM-082 | EV-ADAM-090 | EV-ADAM-091 | EV-ADAM-099,RQ-ADAM-001 | RQ-ADAM-002 | RQ-ADAM-003 | RQ-ADAM-004 | RQ-ADAM-005 | RQ-ADAM-006 | RQ-ADAM-020 | RQ-ADAM-007 | RQ-ADAM-008 | RQ-ADAM-009 | RQ-ADAM-010 | RQ-ADAM-011 | RQ-ADAM-012 | RQ-ADAM-013 | RQ-ADAM-014 | RQ-ADAM-015 | RQ-ADAM-016 | RQ-ADAM-017 | RQ-ADAM-018 | RQ-ADAM-019 | RQ-ADAM-025 | RQ-ADAM-026 | RQ-ADAM-027 | RQ-ADAM-028 | RQ-ADAM-029 | RQ-ADAM-030 | RQ-ADAM-032,,,,,
adam_report_candidate_845484276d4fdb6468143f9d,fc95dde8755ea5efbb4bad11,SRC-HISTORY-TABARI-ADAM,9783,shamela://local/5ac170a3045185ccf78e81ebd473cafb8069279b898836fd768c78de76a3d8e5/book/9783/volume/1/page/97?database_sha256=3eac670046fd84fefb8ebfe68a2a2f5f37f7716804a599a61555d3ea8a0162cb&segment_id=95,EARLY_REPORT_CANDIDATE,PRE_BOUNDARY_OR_NOT_APPLICABLE,WAHB_IBN_MUNABBIH,CANDIDATE_PREFIX_EXTRACTED,6,EV-ADAM-001 | EV-ADAM-002 | EV-ADAM-003 | EV-ADAM-004 | EV-ADAM-005 | EV-ADAM-006 | EV-ADAM-007 | EV-ADAM-010 | EV-ADAM-011 | EV-ADAM-020 | EV-ADAM-021 | EV-ADAM-022 | EV-ADAM-023 | EV-ADAM-024 | EV-ADAM-030 | EV-ADAM-031 | EV-ADAM-032 | EV-ADAM-033 | EV-ADAM-040 | EV-ADAM-041 | EV-ADAM-042 | EV-ADAM-050 | EV-ADAM-051 | EV-ADAM-052 | EV-ADAM-053 | EV-ADAM-054 | EV-ADAM-055 | EV-ADAM-070 | EV-ADAM-071 | EV-ADAM-080 | EV-ADAM-081 | EV-ADAM-082 | EV-ADAM-090 | EV-ADAM-091 | EV-ADAM-099,RQ-ADAM-001 | RQ-ADAM-002 | RQ-ADAM-003 | RQ-ADAM-004 | RQ-ADAM-005 | RQ-ADAM-006 | RQ-ADAM-020 | RQ-ADAM-007 | RQ-ADAM-008 | RQ-ADAM-009 | RQ-ADAM-010 | RQ-ADAM-011 | RQ-ADAM-012 | RQ-ADAM-013 | RQ-ADAM-014 | RQ-ADAM-015 | RQ-ADAM-016 | RQ-ADAM-017 | RQ-ADAM-018 | RQ-ADAM-019 | RQ-ADAM-025 | RQ-ADAM-026 | RQ-ADAM-027 | RQ-ADAM-028 | RQ-ADAM-029 | RQ-ADAM-030 | RQ-ADAM-032,,,,,
adam_report_candidate_2f7ada959ac29daac552f68a,fc95dde8755ea5efbb4bad11,SRC-HISTORY-TABARI-ADAM,9783,shamela://local/5ac170a3045185ccf78e81ebd473cafb8069279b898836fd768c78de76a3d8e5/book/9783/volume/1/page/97?database_sha256=3eac670046fd84fefb8ebfe68a2a2f5f37f7716804a599a61555d3ea8a0162cb&segment_id=95,EARLY_REPORT_CANDIDATE,PRE_BOUNDARY_OR_NOT_APPLICABLE,WAHB_IBN_MUNABBIH,CANDIDATE_PREFIX_EXTRACTED,6,EV-ADAM-001 | EV-ADAM-002 | EV-ADAM-003 | EV-ADAM-004 | EV-ADAM-005 | EV-ADAM-006 | EV-ADAM-007 | EV-ADAM-010 | EV-ADAM-011 | EV-ADAM-020 | EV-ADAM-021 | EV-ADAM-022 | EV-ADAM-023 | EV-ADAM-024 | EV-ADAM-030 | EV-ADAM-031 | EV-ADAM-032 | EV-ADAM-033 | EV-ADAM-040 | EV-ADAM-041 | EV-ADAM-042 | EV-ADAM-050 | EV-ADAM-051 | EV-ADAM-052 | EV-ADAM-053 | EV-ADAM-054 | EV-ADAM-055 | EV-ADAM-070 | EV-ADAM-071 | EV-ADAM-080 | EV-ADAM-081 | EV-ADAM-082 | EV-ADAM-090 | EV-ADAM-091 | EV-ADAM-099,RQ-ADAM-001 | RQ-ADAM-002 | RQ-ADAM-003 | RQ-ADAM-004 | RQ-ADAM-005 | RQ-ADAM-006 | RQ-ADAM-020 | RQ-ADAM-007 | RQ-ADAM-008 | RQ-ADAM-009 | RQ-ADAM-010 | RQ-ADAM-011 | RQ-ADAM-012 | RQ-ADAM-013 | RQ-ADAM-014 | RQ-ADAM-015 | RQ-ADAM-016 | RQ-ADAM-017 | RQ-ADAM-018 | RQ-ADAM-019 | RQ-ADAM-025 | RQ-ADAM-026 | RQ-ADAM-027 | RQ-ADAM-028 | RQ-ADAM-029 | RQ-ADAM-030 | RQ-ADAM-032,,,,,
adam_report_candidate_775e198ab34b80c57a2a88ff,fc95dde8755ea5efbb4bad11,SRC-HISTORY-TABARI-ADAM,9783,shamela://local/5ac170a3045185ccf78e81ebd473cafb8069279b898836fd768c78de76a3d8e5/book/9783/volume/1/page/97?database_sha256=3eac670046fd84fefb8ebfe68a2a2f5f37f7716804a599a61555d3ea8a0162cb&segment_id=95,EARLY_REPORT_CANDIDATE,PRE_BOUNDARY_OR_NOT_APPLICABLE,WAHB_IBN_MUNABBIH,CANDIDATE_PREFIX_EXTRACTED,3,EV-ADAM-001 | EV-ADAM-002 | EV-ADAM-003 | EV-ADAM-004 | EV-ADAM-005 | EV-ADAM-006 | EV-ADAM-007 | EV-ADAM-010 | EV-ADAM-011 | EV-ADAM-020 | EV-ADAM-021 | EV-ADAM-022 | EV-ADAM-023 | EV-ADAM-024 | EV-ADAM-030 | EV-ADAM-031 | EV-ADAM-032 | EV-ADAM-033 | EV-ADAM-040 | EV-ADAM-041 | EV-ADAM-042 | EV-ADAM-050 | EV-ADAM-051 | EV-ADAM-052 | EV-ADAM-053 | EV-ADAM-054 | EV-ADAM-055 | EV-ADAM-070 | EV-ADAM-071 | EV-ADAM-080 | EV-ADAM-081 | EV-ADAM-082 | EV-ADAM-090 | EV-ADAM-091 | EV-ADAM-099,RQ-ADAM-001 | RQ-ADAM-002 | RQ-ADAM-003 | RQ-ADAM-004 | RQ-ADAM-005 | RQ-ADAM-006 | RQ-ADAM-020 | RQ-ADAM-007 | RQ-ADAM-008 | RQ-ADAM-009 | RQ-ADAM-010 | RQ-ADAM-011 | RQ-ADAM-012 | RQ-ADAM-013 | RQ-ADAM-014 | RQ-ADAM-015 | RQ-ADAM-016 | RQ-ADAM-017 | RQ-ADAM-018 | RQ-ADAM-019 | RQ-ADAM-025 | RQ-ADAM-026 | RQ-ADAM-027 | RQ-ADAM-028 | RQ-ADAM-029 | RQ-ADAM-030 | RQ-ADAM-032,,,,,
adam_report_candidate_cfd2261453d01a1c96fb6222,fc95dde8755ea5efbb4bad11,SRC-HISTORY-TABARI-ADAM,9783,shamela://local/5ac170a3045185ccf78e81ebd473cafb8069279b898836fd768c78de76a3d8e5/book/9783/volume/1/page/97?database_sha256=3eac670046fd84fefb8ebfe68a2a2f5f37f7716804a599a61555d3ea8a0162cb&segment_id=95,EARLY_REPORT_CANDIDATE,PRE_BOUNDARY_OR_NOT_APPLICABLE,WAHB_IBN_MUNABBIH,CANDIDATE_PREFIX_EXTRACTED,4,EV-ADAM-001 | EV-ADAM-002 | EV-ADAM-003 | EV-ADAM-004 | EV-ADAM-005 | EV-ADAM-006 | EV-ADAM-007 | EV-ADAM-010 | EV-ADAM-011 | EV-ADAM-020 | EV-ADAM-021 | EV-ADAM-022 | EV-ADAM-023 | EV-ADAM-024 | EV-ADAM-030 | EV-ADAM-031 | EV-ADAM-032 | EV-ADAM-033 | EV-ADAM-040 | EV-ADAM-041 | EV-ADAM-042 | EV-ADAM-050 | EV-ADAM-051 | EV-ADAM-052 | EV-ADAM-053 | EV-ADAM-054 | EV-ADAM-055 | EV-ADAM-070 | EV-ADAM-071 | EV-ADAM-080 | EV-ADAM-081 | EV-ADAM-082 | EV-ADAM-090 | EV-ADAM-091 | EV-ADAM-099,RQ-ADAM-001 | RQ-ADAM-002 | RQ-ADAM-003 | RQ-ADAM-004 | RQ-ADAM-005 | RQ-ADAM-006 | RQ-ADAM-020 | RQ-ADAM-007 | RQ-ADAM-008 | RQ-ADAM-009 | RQ-ADAM-010 | RQ-ADAM-011 | RQ-ADAM-012 | RQ-ADAM-013 | RQ-ADAM-014 | RQ-ADAM-015 | RQ-ADAM-016 | RQ-ADAM-017 | RQ-ADAM-018 | RQ-ADAM-019 | RQ-ADAM-025 | RQ-ADAM-026 | RQ-ADAM-027 | RQ-ADAM-028 | RQ-ADAM-029 | RQ-ADAM-030 | RQ-ADAM-032,,,,,
adam_report_candidate_4fc34a65eaed3188c22669e7,fc95dde8755ea5efbb4bad11,SRC-HISTORY-TABARI-ADAM,9783,shamela://local/5ac170a3045185ccf78e81ebd473cafb8069279b898836fd768c78de76a3d8e5/book/9783/volume/1/page/98?database_sha256=3eac670046fd84fefb8ebfe68a2a2f5f37f7716804a599a61555d3ea8a0162cb&segment_id=96,EARLY_REPORT_CANDIDATE,PRE_BOUNDARY_OR_NOT_APPLICABLE,WAHB_IBN_MUNABBIH,CANDIDATE_PREFIX_EXTRACTED,5,EV-ADAM-001 | EV-ADAM-002 | EV-ADAM-003 | EV-ADAM-004 | EV-ADAM-005 | EV-ADAM-006 | EV-ADAM-007 | EV-ADAM-010 | EV-ADAM-011 | EV-ADAM-020 | EV-ADAM-021 | EV-ADAM-022 | EV-ADAM-023 | EV-ADAM-024 | EV-ADAM-030 | EV-ADAM-031 | EV-ADAM-032 | EV-ADAM-033 | EV-ADAM-040 | EV-ADAM-041 | EV-ADAM-042 | EV-ADAM-050 | EV-ADAM-051 | EV-ADAM-052 | EV-ADAM-053 | EV-ADAM-054 | EV-ADAM-055 | EV-ADAM-070 | EV-ADAM-071 | EV-ADAM-080 | EV-ADAM-081 | EV-ADAM-082 | EV-ADAM-090 | EV-ADAM-091 | EV-ADAM-099,RQ-ADAM-001 | RQ-ADAM-002 | RQ-ADAM-003 | RQ-ADAM-004 | RQ-ADAM-005 | RQ-ADAM-006 | RQ-ADAM-020 | RQ-ADAM-007 | RQ-ADAM-008 | RQ-ADAM-009 | RQ-ADAM-010 | RQ-ADAM-011 | RQ-ADAM-012 | RQ-ADAM-013 | RQ-ADAM-014 | RQ-ADAM-015 | RQ-ADAM-016 | RQ-ADAM-017 | RQ-ADAM-018 | RQ-ADAM-019 | RQ-ADAM-025 | RQ-ADAM-026 | RQ-ADAM-027 | RQ-ADAM-028 | RQ-ADAM-029 | RQ-ADAM-030 | RQ-ADAM-032,,,,,
adam_report_candidate_cfc4e56ac29b859191113200,fc95dde8755ea5efbb4bad11,SRC-HISTORY-TABARI-ADAM,9783,shamela://local/5ac170a3045185ccf78e81ebd473cafb8069279b898836fd768c78de76a3d8e5/book/9783/volume/1/page/98?database_sha256=3eac670046fd84fefb8ebfe68a2a2f5f37f7716804a599a61555d3ea8a0162cb&segment_id=96,EARLY_REPORT_CANDIDATE,PRE_BOUNDARY_OR_NOT_APPLICABLE,WAHB_IBN_MUNABBIH,CANDIDATE_PREFIX_EXTRACTED,2,EV-ADAM-001 | EV-ADAM-002 | EV-ADAM-003 | EV-ADAM-004 | EV-ADAM-005 | EV-ADAM-006 | EV-ADAM-007 | EV-ADAM-010 | EV-ADAM-011 | EV-ADAM-020 | EV-ADAM-021 | EV-ADAM-022 | EV-ADAM-023 | EV-ADAM-024 | EV-ADAM-030 | EV-ADAM-031 | EV-ADAM-032 | EV-ADAM-033 | EV-ADAM-040 | EV-ADAM-041 | EV-ADAM-042 | EV-ADAM-050 | EV-ADAM-051 | EV-ADAM-052 | EV-ADAM-053 | EV-ADAM-054 | EV-ADAM-055 | EV-ADAM-070 | EV-ADAM-071 | EV-ADAM-080 | EV-ADAM-081 | EV-ADAM-082 | EV-ADAM-090 | EV-ADAM-091 | EV-ADAM-099,RQ-ADAM-001 | RQ-ADAM-002 | RQ-ADAM-003 | RQ-ADAM-004 | RQ-ADAM-005 | RQ-ADAM-006 | RQ-ADAM-020 | RQ-ADAM-007 | RQ-ADAM-008 | RQ-ADAM-009 | RQ-ADAM-010 | RQ-ADAM-011 | RQ-ADAM-012 | RQ-ADAM-013 | RQ-ADAM-014 | RQ-ADAM-015 | RQ-ADAM-016 | RQ-ADAM-017 | RQ-ADAM-018 | RQ-ADAM-019 | RQ-ADAM-025 | RQ-ADAM-026 | RQ-ADAM-027 | RQ-ADAM-028 | RQ-ADAM-029 | RQ-ADAM-030 | RQ-ADAM-032,,,,,
adam_report_candidate_565a89609be1ce61ce5f647a,fc95dde8755ea5efbb4bad11,SRC-HISTORY-TABARI-ADAM,9783,shamela://local/5ac170a3045185ccf78e81ebd473cafb8069279b898836fd768c78de76a3d8e5/book/9783/volume/1/page/98?database_sha256=3eac670046fd84fefb8ebfe68a2a2f5f37f7716804a599a61555d3ea8a0162cb&segment_id=96,EARLY_REPORT_CANDIDATE,PRE_BOUNDARY_OR_NOT_APPLICABLE,WAHB_IBN_MUNABBIH,CANDIDATE_PREFIX_EXTRACTED,5,EV-ADAM-001 | EV-ADAM-002 | EV-ADAM-003 | EV-ADAM-004 | EV-ADAM-005 | EV-ADAM-006 | EV-ADAM-007 | EV-ADAM-010 | EV-ADAM-011 | EV-ADAM-020 | EV-ADAM-021 | EV-ADAM-022 | EV-ADAM-023 | EV-ADAM-024 | EV-ADAM-030 | EV-ADAM-031 | EV-ADAM-032 | EV-ADAM-033 | EV-ADAM-040 | EV-ADAM-041 | EV-ADAM-042 | EV-ADAM-050 | EV-ADAM-051 | EV-ADAM-052 | EV-ADAM-053 | EV-ADAM-054 | EV-ADAM-055 | EV-ADAM-070 | EV-ADAM-071 | EV-ADAM-080 | EV-ADAM-081 | EV-ADAM-082 | EV-ADAM-090 | EV-ADAM-091 | EV-ADAM-099,RQ-ADAM-001 | RQ-ADAM-002 | RQ-ADAM-003 | RQ-ADAM-004 | RQ-ADAM-005 | RQ-ADAM-006 | RQ-ADAM-020 | RQ-ADAM-007 | RQ-ADAM-008 | RQ-ADAM-009 | RQ-ADAM-010 | RQ-ADAM-011 | RQ-ADAM-012 | RQ-ADAM-013 | RQ-ADAM-014 | RQ-ADAM-015 | RQ-ADAM-016 | RQ-ADAM-017 | RQ-ADAM-018 | RQ-ADAM-019 | RQ-ADAM-025 | RQ-ADAM-026 | RQ-ADAM-027 | RQ-ADAM-028 | RQ-ADAM-029 | RQ-ADAM-030 | RQ-ADAM-032,,,,,
adam_report_candidate_247b45a794509f4eead6da46,fc95dde8755ea5efbb4bad11,SRC-HISTORY-TABARI-ADAM,9783,shamela://local/5ac170a3045185ccf78e81ebd473cafb8069279b898836fd768c78de76a3d8e5/book/9783/volume/1/page/98?database_sha256=3eac670046fd84fefb8ebfe68a2a2f5f37f7716804a599a61555d3ea8a0162cb&segment_id=96,EARLY_REPORT_CANDIDATE,PRE_BOUNDARY_OR_NOT_APPLICABLE,WAHB_IBN_MUNABBIH,CANDIDATE_PREFIX_EXTRACTED,4,EV-ADAM-001 | EV-ADAM-002 | EV-ADAM-003 | EV-ADAM-004 | EV-ADAM-005 | EV-ADAM-006 | EV-ADAM-007 | EV-ADAM-010 | EV-ADAM-011 | EV-ADAM-020 | EV-ADAM-021 | EV-ADAM-022 | EV-ADAM-023 | EV-ADAM-024 | EV-ADAM-030 | EV-ADAM-031 | EV-ADAM-032 | EV-ADAM-033 | EV-ADAM-040 | EV-ADAM-041 | EV-ADAM-042 | EV-ADAM-050 | EV-ADAM-051 | EV-ADAM-052 | EV-ADAM-053 | EV-ADAM-054 | EV-ADAM-055 | EV-ADAM-070 | EV-ADAM-071 | EV-ADAM-080 | EV-ADAM-081 | EV-ADAM-082 | EV-ADAM-090 | EV-ADAM-091 | EV-ADAM-099,RQ-ADAM-001 | RQ-ADAM-002 | RQ-ADAM-003 | RQ-ADAM-004 | RQ-ADAM-005 | RQ-ADAM-006 | RQ-ADAM-020 | RQ-ADAM-007 | RQ-ADAM-008 | RQ-ADAM-009 | RQ-ADAM-010 | RQ-ADAM-011 | RQ-ADAM-012 | RQ-ADAM-013 | RQ-ADAM-014 | RQ-ADAM-015 | RQ-ADAM-016 | RQ-ADAM-017 | RQ-ADAM-018 | RQ-ADAM-019 | RQ-ADAM-025 | RQ-ADAM-026 | RQ-ADAM-027 | RQ-ADAM-028 | RQ-ADAM-029 | RQ-ADAM-030 | RQ-ADAM-032,,,,,
adam_report_candidate_458b3f570bb6f7ac7b1a23e6,fc95dde8755ea5efbb4bad11,SRC-HISTORY-TABARI-ADAM,9783,shamela://local/5ac170a3045185ccf78e81ebd473cafb8069279b898836fd768c78de76a3d8e5/book/9783/volume/1/page/99?database_sha256=3eac670046fd84fefb8ebfe68a2a2f5f37f7716804a599a61555d3ea8a0162cb&segment_id=97,EARLY_REPORT_CANDIDATE,PRE_BOUNDARY_OR_NOT_APPLICABLE,WAHB_IBN_MUNABBIH,CANDIDATE_PREFIX_EXTRACTED,2,EV-ADAM-001 | EV-ADAM-002 | EV-ADAM-003 | EV-ADAM-004 | EV-ADAM-005 | EV-ADAM-006 | EV-ADAM-007 | EV-ADAM-010 | EV-ADAM-011 | EV-ADAM-020 | EV-ADAM-021 | EV-ADAM-022 | EV-ADAM-023 | EV-ADAM-024 | EV-ADAM-030 | EV-ADAM-031 | EV-ADAM-032 | EV-ADAM-033 | EV-ADAM-040 | EV-ADAM-041 | EV-ADAM-042 | EV-ADAM-050 | EV-ADAM-051 | EV-ADAM-052 | EV-ADAM-053 | EV-ADAM-054 | EV-ADAM-055 | EV-ADAM-070 | EV-ADAM-071 | EV-ADAM-080 | EV-ADAM-081 | EV-ADAM-082 | EV-ADAM-090 | EV-ADAM-091 | EV-ADAM-099,RQ-ADAM-001 | RQ-ADAM-002 | RQ-ADAM-003 | RQ-ADAM-004 | RQ-ADAM-005 | RQ-ADAM-006 | RQ-ADAM-020 | RQ-ADAM-007 | RQ-ADAM-008 | RQ-ADAM-009 | RQ-ADAM-010 | RQ-ADAM-011 | RQ-ADAM-012 | RQ-ADAM-013 | RQ-ADAM-014 | RQ-ADAM-015 | RQ-ADAM-016 | RQ-ADAM-017 | RQ-ADAM-018 | RQ-ADAM-019 | RQ-ADAM-025 | RQ-ADAM-026 | RQ-ADAM-027 | RQ-ADAM-028 | RQ-ADAM-029 | RQ-ADAM-030 | RQ-ADAM-032,,,,,
adam_report_candidate_b9458a2e40f6ddebb9c45f1b,fc95dde8755ea5efbb4bad11,SRC-HISTORY-TABARI-ADAM,9783,shamela://local/5ac170a3045185ccf78e81ebd473cafb8069279b898836fd768c78de76a3d8e5/book/9783/volume/1/page/99?database_sha256=3eac670046fd84fefb8ebfe68a2a2f5f37f7716804a599a61555d3ea8a0162cb&segment_id=97,EARLY_REPORT_CANDIDATE,PRE_BOUNDARY_OR_NOT_APPLICABLE,WAHB_IBN_MUNABBIH,CANDIDATE_PREFIX_EXTRACTED,4,EV-ADAM-001 | EV-ADAM-002 | EV-ADAM-003 | EV-ADAM-004 | EV-ADAM-005 | EV-ADAM-006 | EV-ADAM-007 | EV-ADAM-010 | EV-ADAM-011 | EV-ADAM-020 | EV-ADAM-021 | EV-ADAM-022 | EV-ADAM-023 | EV-ADAM-024 | EV-ADAM-030 | EV-ADAM-031 | EV-ADAM-032 | EV-ADAM-033 | EV-ADAM-040 | EV-ADAM-041 | EV-ADAM-042 | EV-ADAM-050 | EV-ADAM-051 | EV-ADAM-052 | EV-ADAM-053 | EV-ADAM-054 | EV-ADAM-055 | EV-ADAM-070 | EV-ADAM-071 | EV-ADAM-080 | EV-ADAM-081 | EV-ADAM-082 | EV-ADAM-090 | EV-ADAM-091 | EV-ADAM-099,RQ-ADAM-001 | RQ-ADAM-002 | RQ-ADAM-003 | RQ-ADAM-004 | RQ-ADAM-005 | RQ-ADAM-006 | RQ-ADAM-020 | RQ-ADAM-007 | RQ-ADAM-008 | RQ-ADAM-009 | RQ-ADAM-010 | RQ-ADAM-011 | RQ-ADAM-012 | RQ-ADAM-013 | RQ-ADAM-014 | RQ-ADAM-015 | RQ-ADAM-016 | RQ-ADAM-017 | RQ-ADAM-018 | RQ-ADAM-019 | RQ-ADAM-025 | RQ-ADAM-026 | RQ-ADAM-027 | RQ-ADAM-028 | RQ-ADAM-029 | RQ-ADAM-030 | RQ-ADAM-032,,,,,
adam_report_candidate_695eab35c124c2be8be7dd01,fc95dde8755ea5efbb4bad11,SRC-HISTORY-TABARI-ADAM,9783,shamela://local/5ac170a3045185ccf78e81ebd473cafb8069279b898836fd768c78de76a3d8e5/book/9783/volume/1/page/99?database_sha256=3eac670046fd84fefb8ebfe68a2a2f5f37f7716804a599a61555d3ea8a0162cb&segment_id=97,EARLY_REPORT_CANDIDATE,PRE_BOUNDARY_OR_NOT_APPLICABLE,WAHB_IBN_MUNABBIH,CANDIDATE_PREFIX_EXTRACTED,2,EV-ADAM-001 | EV-ADAM-002 | EV-ADAM-003 | EV-ADAM-004 | EV-ADAM-005 | EV-ADAM-006 | EV-ADAM-007 | EV-ADAM-010 | EV-ADAM-011 | EV-ADAM-020 | EV-ADAM-021 | EV-ADAM-022 | EV-ADAM-023 | EV-ADAM-024 | EV-ADAM-030 | EV-ADAM-031 | EV-ADAM-032 | EV-ADAM-033 | EV-ADAM-040 | EV-ADAM-041 | EV-ADAM-042 | EV-ADAM-050 | EV-ADAM-051 | EV-ADAM-052 | EV-ADAM-053 | EV-ADAM-054 | EV-ADAM-055 | EV-ADAM-070 | EV-ADAM-071 | EV-ADAM-080 | EV-ADAM-081 | EV-ADAM-082 | EV-ADAM-090 | EV-ADAM-091 | EV-ADAM-099,RQ-ADAM-001 | RQ-ADAM-002 | RQ-ADAM-003 | RQ-ADAM-004 | RQ-ADAM-005 | RQ-ADAM-006 | RQ-ADAM-020 | RQ-ADAM-007 | RQ-ADAM-008 | RQ-ADAM-009 | RQ-ADAM-010 | RQ-ADAM-011 | RQ-ADAM-012 | RQ-ADAM-013 | RQ-ADAM-014 | RQ-ADAM-015 | RQ-ADAM-016 | RQ-ADAM-017 | RQ-ADAM-018 | RQ-ADAM-019 | RQ-ADAM-025 | RQ-ADAM-026 | RQ-ADAM-027 | RQ-ADAM-028 | RQ-ADAM-029 | RQ-ADAM-030 | RQ-ADAM-032,,,,,
adam_report_candidate_67ce1353fffd51d2ce6c1a2d,fc95dde8755ea5efbb4bad11,SRC-HISTORY-TABARI-ADAM,9783,shamela://local/5ac170a3045185ccf78e81ebd473cafb8069279b898836fd768c78de76a3d8e5/book/9783/volume/1/page/100?database_sha256=3eac670046fd84fefb8ebfe68a2a2f5f37f7716804a599a61555d3ea8a0162cb&segment_id=98,AUTHORIAL_COMMENTARY_CANDIDATE,PRE_BOUNDARY_OR_NOT_APPLICABLE,WAHB_IBN_MUNABBIH,NO_ISNAD_PREFIX_DETECTED,2,EV-ADAM-001 | EV-ADAM-002 | EV-ADAM-003 | EV-ADAM-004 | EV-ADAM-005 | EV-ADAM-006 | EV-ADAM-007 | EV-ADAM-010 | EV-ADAM-011 | EV-ADAM-020 | EV-ADAM-021 | EV-ADAM-022 | EV-ADAM-023 | EV-ADAM-024 | EV-ADAM-030 | EV-ADAM-031 | EV-ADAM-032 | EV-ADAM-033 | EV-ADAM-040 | EV-ADAM-041 | EV-ADAM-042 | EV-ADAM-050 | EV-ADAM-051 | EV-ADAM-052 | EV-ADAM-053 | EV-ADAM-054 | EV-ADAM-055 | EV-ADAM-070 | EV-ADAM-071 | EV-ADAM-080 | EV-ADAM-081 | EV-ADAM-082 | EV-ADAM-090 | EV-ADAM-091 | EV-ADAM-099,RQ-ADAM-001 | RQ-ADAM-002 | RQ-ADAM-003 | RQ-ADAM-004 | RQ-ADAM-005 | RQ-ADAM-006 | RQ-ADAM-020 | RQ-ADAM-007 | RQ-ADAM-008 | RQ-ADAM-009 | RQ-ADAM-010 | RQ-ADAM-011 | RQ-ADAM-012 | RQ-ADAM-013 | RQ-ADAM-014 | RQ-ADAM-015 | RQ-ADAM-016 | RQ-ADAM-017 | RQ-ADAM-018 | RQ-ADAM-019 | RQ-ADAM-025 | RQ-ADAM-026 | RQ-ADAM-027 | RQ-ADAM-028 | RQ-ADAM-029 | RQ-ADAM-030 | RQ-ADAM-032,,,,,
adam_report_candidate_9dfbb799978fbd8b6b22b942,fc95dde8755ea5efbb4bad11,SRC-HISTORY-TABARI-ADAM,9783,shamela://local/5ac170a3045185ccf78e81ebd473cafb8069279b898836fd768c78de76a3d8e5/book/9783/volume/1/page/100?database_sha256=3eac670046fd84fefb8ebfe68a2a2f5f37f7716804a599a61555d3ea8a0162cb&segment_id=98,EARLY_REPORT_CANDIDATE,PRE_BOUNDARY_OR_NOT_APPLICABLE,WAHB_IBN_MUNABBIH,CANDIDATE_PREFIX_EXTRACTED,5,EV-ADAM-001 | EV-ADAM-002 | EV-ADAM-003 | EV-ADAM-004 | EV-ADAM-005 | EV-ADAM-006 | EV-ADAM-007 | EV-ADAM-010 | EV-ADAM-011 | EV-ADAM-020 | EV-ADAM-021 | EV-ADAM-022 | EV-ADAM-023 | EV-ADAM-024 | EV-ADAM-030 | EV-ADAM-031 | EV-ADAM-032 | EV-ADAM-033 | EV-ADAM-040 | EV-ADAM-041 | EV-ADAM-042 | EV-ADAM-050 | EV-ADAM-051 | EV-ADAM-052 | EV-ADAM-053 | EV-ADAM-054 | EV-ADAM-055 | EV-ADAM-070 | EV-ADAM-071 | EV-ADAM-080 | EV-ADAM-081 | EV-ADAM-082 | EV-ADAM-090 | EV-ADAM-091 | EV-ADAM-099,RQ-ADAM-001 | RQ-ADAM-002 | RQ-ADAM-003 | RQ-ADAM-004 | RQ-ADAM-005 | RQ-ADAM-006 | RQ-ADAM-020 | RQ-ADAM-007 | RQ-ADAM-008 | RQ-ADAM-009 | RQ-ADAM-010 | RQ-ADAM-011 | RQ-ADAM-012 | RQ-ADAM-013 | RQ-ADAM-014 | RQ-ADAM-015 | RQ-ADAM-016 | RQ-ADAM-017 | RQ-ADAM-018 | RQ-ADAM-019 | RQ-ADAM-025 | RQ-ADAM-026 | RQ-ADAM-027 | RQ-ADAM-028 | RQ-ADAM-029 | RQ-ADAM-030 | RQ-ADAM-032,,,,,
adam_report_candidate_c0be99aa6dcf0667a8175f9e,fc95dde8755ea5efbb4bad11,SRC-HISTORY-TABARI-ADAM,9783,shamela://local/5ac170a3045185ccf78e81ebd473cafb8069279b898836fd768c78de76a3d8e5/book/9783/volume/1/page/100?database_sha256=3eac670046fd84fefb8ebfe68a2a2f5f37f7716804a599a61555d3ea8a0162cb&segment_id=98,EARLY_REPORT_CANDIDATE,PRE_BOUNDARY_OR_NOT_APPLICABLE,WAHB_IBN_MUNABBIH,CANDIDATE_PREFIX_EXTRACTED,6,EV-ADAM-001 | EV-ADAM-002 | EV-ADAM-003 | EV-ADAM-004 | EV-ADAM-005 | EV-ADAM-006 | EV-ADAM-007 | EV-ADAM-010 | EV-ADAM-011 | EV-ADAM-020 | EV-ADAM-021 | EV-ADAM-022 | EV-ADAM-023 | EV-ADAM-024 | EV-ADAM-030 | EV-ADAM-031 | EV-ADAM-032 | EV-ADAM-033 | EV-ADAM-040 | EV-ADAM-041 | EV-ADAM-042 | EV-ADAM-050 | EV-ADAM-051 | EV-ADAM-052 | EV-ADAM-053 | EV-ADAM-054 | EV-ADAM-055 | EV-ADAM-070 | EV-ADAM-071 | EV-ADAM-080 | EV-ADAM-081 | EV-ADAM-082 | EV-ADAM-090 | EV-ADAM-091 | EV-ADAM-099,RQ-ADAM-001 | RQ-ADAM-002 | RQ-ADAM-003 | RQ-ADAM-004 | RQ-ADAM-005 | RQ-ADAM-006 | RQ-ADAM-020 | RQ-ADAM-007 | RQ-ADAM-008 | RQ-ADAM-009 | RQ-ADAM-010 | RQ-ADAM-011 | RQ-ADAM-012 | RQ-ADAM-013 | RQ-ADAM-014 | RQ-ADAM-015 | RQ-ADAM-016 | RQ-ADAM-017 | RQ-ADAM-018 | RQ-ADAM-019 | RQ-ADAM-025 | RQ-ADAM-026 | RQ-ADAM-027 | RQ-ADAM-028 | RQ-ADAM-029 | RQ-ADAM-030 | RQ-ADAM-032,,,,,
adam_report_candidate_199f81a796af73b608facf83,fc95dde8755ea5efbb4bad11,SRC-HISTORY-TABARI-ADAM,9783,shamela://local/5ac170a3045185ccf78e81ebd473cafb8069279b898836fd768c78de76a3d8e5/book/9783/volume/1/page/100?database_sha256=3eac670046fd84fefb8ebfe68a2a2f5f37f7716804a599a61555d3ea8a0162cb&segment_id=98,EARLY_REPORT_CANDIDATE,PRE_BOUNDARY_OR_NOT_APPLICABLE,WAHB_IBN_MUNABBIH,CANDIDATE_PREFIX_EXTRACTED,2,EV-ADAM-001 | EV-ADAM-002 | EV-ADAM-003 | EV-ADAM-004 | EV-ADAM-005 | EV-ADAM-006 | EV-ADAM-007 | EV-ADAM-010 | EV-ADAM-011 | EV-ADAM-020 | EV-ADAM-021 | EV-ADAM-022 | EV-ADAM-023 | EV-ADAM-024 | EV-ADAM-030 | EV-ADAM-031 | EV-ADAM-032 | EV-ADAM-033 | EV-ADAM-040 | EV-ADAM-041 | EV-ADAM-042 | EV-ADAM-050 | EV-ADAM-051 | EV-ADAM-052 | EV-ADAM-053 | EV-ADAM-054 | EV-ADAM-055 | EV-ADAM-070 | EV-ADAM-071 | EV-ADAM-080 | EV-ADAM-081 | EV-ADAM-082 | EV-ADAM-090 | EV-ADAM-091 | EV-ADAM-099,RQ-ADAM-001 | RQ-ADAM-002 | RQ-ADAM-003 | RQ-ADAM-004 | RQ-ADAM-005 | RQ-ADAM-006 | RQ-ADAM-020 | RQ-ADAM-007 | RQ-ADAM-008 | RQ-ADAM-009 | RQ-ADAM-010 | RQ-ADAM-011 | RQ-ADAM-012 | RQ-ADAM-013 | RQ-ADAM-014 | RQ-ADAM-015 | RQ-ADAM-016 | RQ-ADAM-017 | RQ-ADAM-018 | RQ-ADAM-019 | RQ-ADAM-025 | RQ-ADAM-026 | RQ-ADAM-027 | RQ-ADAM-028 | RQ-ADAM-029 | RQ-ADAM-030 | RQ-ADAM-032,,,,,
adam_report_candidate_1910cfb6c5d23eedecdf9157,fc95dde8755ea5efbb4bad11,SRC-HISTORY-TABARI-ADAM,9783,shamela://local/5ac170a3045185ccf78e81ebd473cafb8069279b898836fd768c78de76a3d8e5/book/9783/volume/1/page/101?database_sha256=3eac670046fd84fefb8ebfe68a2a2f5f37f7716804a599a61555d3ea8a0162cb&segment_id=99,EARLY_REPORT_CANDIDATE,PRE_BOUNDARY_OR_NOT_APPLICABLE,WAHB_IBN_MUNABBIH,NO_ISNAD_PREFIX_DETECTED,1,EV-ADAM-001 | EV-ADAM-002 | EV-ADAM-003 | EV-ADAM-004 | EV-ADAM-005 | EV-ADAM-006 | EV-ADAM-007 | EV-ADAM-010 | EV-ADAM-011 | EV-ADAM-020 | EV-ADAM-021 | EV-ADAM-022 | EV-ADAM-023 | EV-ADAM-024 | EV-ADAM-030 | EV-ADAM-031 | EV-ADAM-032 | EV-ADAM-033 | EV-ADAM-040 | EV-ADAM-041 | EV-ADAM-042 | EV-ADAM-050 | EV-ADAM-051 | EV-ADAM-052 | EV-ADAM-053 | EV-ADAM-054 | EV-ADAM-055 | EV-ADAM-070 | EV-ADAM-071 | EV-ADAM-080 | EV-ADAM-081 | EV-ADAM-082 | EV-ADAM-090 | EV-ADAM-091 | EV-ADAM-099,RQ-ADAM-001 | RQ-ADAM-002 | RQ-ADAM-003 | RQ-ADAM-004 | RQ-ADAM-005 | RQ-ADAM-006 | RQ-ADAM-020 | RQ-ADAM-007 | RQ-ADAM-008 | RQ-ADAM-009 | RQ-ADAM-010 | RQ-ADAM-011 | RQ-ADAM-012 | RQ-ADAM-013 | RQ-ADAM-014 | RQ-ADAM-015 | RQ-ADAM-016 | RQ-ADAM-017 | RQ-ADAM-018 | RQ-ADAM-019 | RQ-ADAM-025 | RQ-ADAM-026 | RQ-ADAM-027 | RQ-ADAM-028 | RQ-ADAM-029 | RQ-ADAM-030 | RQ-ADAM-032,,,,,
adam_report_candidate_b24b05eaa0113102a6d36531,fc95dde8755ea5efbb4bad11,SRC-HISTORY-TABARI-ADAM,9783,shamela://local/5ac170a3045185ccf78e81ebd473cafb8069279b898836fd768c78de76a3d8e5/book/9783/volume/1/page/101?database_sha256=3eac670046fd84fefb8ebfe68a2a2f5f37f7716804a599a61555d3ea8a0162cb&segment_id=99,EARLY_REPORT_CANDIDATE,PRE_BOUNDARY_OR_NOT_APPLICABLE,WAHB_IBN_MUNABBIH,CANDIDATE_PREFIX_EXTRACTED,3,EV-ADAM-001 | EV-ADAM-002 | EV-ADAM-003 | EV-ADAM-004 | EV-ADAM-005 | EV-ADAM-006 | EV-ADAM-007 | EV-ADAM-010 | EV-ADAM-011 | EV-ADAM-020 | EV-ADAM-021 | EV-ADAM-022 | EV-ADAM-023 | EV-ADAM-024 | EV-ADAM-030 | EV-ADAM-031 | EV-ADAM-032 | EV-ADAM-033 | EV-ADAM-040 | EV-ADAM-041 | EV-ADAM-042 | EV-ADAM-050 | EV-ADAM-051 | EV-ADAM-052 | EV-ADAM-053 | EV-ADAM-054 | EV-ADAM-055 | EV-ADAM-070 | EV-ADAM-071 | EV-ADAM-080 | EV-ADAM-081 | EV-ADAM-082 | EV-ADAM-090 | EV-ADAM-091 | EV-ADAM-099,RQ-ADAM-001 | RQ-ADAM-002 | RQ-ADAM-003 | RQ-ADAM-004 | RQ-ADAM-005 | RQ-ADAM-006 | RQ-ADAM-020 | RQ-ADAM-007 | RQ-ADAM-008 | RQ-ADAM-009 | RQ-ADAM-010 | RQ-ADAM-011 | RQ-ADAM-012 | RQ-ADAM-013 | RQ-ADAM-014 | RQ-ADAM-015 | RQ-ADAM-016 | RQ-ADAM-017 | RQ-ADAM-018 | RQ-ADAM-019 | RQ-ADAM-025 | RQ-ADAM-026 | RQ-ADAM-027 | RQ-ADAM-028 | RQ-ADAM-029 | RQ-ADAM-030 | RQ-ADAM-032,,,,,
adam_report_candidate_09be9cc7f6a7ddf53afe617b,fc95dde8755ea5efbb4bad11,SRC-HISTORY-TABARI-ADAM,9783,shamela://local/5ac170a3045185ccf78e81ebd473cafb8069279b898836fd768c78de76a3d8e5/book/9783/volume/1/page/102?database_sha256=3eac670046fd84fefb8ebfe68a2a2f5f37f7716804a599a61555d3ea8a0162cb&segment_id=100,UNCLASSIFIED_SOURCE_PASSAGE_CANDIDATE,PRE_BOUNDARY_OR_NOT_APPLICABLE,WAHB_IBN_MUNABBIH,NO_ISNAD_PREFIX_DETECTED,0,EV-ADAM-001 | EV-ADAM-002 | EV-ADAM-003 | EV-ADAM-004 | EV-ADAM-005 | EV-ADAM-006 | EV-ADAM-007 | EV-ADAM-010 | EV-ADAM-011 | EV-ADAM-020 | EV-ADAM-021 | EV-ADAM-022 | EV-ADAM-023 | EV-ADAM-024 | EV-ADAM-030 | EV-ADAM-031 | EV-ADAM-032 | EV-ADAM-033 | EV-ADAM-040 | EV-ADAM-041 | EV-ADAM-042 | EV-ADAM-050 | EV-ADAM-051 | EV-ADAM-052 | EV-ADAM-053 | EV-ADAM-054 | EV-ADAM-055 | EV-ADAM-070 | EV-ADAM-071 | EV-ADAM-080 | EV-ADAM-081 | EV-ADAM-082 | EV-ADAM-090 | EV-ADAM-091 | EV-ADAM-099,RQ-ADAM-001 | RQ-ADAM-002 | RQ-ADAM-003 | RQ-ADAM-004 | RQ-ADAM-005 | RQ-ADAM-006 | RQ-ADAM-020 | RQ-ADAM-007 | RQ-ADAM-008 | RQ-ADAM-009 | RQ-ADAM-010 | RQ-ADAM-011 | RQ-ADAM-012 | RQ-ADAM-013 | RQ-ADAM-014 | RQ-ADAM-015 | RQ-ADAM-016 | RQ-ADAM-017 | RQ-ADAM-018 | RQ-ADAM-019 | RQ-ADAM-025 | RQ-ADAM-026 | RQ-ADAM-027 | RQ-ADAM-028 | RQ-ADAM-029 | RQ-ADAM-030 | RQ-ADAM-032,,,,,
adam_report_candidate_d075829d61a6d7fbd60bb92d,fc95dde8755ea5efbb4bad11,SRC-HISTORY-TABARI-ADAM,9783,shamela://local/5ac170a3045185ccf78e81ebd473cafb8069279b898836fd768c78de76a3d8e5/book/9783/volume/1/page/102?database_sha256=3eac670046fd84fefb8ebfe68a2a2f5f37f7716804a599a61555d3ea8a0162cb&segment_id=100,EARLY_REPORT_CANDIDATE,PRE_BOUNDARY_OR_NOT_APPLICABLE,WAHB_IBN_MUNABBIH,CANDIDATE_PREFIX_EXTRACTED,3,EV-ADAM-001 | EV-ADAM-002 | EV-ADAM-003 | EV-ADAM-004 | EV-ADAM-005 | EV-ADAM-006 | EV-ADAM-007 | EV-ADAM-010 | EV-ADAM-011 | EV-ADAM-020 | EV-ADAM-021 | EV-ADAM-022 | EV-ADAM-023 | EV-ADAM-024 | EV-ADAM-030 | EV-ADAM-031 | EV-ADAM-032 | EV-ADAM-033 | EV-ADAM-040 | EV-ADAM-041 | EV-ADAM-042 | EV-ADAM-050 | EV-ADAM-051 | EV-ADAM-052 | EV-ADAM-053 | EV-ADAM-054 | EV-ADAM-055 | EV-ADAM-070 | EV-ADAM-071 | EV-ADAM-080 | EV-ADAM-081 | EV-ADAM-082 | EV-ADAM-090 | EV-ADAM-091 | EV-ADAM-099,RQ-ADAM-001 | RQ-ADAM-002 | RQ-ADAM-003 | RQ-ADAM-004 | RQ-ADAM-005 | RQ-ADAM-006 | RQ-ADAM-020 | RQ-ADAM-007 | RQ-ADAM-008 | RQ-ADAM-009 | RQ-ADAM-010 | RQ-ADAM-011 | RQ-ADAM-012 | RQ-ADAM-013 | RQ-ADAM-014 | RQ-ADAM-015 | RQ-ADAM-016 | RQ-ADAM-017 | RQ-ADAM-018 | RQ-ADAM-019 | RQ-ADAM-025 | RQ-ADAM-026 | RQ-ADAM-027 | RQ-ADAM-028 | RQ-ADAM-029 | RQ-ADAM-030 | RQ-ADAM-032,,,,,
adam_report_candidate_ac780b14475c82356e323d1c,fc95dde8755ea5efbb4bad11,SRC-HISTORY-TABARI-ADAM,9783,shamela://local/5ac170a3045185ccf78e81ebd473cafb8069279b898836fd768c78de76a3d8e5/book/9783/volume/1/page/103?database_sha256=3eac670046fd84fefb8ebfe68a2a2f5f37f7716804a599a61555d3ea8a0162cb&segment_id=101,EARLY_REPORT_CANDIDATE,PRE_BOUNDARY_OR_NOT_APPLICABLE,WAHB_IBN_MUNABBIH,NO_ISNAD_PREFIX_DETECTED,1,EV-ADAM-001 | EV-ADAM-002 | EV-ADAM-003 | EV-ADAM-004 | EV-ADAM-005 | EV-ADAM-006 | EV-ADAM-007 | EV-ADAM-010 | EV-ADAM-011 | EV-ADAM-020 | EV-ADAM-021 | EV-ADAM-022 | EV-ADAM-023 | EV-ADAM-024 | EV-ADAM-030 | EV-ADAM-031 | EV-ADAM-032 | EV-ADAM-033 | EV-ADAM-040 | EV-ADAM-041 | EV-ADAM-042 | EV-ADAM-050 | EV-ADAM-051 | EV-ADAM-052 | EV-ADAM-053 | EV-ADAM-054 | EV-ADAM-055 | EV-ADAM-070 | EV-ADAM-071 | EV-ADAM-080 | EV-ADAM-081 | EV-ADAM-082 | EV-ADAM-090 | EV-ADAM-091 | EV-ADAM-099,RQ-ADAM-001 | RQ-ADAM-002 | RQ-ADAM-003 | RQ-ADAM-004 | RQ-ADAM-005 | RQ-ADAM-006 | RQ-ADAM-020 | RQ-ADAM-007 | RQ-ADAM-008 | RQ-ADAM-009 | RQ-ADAM-010 | RQ-ADAM-011 | RQ-ADAM-012 | RQ-ADAM-013 | RQ-ADAM-014 | RQ-ADAM-015 | RQ-ADAM-016 | RQ-ADAM-017 | RQ-ADAM-018 | RQ-ADAM-019 | RQ-ADAM-025 | RQ-ADAM-026 | RQ-ADAM-027 | RQ-ADAM-028 | RQ-ADAM-029 | RQ-ADAM-030 | RQ-ADAM-032,,,,,
adam_report_candidate_7d1a97b342d21284117aae5e,fc95dde8755ea5efbb4bad11,SRC-HISTORY-TABARI-ADAM,9783,shamela://local/5ac170a3045185ccf78e81ebd473cafb8069279b898836fd768c78de76a3d8e5/book/9783/volume/1/page/103?database_sha256=3eac670046fd84fefb8ebfe68a2a2f5f37f7716804a599a61555d3ea8a0162cb&segment_id=101,EARLY_REPORT_CANDIDATE,PRE_BOUNDARY_OR_NOT_APPLICABLE,WAHB_IBN_MUNABBIH,CANDIDATE_PREFIX_EXTRACTED,3,EV-ADAM-001 | EV-ADAM-002 | EV-ADAM-003 | EV-ADAM-004 | EV-ADAM-005 | EV-ADAM-006 | EV-ADAM-007 | EV-ADAM-010 | EV-ADAM-011 | EV-ADAM-020 | EV-ADAM-021 | EV-ADAM-022 | EV-ADAM-023 | EV-ADAM-024 | EV-ADAM-030 | EV-ADAM-031 | EV-ADAM-032 | EV-ADAM-033 | EV-ADAM-040 | EV-ADAM-041 | EV-ADAM-042 | EV-ADAM-050 | EV-ADAM-051 | EV-ADAM-052 | EV-ADAM-053 | EV-ADAM-054 | EV-ADAM-055 | EV-ADAM-070 | EV-ADAM-071 | EV-ADAM-080 | EV-ADAM-081 | EV-ADAM-082 | EV-ADAM-090 | EV-ADAM-091 | EV-ADAM-099,RQ-ADAM-001 | RQ-ADAM-002 | RQ-ADAM-003 | RQ-ADAM-004 | RQ-ADAM-005 | RQ-ADAM-006 | RQ-ADAM-020 | RQ-ADAM-007 | RQ-ADAM-008 | RQ-ADAM-009 | RQ-ADAM-010 | RQ-ADAM-011 | RQ-ADAM-012 | RQ-ADAM-013 | RQ-ADAM-014 | RQ-ADAM-015 | RQ-ADAM-016 | RQ-ADAM-017 | RQ-ADAM-018 | RQ-ADAM-019 | RQ-ADAM-025 | RQ-ADAM-026 | RQ-ADAM-027 | RQ-ADAM-028 | RQ-ADAM-029 | RQ-ADAM-030 | RQ-ADAM-032,,,,,
adam_report_candidate_eff3deb1eb3a0fff6a087a66,fc95dde8755ea5efbb4bad11,SRC-HISTORY-TABARI-ADAM,9783,shamela://local/5ac170a3045185ccf78e81ebd473cafb8069279b898836fd768c78de76a3d8e5/book/9783/volume/1/page/104?database_sha256=3eac670046fd84fefb8ebfe68a2a2f5f37f7716804a599a61555d3ea8a0162cb&segment_id=102,UNCLASSIFIED_SOURCE_PASSAGE_CANDIDATE,PRE_BOUNDARY_OR_NOT_APPLICABLE,WAHB_IBN_MUNABBIH,NO_ISNAD_PREFIX_DETECTED,0,EV-ADAM-001 | EV-ADAM-002 | EV-ADAM-003 | EV-ADAM-004 | EV-ADAM-005 | EV-ADAM-006 | EV-ADAM-007 | EV-ADAM-010 | EV-ADAM-011 | EV-ADAM-020 | EV-ADAM-021 | EV-ADAM-022 | EV-ADAM-023 | EV-ADAM-024 | EV-ADAM-030 | EV-ADAM-031 | EV-ADAM-032 | EV-ADAM-033 | EV-ADAM-040 | EV-ADAM-041 | EV-ADAM-042 | EV-ADAM-050 | EV-ADAM-051 | EV-ADAM-052 | EV-ADAM-053 | EV-ADAM-054 | EV-ADAM-055 | EV-ADAM-070 | EV-ADAM-071 | EV-ADAM-080 | EV-ADAM-081 | EV-ADAM-082 | EV-ADAM-090 | EV-ADAM-091 | EV-ADAM-099,RQ-ADAM-001 | RQ-ADAM-002 | RQ-ADAM-003 | RQ-ADAM-004 | RQ-ADAM-005 | RQ-ADAM-006 | RQ-ADAM-020 | RQ-ADAM-007 | RQ-ADAM-008 | RQ-ADAM-009 | RQ-ADAM-010 | RQ-ADAM-011 | RQ-ADAM-012 | RQ-ADAM-013 | RQ-ADAM-014 | RQ-ADAM-015 | RQ-ADAM-016 | RQ-ADAM-017 | RQ-ADAM-018 | RQ-ADAM-019 | RQ-ADAM-025 | RQ-ADAM-026 | RQ-ADAM-027 | RQ-ADAM-028 | RQ-ADAM-029 | RQ-ADAM-030 | RQ-ADAM-032,,,,,
adam_report_candidate_e9ba192bdc0fad9a2ad2f481,fc95dde8755ea5efbb4bad11,SRC-HISTORY-TABARI-ADAM,9783,shamela://local/5ac170a3045185ccf78e81ebd473cafb8069279b898836fd768c78de76a3d8e5/book/9783/volume/1/page/104?database_sha256=3eac670046fd84fefb8ebfe68a2a2f5f37f7716804a599a61555d3ea8a0162cb&segment_id=102,EARLY_REPORT_CANDIDATE,PRE_BOUNDARY_OR_NOT_APPLICABLE,WAHB_IBN_MUNABBIH,CANDIDATE_PREFIX_EXTRACTED,7,EV-ADAM-001 | EV-ADAM-002 | EV-ADAM-003 | EV-ADAM-004 | EV-ADAM-005 | EV-ADAM-006 | EV-ADAM-007 | EV-ADAM-010 | EV-ADAM-011 | EV-ADAM-020 | EV-ADAM-021 | EV-ADAM-022 | EV-ADAM-023 | EV-ADAM-024 | EV-ADAM-030 | EV-ADAM-031 | EV-ADAM-032 | EV-ADAM-033 | EV-ADAM-040 | EV-ADAM-041 | EV-ADAM-042 | EV-ADAM-050 | EV-ADAM-051 | EV-ADAM-052 | EV-ADAM-053 | EV-ADAM-054 | EV-ADAM-055 | EV-ADAM-070 | EV-ADAM-071 | EV-ADAM-080 | EV-ADAM-081 | EV-ADAM-082 | EV-ADAM-090 | EV-ADAM-091 | EV-ADAM-099,RQ-ADAM-001 | RQ-ADAM-002 | RQ-ADAM-003 | RQ-ADAM-004 | RQ-ADAM-005 | RQ-ADAM-006 | RQ-ADAM-020 | RQ-ADAM-007 | RQ-ADAM-008 | RQ-ADAM-009 | RQ-ADAM-010 | RQ-ADAM-011 | RQ-ADAM-012 | RQ-ADAM-013 | RQ-ADAM-014 | RQ-ADAM-015 | RQ-ADAM-016 | RQ-ADAM-017 | RQ-ADAM-018 | RQ-ADAM-019 | RQ-ADAM-025 | RQ-ADAM-026 | RQ-ADAM-027 | RQ-ADAM-028 | RQ-ADAM-029 | RQ-ADAM-030 | RQ-ADAM-032,,,,,
adam_report_candidate_bd65901039afbd184b8c715e,fc95dde8755ea5efbb4bad11,SRC-HISTORY-TABARI-ADAM,9783,shamela://local/5ac170a3045185ccf78e81ebd473cafb8069279b898836fd768c78de76a3d8e5/book/9783/volume/1/page/105?database_sha256=3eac670046fd84fefb8ebfe68a2a2f5f37f7716804a599a61555d3ea8a0162cb&segment_id=103,EARLY_REPORT_CANDIDATE,PRE_BOUNDARY_OR_NOT_APPLICABLE,WAHB_IBN_MUNABBIH,NO_ISNAD_PREFIX_DETECTED,5,EV-ADAM-001 | EV-ADAM-002 | EV-ADAM-003 | EV-ADAM-004 | EV-ADAM-005 | EV-ADAM-006 | EV-ADAM-007 | EV-ADAM-010 | EV-ADAM-011 | EV-ADAM-020 | EV-ADAM-021 | EV-ADAM-022 | EV-ADAM-023 | EV-ADAM-024 | EV-ADAM-030 | EV-ADAM-031 | EV-ADAM-032 | EV-ADAM-033 | EV-ADAM-040 | EV-ADAM-041 | EV-ADAM-042 | EV-ADAM-050 | EV-ADAM-051 | EV-ADAM-052 | EV-ADAM-053 | EV-ADAM-054 | EV-ADAM-055 | EV-ADAM-070 | EV-ADAM-071 | EV-ADAM-080 | EV-ADAM-081 | EV-ADAM-082 | EV-ADAM-090 | EV-ADAM-091 | EV-ADAM-099,RQ-ADAM-001 | RQ-ADAM-002 | RQ-ADAM-003 | RQ-ADAM-004 | RQ-ADAM-005 | RQ-ADAM-006 | RQ-ADAM-020 | RQ-ADAM-007 | RQ-ADAM-008 | RQ-ADAM-009 | RQ-ADAM-010 | RQ-ADAM-011 | RQ-ADAM-012 | RQ-ADAM-013 | RQ-ADAM-014 | RQ-ADAM-015 | RQ-ADAM-016 | RQ-ADAM-017 | RQ-ADAM-018 | RQ-ADAM-019 | RQ-ADAM-025 | RQ-ADAM-026 | RQ-ADAM-027 | RQ-ADAM-028 | RQ-ADAM-029 | RQ-ADAM-030 | RQ-ADAM-032,,,,,
adam_report_candidate_9c1cc7642759a14badbf5027,fc95dde8755ea5efbb4bad11,SRC-HISTORY-TABARI-ADAM,9783,shamela://local/5ac170a3045185ccf78e81ebd473cafb8069279b898836fd768c78de76a3d8e5/book/9783/volume/1/page/105?database_sha256=3eac670046fd84fefb8ebfe68a2a2f5f37f7716804a599a61555d3ea8a0162cb&segment_id=103,EARLY_REPORT_CANDIDATE,PRE_BOUNDARY_OR_NOT_APPLICABLE,WAHB_IBN_MUNABBIH,CANDIDATE_PREFIX_EXTRACTED,2,EV-ADAM-001 | EV-ADAM-002 | EV-ADAM-003 | EV-ADAM-004 | EV-ADAM-005 | EV-ADAM-006 | EV-ADAM-007 | EV-ADAM-010 | EV-ADAM-011 | EV-ADAM-020 | EV-ADAM-021 | EV-ADAM-022 | EV-ADAM-023 | EV-ADAM-024 | EV-ADAM-030 | EV-ADAM-031 | EV-ADAM-032 | EV-ADAM-033 | EV-ADAM-040 | EV-ADAM-041 | EV-ADAM-042 | EV-ADAM-050 | EV-ADAM-051 | EV-ADAM-052 | EV-ADAM-053 | EV-ADAM-054 | EV-ADAM-055 | EV-ADAM-070 | EV-ADAM-071 | EV-ADAM-080 | EV-ADAM-081 | EV-ADAM-082 | EV-ADAM-090 | EV-ADAM-091 | EV-ADAM-099,RQ-ADAM-001 | RQ-ADAM-002 | RQ-ADAM-003 | RQ-ADAM-004 | RQ-ADAM-005 | RQ-ADAM-006 | RQ-ADAM-020 | RQ-ADAM-007 | RQ-ADAM-008 | RQ-ADAM-009 | RQ-ADAM-010 | RQ-ADAM-011 | RQ-ADAM-012 | RQ-ADAM-013 | RQ-ADAM-014 | RQ-ADAM-015 | RQ-ADAM-016 | RQ-ADAM-017 | RQ-ADAM-018 | RQ-ADAM-019 | RQ-ADAM-025 | RQ-ADAM-026 | RQ-ADAM-027 | RQ-ADAM-028 | RQ-ADAM-029 | RQ-ADAM-030 | RQ-ADAM-032,,,,,
adam_report_candidate_ea0c5da2bb923ca90fe0053c,fc95dde8755ea5efbb4bad11,SRC-HISTORY-TABARI-ADAM,9783,shamela://local/5ac170a3045185ccf78e81ebd473cafb8069279b898836fd768c78de76a3d8e5/book/9783/volume/1/page/106?database_sha256=3eac670046fd84fefb8ebfe68a2a2f5f37f7716804a599a61555d3ea8a0162cb&segment_id=104,UNCLASSIFIED_SOURCE_PASSAGE_CANDIDATE,MIXED_BOUNDARY_PRE_SECTION,WAHB_IBN_MUNABBIH,NO_ISNAD_PREFIX_DETECTED,0,EV-ADAM-001 | EV-ADAM-002 | EV-ADAM-003 | EV-ADAM-004 | EV-ADAM-005 | EV-ADAM-006 | EV-ADAM-007 | EV-ADAM-010 | EV-ADAM-011 | EV-ADAM-020 | EV-ADAM-021 | EV-ADAM-022 | EV-ADAM-023 | EV-ADAM-024 | EV-ADAM-030 | EV-ADAM-031 | EV-ADAM-032 | EV-ADAM-033 | EV-ADAM-040 | EV-ADAM-041 | EV-ADAM-042 | EV-ADAM-050 | EV-ADAM-051 | EV-ADAM-052 | EV-ADAM-053 | EV-ADAM-054 | EV-ADAM-055 | EV-ADAM-070 | EV-ADAM-071 | EV-ADAM-080 | EV-ADAM-081 | EV-ADAM-082 | EV-ADAM-090 | EV-ADAM-091 | EV-ADAM-099,RQ-ADAM-001 | RQ-ADAM-002 | RQ-ADAM-003 | RQ-ADAM-004 | RQ-ADAM-005 | RQ-ADAM-006 | RQ-ADAM-020 | RQ-ADAM-007 | RQ-ADAM-008 | RQ-ADAM-009 | RQ-ADAM-010 | RQ-ADAM-011 | RQ-ADAM-012 | RQ-ADAM-013 | RQ-ADAM-014 | RQ-ADAM-015 | RQ-ADAM-016 | RQ-ADAM-017 | RQ-ADAM-018 | RQ-ADAM-019 | RQ-ADAM-025 | RQ-ADAM-026 | RQ-ADAM-027 | RQ-ADAM-028 | RQ-ADAM-029 | RQ-ADAM-030 | RQ-ADAM-032,,,,,
adam_report_candidate_3b86290783f8aa92ceff3025,4f0d216267deb689f343c163,SRC-HISTORY-TABARI-ADAM,9783,shamela://local/5ac170a3045185ccf78e81ebd473cafb8069279b898836fd768c78de76a3d8e5/book/9783/volume/1/page/55?database_sha256=3eac670046fd84fefb8ebfe68a2a2f5f37f7716804a599a61555d3ea8a0162cb&segment_id=53,EARLY_REPORT_CANDIDATE,PRE_BOUNDARY_OR_NOT_APPLICABLE,,CANDIDATE_PREFIX_EXTRACTED,3,,,,,,,
adam_report_candidate_0a4a0e63c78535d13602dbce,4f0d216267deb689f343c163,SRC-HISTORY-TABARI-ADAM,9783,shamela://local/5ac170a3045185ccf78e81ebd473cafb8069279b898836fd768c78de76a3d8e5/book/9783/volume/1/page/55?database_sha256=3eac670046fd84fefb8ebfe68a2a2f5f37f7716804a599a61555d3ea8a0162cb&segment_id=53,PROPHETIC_HADITH_CANDIDATE,PRE_BOUNDARY_OR_NOT_APPLICABLE,,CANDIDATE_PREFIX_EXTRACTED,6,,,,,,,
adam_report_candidate_9a8c00498f499d9f7d89b158,4f0d216267deb689f343c163,SRC-HISTORY-TABARI-ADAM,9783,shamela://local/5ac170a3045185ccf78e81ebd473cafb8069279b898836fd768c78de76a3d8e5/book/9783/volume/1/page/55?database_sha256=3eac670046fd84fefb8ebfe68a2a2f5f37f7716804a599a61555d3ea8a0162cb&segment_id=53,EARLY_REPORT_CANDIDATE,PRE_BOUNDARY_OR_NOT_APPLICABLE,,CANDIDATE_PREFIX_EXTRACTED,3,,,,,,,
adam_report_candidate_29c75f40a828b19c32a93fe4,4f0d216267deb689f343c163,SRC-HISTORY-TABARI-ADAM,9783,shamela://local/5ac170a3045185ccf78e81ebd473cafb8069279b898836fd768c78de76a3d8e5/book/9783/volume/1/page/55?database_sha256=3eac670046fd84fefb8ebfe68a2a2f5f37f7716804a599a61555d3ea8a0162cb&segment_id=53,EARLY_REPORT_CANDIDATE,PRE_BOUNDARY_OR_NOT_APPLICABLE,,CANDIDATE_PREFIX_EXTRACTED,3,,,,,,,
adam_report_candidate_f0a8f6f1eaa4c195c31d2f0f,4f0d216267deb689f343c163,SRC-HISTORY-TABARI-ADAM,9783,shamela://local/5ac170a3045185ccf78e81ebd473cafb8069279b898836fd768c78de76a3d8e5/book/9783/volume/1/page/56?database_sha256=3eac670046fd84fefb8ebfe68a2a2f5f37f7716804a599a61555d3ea8a0162cb&segment_id=54,UNCLASSIFIED_SOURCE_PASSAGE_CANDIDATE,PRE_BOUNDARY_OR_NOT_APPLICABLE,,NO_ISNAD_PREFIX_DETECTED,0,,,,,,,
adam_report_candidate_51f57376d97d58907b146907,4f0d216267deb689f343c163,SRC-HISTORY-TABARI-ADAM,9783,shamela://local/5ac170a3045185ccf78e81ebd473cafb8069279b898836fd768c78de76a3d8e5/book/9783/volume/1/page/56?database_sha256=3eac670046fd84fefb8ebfe68a2a2f5f37f7716804a599a61555d3ea8a0162cb&segment_id=54,EARLY_REPORT_CANDIDATE,PRE_BOUNDARY_OR_NOT_APPLICABLE,,CANDIDATE_PREFIX_EXTRACTED,5,,,,,,,
adam_report_candidate_931ab921130ce8f89b85c919,4f0d216267deb689f343c163,SRC-HISTORY-TABARI-ADAM,9783,shamela://local/5ac170a3045185ccf78e81ebd473cafb8069279b898836fd768c78de76a3d8e5/book/9783/volume/1/page/56?database_sha256=3eac670046fd84fefb8ebfe68a2a2f5f37f7716804a599a61555d3ea8a0162cb&segment_id=54,PROPHETIC_HADITH_CANDIDATE,PRE_BOUNDARY_OR_NOT_APPLICABLE,,CANDIDATE_PREFIX_EXTRACTED,7,,,,,,,
adam_report_candidate_e9731104d89a0e69e4dee849,4f0d216267deb689f343c163,SRC-HISTORY-TABARI-ADAM,9783,shamela://local/5ac170a3045185ccf78e81ebd473cafb8069279b898836fd768c78de76a3d8e5/book/9783/volume/1/page/56?database_sha256=3eac670046fd84fefb8ebfe68a2a2f5f37f7716804a599a61555d3ea8a0162cb&segment_id=54,EARLY_REPORT_CANDIDATE,PRE_BOUNDARY_OR_NOT_APPLICABLE,,CANDIDATE_PREFIX_EXTRACTED,4,,,,,,,
adam_report_candidate_8e71f4a050314135ee249a60,4f0d216267deb689f343c163,SRC-HISTORY-TABARI-ADAM,9783,shamela://local/5ac170a3045185ccf78e81ebd473cafb8069279b898836fd768c78de76a3d8e5/book/9783/volume/1/page/57?database_sha256=3eac670046fd84fefb8ebfe68a2a2f5f37f7716804a599a61555d3ea8a0162cb&segment_id=55,UNCLASSIFIED_SOURCE_PASSAGE_CANDIDATE,PRE_BOUNDARY_OR_NOT_APPLICABLE,,NO_ISNAD_PREFIX_DETECTED,0,,,,,,,
adam_report_candidate_d29a8940daebfd5a4a880830,4f0d216267deb689f343c163,SRC-HISTORY-TABARI-ADAM,9783,shamela://local/5ac170a3045185ccf78e81ebd473cafb8069279b898836fd768c78de76a3d8e5/book/9783/volume/1/page/58?database_sha256=3eac670046fd84fefb8ebfe68a2a2f5f37f7716804a599a61555d3ea8a0162cb&segment_id=56,UNCLASSIFIED_SOURCE_PASSAGE_CANDIDATE,PRE_BOUNDARY_OR_NOT_APPLICABLE,,NO_ISNAD_PREFIX_DETECTED,0,,,,,,,
adam_report_candidate_fcdc60d5c7bf2f20de30af96,e37b16ebf3b8b8819ae11b80,SRC-HISTORY-TABARI-ADAM,9783,shamela://local/5ac170a3045185ccf78e81ebd473cafb8069279b898836fd768c78de76a3d8e5/book/9783/volume/1/page/21?database_sha256=3eac670046fd84fefb8ebfe68a2a2f5f37f7716804a599a61555d3ea8a0162cb&segment_id=19,UNCLASSIFIED_SOURCE_PASSAGE_CANDIDATE,PRE_BOUNDARY_OR_NOT_APPLICABLE,,NO_ISNAD_PREFIX_DETECTED,0,,,,,,,
adam_report_candidate_6984448d61d6053c0149326b,e37b16ebf3b8b8819ae11b80,SRC-HISTORY-TABARI-ADAM,9783,shamela://local/5ac170a3045185ccf78e81ebd473cafb8069279b898836fd768c78de76a3d8e5/book/9783/volume/1/page/22?database_sha256=3eac670046fd84fefb8ebfe68a2a2f5f37f7716804a599a61555d3ea8a0162cb&segment_id=20,PROPHETIC_HADITH_CANDIDATE,PRE_BOUNDARY_OR_NOT_APPLICABLE,,CANDIDATE_PREFIX_EXTRACTED,0,,,,,,,
adam_report_candidate_3006677f577b6b5b16549d65,e37b16ebf3b8b8819ae11b80,SRC-HISTORY-TABARI-ADAM,9783,shamela://local/5ac170a3045185ccf78e81ebd473cafb8069279b898836fd768c78de76a3d8e5/book/9783/volume/1/page/22?database_sha256=3eac670046fd84fefb8ebfe68a2a2f5f37f7716804a599a61555d3ea8a0162cb&segment_id=20,EARLY_REPORT_CANDIDATE,PRE_BOUNDARY_OR_NOT_APPLICABLE,,CANDIDATE_PREFIX_EXTRACTED,4,,,,,,,
adam_report_candidate_a60397c1635e7eed3d3c2d2c,e37b16ebf3b8b8819ae11b80,SRC-HISTORY-TABARI-ADAM,9783,shamela://local/5ac170a3045185ccf78e81ebd473cafb8069279b898836fd768c78de76a3d8e5/book/9783/volume/1/page/23?database_sha256=3eac670046fd84fefb8ebfe68a2a2f5f37f7716804a599a61555d3ea8a0162cb&segment_id=21,EARLY_REPORT_CANDIDATE,PRE_BOUNDARY_OR_NOT_APPLICABLE,,NO_ISNAD_PREFIX_DETECTED,2,,,,,,,
adam_report_candidate_2eb0bb323b63bd4cb170f317,e37b16ebf3b8b8819ae11b80,SRC-HISTORY-TABARI-ADAM,9783,shamela://local/5ac170a3045185ccf78e81ebd473cafb8069279b898836fd768c78de76a3d8e5/book/9783/volume/1/page/23?database_sha256=3eac670046fd84fefb8ebfe68a2a2f5f37f7716804a599a61555d3ea8a0162cb&segment_id=21,EARLY_REPORT_CANDIDATE,PRE_BOUNDARY_OR_NOT_APPLICABLE,,CANDIDATE_PREFIX_EXTRACTED,7,,,,,,,
adam_report_candidate_61b136232dfbeb6f5cd986bd,e37b16ebf3b8b8819ae11b80,SRC-HISTORY-TABARI-ADAM,9783,shamela://local/5ac170a3045185ccf78e81ebd473cafb8069279b898836fd768c78de76a3d8e5/book/9783/volume/1/page/23?database_sha256=3eac670046fd84fefb8ebfe68a2a2f5f37f7716804a599a61555d3ea8a0162cb&segment_id=21,PROPHETIC_HADITH_CANDIDATE,PRE_BOUNDARY_OR_NOT_APPLICABLE,,CANDIDATE_PREFIX_EXTRACTED,2,,,,,,,
adam_report_candidate_a4079fb31e87c019335808eb,e37b16ebf3b8b8819ae11b80,SRC-HISTORY-TABARI-ADAM,9783,shamela://local/5ac170a3045185ccf78e81ebd473cafb8069279b898836fd768c78de76a3d8e5/book/9783/volume/1/page/23?database_sha256=3eac670046fd84fefb8ebfe68a2a2f5f37f7716804a599a61555d3ea8a0162cb&segment_id=21,EARLY_REPORT_CANDIDATE,PRE_BOUNDARY_OR_NOT_APPLICABLE,,CANDIDATE_PREFIX_EXTRACTED,4,,,,,,,
adam_report_candidate_995c72dd9e4262f10d1c0f77,e37b16ebf3b8b8819ae11b80,SRC-HISTORY-TABARI-ADAM,9783,shamela://local/5ac170a3045185ccf78e81ebd473cafb8069279b898836fd768c78de76a3d8e5/book/9783/volume/1/page/24?database_sha256=3eac670046fd84fefb8ebfe68a2a2f5f37f7716804a599a61555d3ea8a0162cb&segment_id=22,PROPHETIC_HADITH_CANDIDATE,PRE_BOUNDARY_OR_NOT_APPLICABLE,,CANDIDATE_PREFIX_EXTRACTED,0,,,,,,,
adam_report_candidate_314a00587339ad1c74a4a5c6,e37b16ebf3b8b8819ae11b80,SRC-HISTORY-TABARI-ADAM,9783,shamela://local/5ac170a3045185ccf78e81ebd473cafb8069279b898836fd768c78de76a3d8e5/book/9783/volume/1/page/25?database_sha256=3eac670046fd84fefb8ebfe68a2a2f5f37f7716804a599a61555d3ea8a0162cb&segment_id=23,EARLY_REPORT_CANDIDATE,PRE_BOUNDARY_OR_NOT_APPLICABLE,,NO_ISNAD_PREFIX_DETECTED,2,,,,,,,
adam_report_candidate_7da24a97953b2e1c510a46fa,e37b16ebf3b8b8819ae11b80,SRC-HISTORY-TABARI-ADAM,9783,shamela://local/5ac170a3045185ccf78e81ebd473cafb8069279b898836fd768c78de76a3d8e5/book/9783/volume/1/page/25?database_sha256=3eac670046fd84fefb8ebfe68a2a2f5f37f7716804a599a61555d3ea8a0162cb&segment_id=23,EARLY_REPORT_CANDIDATE,PRE_BOUNDARY_OR_NOT_APPLICABLE,,CANDIDATE_PREFIX_EXTRACTED,3,,,,,,,
adam_report_candidate_ba55d5a155234171c428d1d8,3bea7c95675ac163ed02ead1,SRC-HISTORY-TABARI-ADAM,9783,shamela://local/5ac170a3045185ccf78e81ebd473cafb8069279b898836fd768c78de76a3d8e5/book/9783/volume/1/page/16?database_sha256=3eac670046fd84fefb8ebfe68a2a2f5f37f7716804a599a61555d3ea8a0162cb&segment_id=14,PROPHETIC_HADITH_CANDIDATE,PRE_BOUNDARY_OR_NOT_APPLICABLE,WAHB_IBN_MUNABBIH,CANDIDATE_PREFIX_EXTRACTED,1,,,,,,,
adam_report_candidate_3897b880a948ba6690af2944,3bea7c95675ac163ed02ead1,SRC-HISTORY-TABARI-ADAM,9783,shamela://local/5ac170a3045185ccf78e81ebd473cafb8069279b898836fd768c78de76a3d8e5/book/9783/volume/1/page/16?database_sha256=3eac670046fd84fefb8ebfe68a2a2f5f37f7716804a599a61555d3ea8a0162cb&segment_id=14,PROPHETIC_HADITH_CANDIDATE,PRE_BOUNDARY_OR_NOT_APPLICABLE,,CANDIDATE_PREFIX_EXTRACTED,3,,,,,,,
adam_report_candidate_f18b47c2b90ed8b21493b0cb,3bea7c95675ac163ed02ead1,SRC-HISTORY-TABARI-ADAM,9783,shamela://local/5ac170a3045185ccf78e81ebd473cafb8069279b898836fd768c78de76a3d8e5/book/9783/volume/1/page/17?database_sha256=3eac670046fd84fefb8ebfe68a2a2f5f37f7716804a599a61555d3ea8a0162cb&segment_id=15,PROPHETIC_HADITH_CANDIDATE,PRE_BOUNDARY_OR_NOT_APPLICABLE,,CANDIDATE_PREFIX_EXTRACTED,0,,,,,,,
adam_report_candidate_ead135ea5fe6202abe69e508,3bea7c95675ac163ed02ead1,SRC-HISTORY-TABARI-ADAM,9783,shamela://local/5ac170a3045185ccf78e81ebd473cafb8069279b898836fd768c78de76a3d8e5/book/9783/volume/1/page/17?database_sha256=3eac670046fd84fefb8ebfe68a2a2f5f37f7716804a599a61555d3ea8a0162cb&segment_id=15,EARLY_REPORT_CANDIDATE,PRE_BOUNDARY_OR_NOT_APPLICABLE,,CANDIDATE_PREFIX_EXTRACTED,5,,,,,,,
adam_report_candidate_9618a4fc14ee4ae8a0479f96,3bea7c95675ac163ed02ead1,SRC-HISTORY-TABARI-ADAM,9783,shamela://local/5ac170a3045185ccf78e81ebd473cafb8069279b898836fd768c78de76a3d8e5/book/9783/volume/1/page/18?database_sha256=3eac670046fd84fefb8ebfe68a2a2f5f37f7716804a599a61555d3ea8a0162cb&segment_id=16,UNCLASSIFIED_SOURCE_PASSAGE_CANDIDATE,PRE_BOUNDARY_OR_NOT_APPLICABLE,,NO_ISNAD_PREFIX_DETECTED,0,,,,,,,
adam_report_candidate_e8ab474cc04f8b7748413dff,3bea7c95675ac163ed02ead1,SRC-HISTORY-TABARI-ADAM,9783,shamela://local/5ac170a3045185ccf78e81ebd473cafb8069279b898836fd768c78de76a3d8e5/book/9783/volume/1/page/19?database_sha256=3eac670046fd84fefb8ebfe68a2a2f5f37f7716804a599a61555d3ea8a0162cb&segment_id=17,UNCLASSIFIED_SOURCE_PASSAGE_CANDIDATE,PRE_BOUNDARY_OR_NOT_APPLICABLE,,NO_ISNAD_PREFIX_DETECTED,0,,,,,,,
adam_report_candidate_e5e8f854bff04229e01060e3,050a6b8ff12ed7e950c0e304,SRC-HISTORY-TABARI-ADAM,9783,shamela://local/5ac170a3045185ccf78e81ebd473cafb8069279b898836fd768c78de76a3d8e5/book/9783/volume/1/page/45?database_sha256=3eac670046fd84fefb8ebfe68a2a2f5f37f7716804a599a61555d3ea8a0162cb&segment_id=43,UNCLASSIFIED_SOURCE_PASSAGE_CANDIDATE,PRE_BOUNDARY_OR_NOT_APPLICABLE,,NO_ISNAD_PREFIX_DETECTED,0,,,,,,,
adam_report_candidate_f3c3a3124fa232eee963edf0,050a6b8ff12ed7e950c0e304,SRC-HISTORY-TABARI-ADAM,9783,shamela://local/5ac170a3045185ccf78e81ebd473cafb8069279b898836fd768c78de76a3d8e5/book/9783/volume/1/page/45?database_sha256=3eac670046fd84fefb8ebfe68a2a2f5f37f7716804a599a61555d3ea8a0162cb&segment_id=43,EARLY_REPORT_CANDIDATE,PRE_BOUNDARY_OR_NOT_APPLICABLE,,CANDIDATE_PREFIX_EXTRACTED,6,,,,,,,
adam_report_candidate_400c959fa8754012b31521f9,050a6b8ff12ed7e950c0e304,SRC-HISTORY-TABARI-ADAM,9783,shamela://local/5ac170a3045185ccf78e81ebd473cafb8069279b898836fd768c78de76a3d8e5/book/9783/volume/1/page/45?database_sha256=3eac670046fd84fefb8ebfe68a2a2f5f37f7716804a599a61555d3ea8a0162cb&segment_id=43,EARLY_REPORT_CANDIDATE,PRE_BOUNDARY_OR_NOT_APPLICABLE,,CANDIDATE_PREFIX_EXTRACTED,4,,,,,,,
adam_report_candidate_a6ae0de4c0abe717716c218c,050a6b8ff12ed7e950c0e304,SRC-HISTORY-TABARI-ADAM,9783,shamela://local/5ac170a3045185ccf78e81ebd473cafb8069279b898836fd768c78de76a3d8e5/book/9783/volume/1/page/46?database_sha256=3eac670046fd84fefb8ebfe68a2a2f5f37f7716804a599a61555d3ea8a0162cb&segment_id=44,PROPHETIC_HADITH_CANDIDATE,PRE_BOUNDARY_OR_NOT_APPLICABLE,,CANDIDATE_PREFIX_EXTRACTED,0,,,,,,,
adam_report_candidate_8b128976537e9fe4b0c4bf80,050a6b8ff12ed7e950c0e304,SRC-HISTORY-TABARI-ADAM,9783,shamela://local/5ac170a3045185ccf78e81ebd473cafb8069279b898836fd768c78de76a3d8e5/book/9783/volume/1/page/47?database_sha256=3eac670046fd84fefb8ebfe68a2a2f5f37f7716804a599a61555d3ea8a0162cb&segment_id=45,UNCLASSIFIED_SOURCE_PASSAGE_CANDIDATE,PRE_BOUNDARY_OR_NOT_APPLICABLE,,NO_ISNAD_PREFIX_DETECTED,0,,,,,,,
adam_report_candidate_a581cf134816d47632b932f1,050a6b8ff12ed7e950c0e304,SRC-HISTORY-TABARI-ADAM,9783,shamela://local/5ac170a3045185ccf78e81ebd473cafb8069279b898836fd768c78de76a3d8e5/book/9783/volume/1/page/47?database_sha256=3eac670046fd84fefb8ebfe68a2a2f5f37f7716804a599a61555d3ea8a0162cb&segment_id=45,EARLY_REPORT_CANDIDATE,PRE_BOUNDARY_OR_NOT_APPLICABLE,,CANDIDATE_PREFIX_EXTRACTED,4,,,,,,,
adam_report_candidate_13dfda874420e9de78ff9c35,050a6b8ff12ed7e950c0e304,SRC-HISTORY-TABARI-ADAM,9783,shamela://local/5ac170a3045185ccf78e81ebd473cafb8069279b898836fd768c78de76a3d8e5/book/9783/volume/1/page/47?database_sha256=3eac670046fd84fefb8ebfe68a2a2f5f37f7716804a599a61555d3ea8a0162cb&segment_id=45,EARLY_REPORT_CANDIDATE,PRE_BOUNDARY_OR_NOT_APPLICABLE,,CANDIDATE_PREFIX_EXTRACTED,5,,,,,,,
adam_report_candidate_141dc47a41e86959e5988598,050a6b8ff12ed7e950c0e304,SRC-HISTORY-TABARI-ADAM,9783,shamela://local/5ac170a3045185ccf78e81ebd473cafb8069279b898836fd768c78de76a3d8e5/book/9783/volume/1/page/47?database_sha256=3eac670046fd84fefb8ebfe68a2a2f5f37f7716804a599a61555d3ea8a0162cb&segment_id=45,EARLY_REPORT_CANDIDATE,PRE_BOUNDARY_OR_NOT_APPLICABLE,,CANDIDATE_PREFIX_EXTRACTED,5,,,,,,,
adam_report_candidate_05864090fa9cac9d464706ce,050a6b8ff12ed7e950c0e304,SRC-HISTORY-TABARI-ADAM,9783,shamela://local/5ac170a3045185ccf78e81ebd473cafb8069279b898836fd768c78de76a3d8e5/book/9783/volume/1/page/48?database_sha256=3eac670046fd84fefb8ebfe68a2a2f5f37f7716804a599a61555d3ea8a0162cb&segment_id=46,EARLY_REPORT_CANDIDATE,PRE_BOUNDARY_OR_NOT_APPLICABLE,,NO_ISNAD_PREFIX_DETECTED,2,,,,,,,
adam_report_candidate_6dd23522a84222399a2d39ce,050a6b8ff12ed7e950c0e304,SRC-HISTORY-TABARI-ADAM,9783,shamela://local/5ac170a3045185ccf78e81ebd473cafb8069279b898836fd768c78de76a3d8e5/book/9783/volume/1/page/48?database_sha256=3eac670046fd84fefb8ebfe68a2a2f5f37f7716804a599a61555d3ea8a0162cb&segment_id=46,EARLY_REPORT_CANDIDATE,PRE_BOUNDARY_OR_NOT_APPLICABLE,,CANDIDATE_PREFIX_EXTRACTED,5,,,,,,,
adam_report_candidate_eeb02a73aa7feab86343c700,050a6b8ff12ed7e950c0e304,SRC-HISTORY-TABARI-ADAM,9783,shamela://local/5ac170a3045185ccf78e81ebd473cafb8069279b898836fd768c78de76a3d8e5/book/9783/volume/1/page/48?database_sha256=3eac670046fd84fefb8ebfe68a2a2f5f37f7716804a599a61555d3ea8a0162cb&segment_id=46,PROPHETIC_HADITH_CANDIDATE,PRE_BOUNDARY_OR_NOT_APPLICABLE,,CANDIDATE_PREFIX_EXTRACTED,3,,,,,,,
adam_report_candidate_9b4d3572210f3b3357a9a1a7,050a6b8ff12ed7e950c0e304,SRC-HISTORY-TABARI-ADAM,9783,shamela://local/5ac170a3045185ccf78e81ebd473cafb8069279b898836fd768c78de76a3d8e5/book/9783/volume/1/page/49?database_sha256=3eac670046fd84fefb8ebfe68a2a2f5f37f7716804a599a61555d3ea8a0162cb&segment_id=47,EARLY_REPORT_CANDIDATE,PRE_BOUNDARY_OR_NOT_APPLICABLE,,NO_ISNAD_PREFIX_DETECTED,1,,,,,,,
adam_report_candidate_b2e7fe27b97972a882b930e7,050a6b8ff12ed7e950c0e304,SRC-HISTORY-TABARI-ADAM,9783,shamela://local/5ac170a3045185ccf78e81ebd473cafb8069279b898836fd768c78de76a3d8e5/book/9783/volume/1/page/49?database_sha256=3eac670046fd84fefb8ebfe68a2a2f5f37f7716804a599a61555d3ea8a0162cb&segment_id=47,EARLY_REPORT_CANDIDATE,PRE_BOUNDARY_OR_NOT_APPLICABLE,,CANDIDATE_PREFIX_EXTRACTED,4,,,,,,,
adam_report_candidate_dd98effd1417b87315dc4853,050a6b8ff12ed7e950c0e304,SRC-HISTORY-TABARI-ADAM,9783,shamela://local/5ac170a3045185ccf78e81ebd473cafb8069279b898836fd768c78de76a3d8e5/book/9783/volume/1/page/49?database_sha256=3eac670046fd84fefb8ebfe68a2a2f5f37f7716804a599a61555d3ea8a0162cb&segment_id=47,EARLY_REPORT_CANDIDATE,PRE_BOUNDARY_OR_NOT_APPLICABLE,,CANDIDATE_PREFIX_EXTRACTED,6,,,,,,,
adam_report_candidate_5678efcb1065006496072e04,050a6b8ff12ed7e950c0e304,SRC-HISTORY-TABARI-ADAM,9783,shamela://local/5ac170a3045185ccf78e81ebd473cafb8069279b898836fd768c78de76a3d8e5/book/9783/volume/1/page/50?database_sha256=3eac670046fd84fefb8ebfe68a2a2f5f37f7716804a599a61555d3ea8a0162cb&segment_id=48,UNCLASSIFIED_SOURCE_PASSAGE_CANDIDATE,PRE_BOUNDARY_OR_NOT_APPLICABLE,,NO_ISNAD_PREFIX_DETECTED,0,,,,,,,
adam_report_candidate_b4f4e777c974e00be80ea219,050a6b8ff12ed7e950c0e304,SRC-HISTORY-TABARI-ADAM,9783,shamela://local/5ac170a3045185ccf78e81ebd473cafb8069279b898836fd768c78de76a3d8e5/book/9783/volume/1/page/50?database_sha256=3eac670046fd84fefb8ebfe68a2a2f5f37f7716804a599a61555d3ea8a0162cb&segment_id=48,EARLY_REPORT_CANDIDATE,PRE_BOUNDARY_OR_NOT_APPLICABLE,,CANDIDATE_PREFIX_EXTRACTED,3,,,,,,,
adam_report_candidate_fb2b8ba364ccf8bdadca866e,050a6b8ff12ed7e950c0e304,SRC-HISTORY-TABARI-ADAM,9783,shamela://local/5ac170a3045185ccf78e81ebd473cafb8069279b898836fd768c78de76a3d8e5/book/9783/volume/1/page/50?database_sha256=3eac670046fd84fefb8ebfe68a2a2f5f37f7716804a599a61555d3ea8a0162cb&segment_id=48,EARLY_REPORT_CANDIDATE,PRE_BOUNDARY_OR_NOT_APPLICABLE,,CANDIDATE_PREFIX_EXTRACTED,4,,,,,,,
adam_report_candidate_4f165d2583cc6ebaa61c8759,050a6b8ff12ed7e950c0e304,SRC-HISTORY-TABARI-ADAM,9783,shamela://local/5ac170a3045185ccf78e81ebd473cafb8069279b898836fd768c78de76a3d8e5/book/9783/volume/1/page/51?database_sha256=3eac670046fd84fefb8ebfe68a2a2f5f37f7716804a599a61555d3ea8a0162cb&segment_id=49,EARLY_REPORT_CANDIDATE,PRE_BOUNDARY_OR_NOT_APPLICABLE,,CANDIDATE_PREFIX_EXTRACTED,5,,,,,,,
adam_report_candidate_648026ac0b0bce185b5fab81,050a6b8ff12ed7e950c0e304,SRC-HISTORY-TABARI-ADAM,9783,shamela://local/5ac170a3045185ccf78e81ebd473cafb8069279b898836fd768c78de76a3d8e5/book/9783/volume/1/page/51?database_sha256=3eac670046fd84fefb8ebfe68a2a2f5f37f7716804a599a61555d3ea8a0162cb&segment_id=49,EARLY_REPORT_CANDIDATE,PRE_BOUNDARY_OR_NOT_APPLICABLE,,CANDIDATE_PREFIX_EXTRACTED,5,,,,,,,
adam_report_candidate_ab7db2336c0ca5fd0b5cbc33,050a6b8ff12ed7e950c0e304,SRC-HISTORY-TABARI-ADAM,9783,shamela://local/5ac170a3045185ccf78e81ebd473cafb8069279b898836fd768c78de76a3d8e5/book/9783/volume/1/page/51?database_sha256=3eac670046fd84fefb8ebfe68a2a2f5f37f7716804a599a61555d3ea8a0162cb&segment_id=49,EARLY_REPORT_CANDIDATE,PRE_BOUNDARY_OR_NOT_APPLICABLE,,CANDIDATE_PREFIX_EXTRACTED,6,,,,,,,
adam_report_candidate_88f41f934366ff8b4df1f462,050a6b8ff12ed7e950c0e304,SRC-HISTORY-TABARI-ADAM,9783,shamela://local/5ac170a3045185ccf78e81ebd473cafb8069279b898836fd768c78de76a3d8e5/book/9783/volume/1/page/51?database_sha256=3eac670046fd84fefb8ebfe68a2a2f5f37f7716804a599a61555d3ea8a0162cb&segment_id=49,EARLY_REPORT_CANDIDATE,PRE_BOUNDARY_OR_NOT_APPLICABLE,,CANDIDATE_PREFIX_EXTRACTED,3,,,,,,,
adam_report_candidate_6b376396d944417f5311da6f,050a6b8ff12ed7e950c0e304,SRC-HISTORY-TABARI-ADAM,9783,shamela://local/5ac170a3045185ccf78e81ebd473cafb8069279b898836fd768c78de76a3d8e5/book/9783/volume/1/page/51?database_sha256=3eac670046fd84fefb8ebfe68a2a2f5f37f7716804a599a61555d3ea8a0162cb&segment_id=49,EARLY_REPORT_CANDIDATE,PRE_BOUNDARY_OR_NOT_APPLICABLE,,CANDIDATE_PREFIX_EXTRACTED,5,,,,,,,
adam_report_candidate_01b417571a6873cbcc823f87,13709c8af09cb8d06a9b5984,SRC-HISTORY-TABARI-ADAM,9783,shamela://local/5ac170a3045185ccf78e81ebd473cafb8069279b898836fd768c78de76a3d8e5/book/9783/volume/1/page/28?database_sha256=3eac670046fd84fefb8ebfe68a2a2f5f37f7716804a599a61555d3ea8a0162cb&segment_id=26,UNCLASSIFIED_SOURCE_PASSAGE_CANDIDATE,PRE_BOUNDARY_OR_NOT_APPLICABLE,,NO_ISNAD_PREFIX_DETECTED,0,,,,,,,
adam_report_candidate_d0e965a142dfa9bf314eab40,13709c8af09cb8d06a9b5984,SRC-HISTORY-TABARI-ADAM,9783,shamela://local/5ac170a3045185ccf78e81ebd473cafb8069279b898836fd768c78de76a3d8e5/book/9783/volume/1/page/29?database_sha256=3eac670046fd84fefb8ebfe68a2a2f5f37f7716804a599a61555d3ea8a0162cb&segment_id=27,UNCLASSIFIED_SOURCE_PASSAGE_CANDIDATE,PRE_BOUNDARY_OR_NOT_APPLICABLE,,NO_ISNAD_PREFIX_DETECTED,0,,,,,,,
adam_report_candidate_bb7502e45f18142ee28d5699,13709c8af09cb8d06a9b5984,SRC-HISTORY-TABARI-ADAM,9783,shamela://local/5ac170a3045185ccf78e81ebd473cafb8069279b898836fd768c78de76a3d8e5/book/9783/volume/1/page/30?database_sha256=3eac670046fd84fefb8ebfe68a2a2f5f37f7716804a599a61555d3ea8a0162cb&segment_id=28,UNCLASSIFIED_SOURCE_PASSAGE_CANDIDATE,PRE_BOUNDARY_OR_NOT_APPLICABLE,,NO_ISNAD_PREFIX_DETECTED,0,,,,,,,
adam_report_candidate_0dd3b3ca44fd934596d977fa,13709c8af09cb8d06a9b5984,SRC-HISTORY-TABARI-ADAM,9783,shamela://local/5ac170a3045185ccf78e81ebd473cafb8069279b898836fd768c78de76a3d8e5/book/9783/volume/1/page/30?database_sha256=3eac670046fd84fefb8ebfe68a2a2f5f37f7716804a599a61555d3ea8a0162cb&segment_id=28,PROPHETIC_HADITH_CANDIDATE,PRE_BOUNDARY_OR_NOT_APPLICABLE,,CANDIDATE_PREFIX_EXTRACTED,4,,,,,,,
adam_report_candidate_89edd4979affae57ec9c78ac,13709c8af09cb8d06a9b5984,SRC-HISTORY-TABARI-ADAM,9783,shamela://local/5ac170a3045185ccf78e81ebd473cafb8069279b898836fd768c78de76a3d8e5/book/9783/volume/1/page/31?database_sha256=3eac670046fd84fefb8ebfe68a2a2f5f37f7716804a599a61555d3ea8a0162cb&segment_id=29,EARLY_REPORT_CANDIDATE,PRE_BOUNDARY_OR_NOT_APPLICABLE,,NO_ISNAD_PREFIX_DETECTED,3,,,,,,,
adam_report_candidate_332358e45a2702df59ebc632,13709c8af09cb8d06a9b5984,SRC-HISTORY-TABARI-ADAM,9783,shamela://local/5ac170a3045185ccf78e81ebd473cafb8069279b898836fd768c78de76a3d8e5/book/9783/volume/1/page/31?database_sha256=3eac670046fd84fefb8ebfe68a2a2f5f37f7716804a599a61555d3ea8a0162cb&segment_id=29,EARLY_REPORT_CANDIDATE,PRE_BOUNDARY_OR_NOT_APPLICABLE,,CANDIDATE_PREFIX_EXTRACTED,1,,,,,,,
adam_report_candidate_82ee5128f6963780615adf85,13709c8af09cb8d06a9b5984,SRC-HISTORY-TABARI-ADAM,9783,shamela://local/5ac170a3045185ccf78e81ebd473cafb8069279b898836fd768c78de76a3d8e5/book/9783/volume/1/page/32?database_sha256=3eac670046fd84fefb8ebfe68a2a2f5f37f7716804a599a61555d3ea8a0162cb&segment_id=30,PROPHETIC_HADITH_CANDIDATE,PRE_BOUNDARY_OR_NOT_APPLICABLE,WAHB_IBN_MUNABBIH,CANDIDATE_PREFIX_EXTRACTED,6,,,,,,,
adam_report_candidate_9a628126f48ad6850339db3a,13709c8af09cb8d06a9b5984,SRC-HISTORY-TABARI-ADAM,9783,shamela://local/5ac170a3045185ccf78e81ebd473cafb8069279b898836fd768c78de76a3d8e5/book/9783/volume/1/page/32?database_sha256=3eac670046fd84fefb8ebfe68a2a2f5f37f7716804a599a61555d3ea8a0162cb&segment_id=30,EARLY_REPORT_CANDIDATE,PRE_BOUNDARY_OR_NOT_APPLICABLE,,CANDIDATE_PREFIX_EXTRACTED,4,,,,,,,
adam_report_candidate_62adb1f3b12a70c5edc3a636,13709c8af09cb8d06a9b5984,SRC-HISTORY-TABARI-ADAM,9783,shamela://local/5ac170a3045185ccf78e81ebd473cafb8069279b898836fd768c78de76a3d8e5/book/9783/volume/1/page/32?database_sha256=3eac670046fd84fefb8ebfe68a2a2f5f37f7716804a599a61555d3ea8a0162cb&segment_id=30,PROPHETIC_HADITH_CANDIDATE,PRE_BOUNDARY_OR_NOT_APPLICABLE,,CANDIDATE_PREFIX_EXTRACTED,5,,,,,,,
adam_report_candidate_65d1b5e301dabeb584c353dd,13709c8af09cb8d06a9b5984,SRC-HISTORY-TABARI-ADAM,9783,shamela://local/5ac170a3045185ccf78e81ebd473cafb8069279b898836fd768c78de76a3d8e5/book/9783/volume/1/page/32?database_sha256=3eac670046fd84fefb8ebfe68a2a2f5f37f7716804a599a61555d3ea8a0162cb&segment_id=30,PROPHETIC_HADITH_CANDIDATE,PRE_BOUNDARY_OR_NOT_APPLICABLE,,CANDIDATE_PREFIX_EXTRACTED,9,,,,,,,
adam_report_candidate_04a0f09b47ddb5e10fcfaf16,13709c8af09cb8d06a9b5984,SRC-HISTORY-TABARI-ADAM,9783,shamela://local/5ac170a3045185ccf78e81ebd473cafb8069279b898836fd768c78de76a3d8e5/book/9783/volume/1/page/32?database_sha256=3eac670046fd84fefb8ebfe68a2a2f5f37f7716804a599a61555d3ea8a0162cb&segment_id=30,EARLY_REPORT_CANDIDATE,PRE_BOUNDARY_OR_NOT_APPLICABLE,,CANDIDATE_PREFIX_EXTRACTED,4,,,,,,,
adam_report_candidate_ba0fe2c62f9d85b522d77fc9,13709c8af09cb8d06a9b5984,SRC-HISTORY-TABARI-ADAM,9783,shamela://local/5ac170a3045185ccf78e81ebd473cafb8069279b898836fd768c78de76a3d8e5/book/9783/volume/1/page/33?database_sha256=3eac670046fd84fefb8ebfe68a2a2f5f37f7716804a599a61555d3ea8a0162cb&segment_id=31,PROPHETIC_HADITH_CANDIDATE,PRE_BOUNDARY_OR_NOT_APPLICABLE,,CANDIDATE_PREFIX_EXTRACTED,1,,,,,,,
adam_report_candidate_1e94f005b4128acf800d2ab7,13709c8af09cb8d06a9b5984,SRC-HISTORY-TABARI-ADAM,9783,shamela://local/5ac170a3045185ccf78e81ebd473cafb8069279b898836fd768c78de76a3d8e5/book/9783/volume/1/page/33?database_sha256=3eac670046fd84fefb8ebfe68a2a2f5f37f7716804a599a61555d3ea8a0162cb&segment_id=31,EARLY_REPORT_CANDIDATE,PRE_BOUNDARY_OR_NOT_APPLICABLE,,CANDIDATE_PREFIX_EXTRACTED,8,,,,,,,
adam_report_candidate_232b4f9a5ecc5173f0b621df,13709c8af09cb8d06a9b5984,SRC-HISTORY-TABARI-ADAM,9783,shamela://local/5ac170a3045185ccf78e81ebd473cafb8069279b898836fd768c78de76a3d8e5/book/9783/volume/1/page/33?database_sha256=3eac670046fd84fefb8ebfe68a2a2f5f37f7716804a599a61555d3ea8a0162cb&segment_id=31,EARLY_REPORT_CANDIDATE,PRE_BOUNDARY_OR_NOT_APPLICABLE,,CANDIDATE_PREFIX_EXTRACTED,5,,,,,,,
adam_report_candidate_5c874d016d9ec2e00782f1b7,13709c8af09cb8d06a9b5984,SRC-HISTORY-TABARI-ADAM,9783,shamela://local/5ac170a3045185ccf78e81ebd473cafb8069279b898836fd768c78de76a3d8e5/book/9783/volume/1/page/33?database_sha256=3eac670046fd84fefb8ebfe68a2a2f5f37f7716804a599a61555d3ea8a0162cb&segment_id=31,EARLY_REPORT_CANDIDATE,PRE_BOUNDARY_OR_NOT_APPLICABLE,,CANDIDATE_PREFIX_EXTRACTED,6,,,,,,,
adam_report_candidate_9469f1381a5d291d6f8d57af,37d379bcdb64c00c4fdfd02e,SRC-HISTORY-TABARI-ADAM,9783,shamela://local/5ac170a3045185ccf78e81ebd473cafb8069279b898836fd768c78de76a3d8e5/book/9783/volume/1/page/11?database_sha256=3eac670046fd84fefb8ebfe68a2a2f5f37f7716804a599a61555d3ea8a0162cb&segment_id=9,PROPHETIC_HADITH_CANDIDATE,PRE_BOUNDARY_OR_NOT_APPLICABLE,,CANDIDATE_PREFIX_EXTRACTED,2,,,,,,,
adam_report_candidate_485554d023c824869eeff383,37d379bcdb64c00c4fdfd02e,SRC-HISTORY-TABARI-ADAM,9783,shamela://local/5ac170a3045185ccf78e81ebd473cafb8069279b898836fd768c78de76a3d8e5/book/9783/volume/1/page/11?database_sha256=3eac670046fd84fefb8ebfe68a2a2f5f37f7716804a599a61555d3ea8a0162cb&segment_id=9,EARLY_REPORT_CANDIDATE,PRE_BOUNDARY_OR_NOT_APPLICABLE,,CANDIDATE_PREFIX_EXTRACTED,4,,,,,,,
adam_report_candidate_0b908ab9d422a95380e55ca5,37d379bcdb64c00c4fdfd02e,SRC-HISTORY-TABARI-ADAM,9783,shamela://local/5ac170a3045185ccf78e81ebd473cafb8069279b898836fd768c78de76a3d8e5/book/9783/volume/1/page/11?database_sha256=3eac670046fd84fefb8ebfe68a2a2f5f37f7716804a599a61555d3ea8a0162cb&segment_id=9,EARLY_REPORT_CANDIDATE,PRE_BOUNDARY_OR_NOT_APPLICABLE,,CANDIDATE_PREFIX_EXTRACTED,3,,,,,,,
adam_report_candidate_1d24d7de7d7ac09a439feb1b,37d379bcdb64c00c4fdfd02e,SRC-HISTORY-TABARI-ADAM,9783,shamela://local/5ac170a3045185ccf78e81ebd473cafb8069279b898836fd768c78de76a3d8e5/book/9783/volume/1/page/11?database_sha256=3eac670046fd84fefb8ebfe68a2a2f5f37f7716804a599a61555d3ea8a0162cb&segment_id=9,PROPHETIC_HADITH_CANDIDATE,PRE_BOUNDARY_OR_NOT_APPLICABLE,,CANDIDATE_PREFIX_EXTRACTED,5,,,,,,,
adam_report_candidate_b0e4d00346f33dd500679c5e,37d379bcdb64c00c4fdfd02e,SRC-HISTORY-TABARI-ADAM,9783,shamela://local/5ac170a3045185ccf78e81ebd473cafb8069279b898836fd768c78de76a3d8e5/book/9783/volume/1/page/11?database_sha256=3eac670046fd84fefb8ebfe68a2a2f5f37f7716804a599a61555d3ea8a0162cb&segment_id=9,EARLY_REPORT_CANDIDATE,PRE_BOUNDARY_OR_NOT_APPLICABLE,,CANDIDATE_PREFIX_EXTRACTED,6,,,,,,,
adam_report_candidate_2d85762dba169e26156d9dac,37d379bcdb64c00c4fdfd02e,SRC-HISTORY-TABARI-ADAM,9783,shamela://local/5ac170a3045185ccf78e81ebd473cafb8069279b898836fd768c78de76a3d8e5/book/9783/volume/1/page/11?database_sha256=3eac670046fd84fefb8ebfe68a2a2f5f37f7716804a599a61555d3ea8a0162cb&segment_id=9,PROPHETIC_HADITH_CANDIDATE,PRE_BOUNDARY_OR_NOT_APPLICABLE,,CANDIDATE_PREFIX_EXTRACTED,3,,,,,,,
adam_report_candidate_eecbccf9db6f57d778155761,37d379bcdb64c00c4fdfd02e,SRC-HISTORY-TABARI-ADAM,9783,shamela://local/5ac170a3045185ccf78e81ebd473cafb8069279b898836fd768c78de76a3d8e5/book/9783/volume/1/page/12?database_sha256=3eac670046fd84fefb8ebfe68a2a2f5f37f7716804a599a61555d3ea8a0162cb&segment_id=10,UNCLASSIFIED_SOURCE_PASSAGE_CANDIDATE,PRE_BOUNDARY_OR_NOT_APPLICABLE,,NO_ISNAD_PREFIX_DETECTED,0,,,,,,,
adam_report_candidate_1f7d1648c06e4bc19e9a7168,37d379bcdb64c00c4fdfd02e,SRC-HISTORY-TABARI-ADAM,9783,shamela://local/5ac170a3045185ccf78e81ebd473cafb8069279b898836fd768c78de76a3d8e5/book/9783/volume/1/page/12?database_sha256=3eac670046fd84fefb8ebfe68a2a2f5f37f7716804a599a61555d3ea8a0162cb&segment_id=10,PROPHETIC_HADITH_CANDIDATE,PRE_BOUNDARY_OR_NOT_APPLICABLE,,CANDIDATE_PREFIX_EXTRACTED,4,,,,,,,
adam_report_candidate_5550c1b395f73972d00af8a3,37d379bcdb64c00c4fdfd02e,SRC-HISTORY-TABARI-ADAM,9783,shamela://local/5ac170a3045185ccf78e81ebd473cafb8069279b898836fd768c78de76a3d8e5/book/9783/volume/1/page/12?database_sha256=3eac670046fd84fefb8ebfe68a2a2f5f37f7716804a599a61555d3ea8a0162cb&segment_id=10,PROPHETIC_HADITH_CANDIDATE,PRE_BOUNDARY_OR_NOT_APPLICABLE,,CANDIDATE_PREFIX_EXTRACTED,4,,,,,,,
adam_report_candidate_10929778d082e61cb0981836,37d379bcdb64c00c4fdfd02e,SRC-HISTORY-TABARI-ADAM,9783,shamela://local/5ac170a3045185ccf78e81ebd473cafb8069279b898836fd768c78de76a3d8e5/book/9783/volume/1/page/12?database_sha256=3eac670046fd84fefb8ebfe68a2a2f5f37f7716804a599a61555d3ea8a0162cb&segment_id=10,PROPHETIC_HADITH_CANDIDATE,PRE_BOUNDARY_OR_NOT_APPLICABLE,,CANDIDATE_PREFIX_EXTRACTED,7,,,,,,,
adam_report_candidate_7660d6d1de1590d0d63efdfe,37d379bcdb64c00c4fdfd02e,SRC-HISTORY-TABARI-ADAM,9783,shamela://local/5ac170a3045185ccf78e81ebd473cafb8069279b898836fd768c78de76a3d8e5/book/9783/volume/1/page/12?database_sha256=3eac670046fd84fefb8ebfe68a2a2f5f37f7716804a599a61555d3ea8a0162cb&segment_id=10,PROPHETIC_HADITH_CANDIDATE,PRE_BOUNDARY_OR_NOT_APPLICABLE,,CANDIDATE_PREFIX_EXTRACTED,4,,,,,,,
adam_report_candidate_30856890f022328bebad25b1,37d379bcdb64c00c4fdfd02e,SRC-HISTORY-TABARI-ADAM,9783,shamela://local/5ac170a3045185ccf78e81ebd473cafb8069279b898836fd768c78de76a3d8e5/book/9783/volume/1/page/12?database_sha256=3eac670046fd84fefb8ebfe68a2a2f5f37f7716804a599a61555d3ea8a0162cb&segment_id=10,EARLY_REPORT_CANDIDATE,PRE_BOUNDARY_OR_NOT_APPLICABLE,,CANDIDATE_PREFIX_EXTRACTED,5,,,,,,,
adam_report_candidate_76751f8d266a7a82b7197678,37d379bcdb64c00c4fdfd02e,SRC-HISTORY-TABARI-ADAM,9783,shamela://local/5ac170a3045185ccf78e81ebd473cafb8069279b898836fd768c78de76a3d8e5/book/9783/volume/1/page/12?database_sha256=3eac670046fd84fefb8ebfe68a2a2f5f37f7716804a599a61555d3ea8a0162cb&segment_id=10,PROPHETIC_HADITH_CANDIDATE,PRE_BOUNDARY_OR_NOT_APPLICABLE,,CANDIDATE_PREFIX_EXTRACTED,3,,,,,,,
adam_report_candidate_a9363b59df73106f386b48a8,37d379bcdb64c00c4fdfd02e,SRC-HISTORY-TABARI-ADAM,9783,shamela://local/5ac170a3045185ccf78e81ebd473cafb8069279b898836fd768c78de76a3d8e5/book/9783/volume/1/page/13?database_sha256=3eac670046fd84fefb8ebfe68a2a2f5f37f7716804a599a61555d3ea8a0162cb&segment_id=11,EARLY_REPORT_CANDIDATE,PRE_BOUNDARY_OR_NOT_APPLICABLE,,CANDIDATE_PREFIX_EXTRACTED,4,,,,,,,
adam_report_candidate_06d7c516e074e2560e4f9204,37d379bcdb64c00c4fdfd02e,SRC-HISTORY-TABARI-ADAM,9783,shamela://local/5ac170a3045185ccf78e81ebd473cafb8069279b898836fd768c78de76a3d8e5/book/9783/volume/1/page/13?database_sha256=3eac670046fd84fefb8ebfe68a2a2f5f37f7716804a599a61555d3ea8a0162cb&segment_id=11,PROPHETIC_HADITH_CANDIDATE,PRE_BOUNDARY_OR_NOT_APPLICABLE,,CANDIDATE_PREFIX_EXTRACTED,7,,,,,,,
adam_report_candidate_c49610e5a645fcc0aea50a85,37d379bcdb64c00c4fdfd02e,SRC-HISTORY-TABARI-ADAM,9783,shamela://local/5ac170a3045185ccf78e81ebd473cafb8069279b898836fd768c78de76a3d8e5/book/9783/volume/1/page/13?database_sha256=3eac670046fd84fefb8ebfe68a2a2f5f37f7716804a599a61555d3ea8a0162cb&segment_id=11,PROPHETIC_HADITH_CANDIDATE,PRE_BOUNDARY_OR_NOT_APPLICABLE,,CANDIDATE_PREFIX_EXTRACTED,6,,,,,,,
adam_report_candidate_efb31ef2adf87becd4e5d55b,37d379bcdb64c00c4fdfd02e,SRC-HISTORY-TABARI-ADAM,9783,shamela://local/5ac170a3045185ccf78e81ebd473cafb8069279b898836fd768c78de76a3d8e5/book/9783/volume/1/page/13?database_sha256=3eac670046fd84fefb8ebfe68a2a2f5f37f7716804a599a61555d3ea8a0162cb&segment_id=11,EARLY_REPORT_CANDIDATE,PRE_BOUNDARY_OR_NOT_APPLICABLE,,CANDIDATE_PREFIX_EXTRACTED,3,,,,,,,
adam_report_candidate_c24afd6e45c8e5c1c3ed0f29,37d379bcdb64c00c4fdfd02e,SRC-HISTORY-TABARI-ADAM,9783,shamela://local/5ac170a3045185ccf78e81ebd473cafb8069279b898836fd768c78de76a3d8e5/book/9783/volume/1/page/13?database_sha256=3eac670046fd84fefb8ebfe68a2a2f5f37f7716804a599a61555d3ea8a0162cb&segment_id=11,EARLY_REPORT_CANDIDATE,PRE_BOUNDARY_OR_NOT_APPLICABLE,,CANDIDATE_PREFIX_EXTRACTED,3,,,,,,,
adam_report_candidate_91d038493f24f5bc4683a463,9eed2edbe4b5d7c23bd19c56,SRC-TAFSIR-BAGHAWI-ADAM,41,shamela://local/5ac170a3045185ccf78e81ebd473cafb8069279b898836fd768c78de76a3d8e5/book/41/volume/1/page/78?database_sha256=3c48f871c4c38193770b4577fe46deb03f9ea6a0b609bd0fec5326673922b86c&segment_id=76,QURAN_EXEGESIS_CONTEXT_CANDIDATE,PRE_BOUNDARY_OR_NOT_APPLICABLE,,NO_ISNAD_PREFIX_DETECTED,0,EV-ADAM-010 | EV-ADAM-011 | EV-ADAM-020 | EV-ADAM-021 | EV-ADAM-022 | EV-ADAM-023 | EV-ADAM-024 | EV-ADAM-040 | EV-ADAM-041 | EV-ADAM-042 | EV-ADAM-050 | EV-ADAM-051 | EV-ADAM-052 | EV-ADAM-053 | EV-ADAM-054 | EV-ADAM-055 | EV-ADAM-080 | EV-ADAM-081 | EV-ADAM-082 | EV-ADAM-090 | EV-ADAM-091 | EV-ADAM-099,RQ-ADAM-007 | RQ-ADAM-008 | RQ-ADAM-009 | RQ-ADAM-010 | RQ-ADAM-011 | RQ-ADAM-012 | RQ-ADAM-015 | RQ-ADAM-016 | RQ-ADAM-017 | RQ-ADAM-018 | RQ-ADAM-019 | RQ-ADAM-020 | RQ-ADAM-028 | RQ-ADAM-029 | RQ-ADAM-030 | RQ-ADAM-032,,,,,
adam_report_candidate_69b0a69fc6f6d833782160a3,9eed2edbe4b5d7c23bd19c56,SRC-TAFSIR-BAGHAWI-ADAM,41,shamela://local/5ac170a3045185ccf78e81ebd473cafb8069279b898836fd768c78de76a3d8e5/book/41/volume/1/page/78?database_sha256=3c48f871c4c38193770b4577fe46deb03f9ea6a0b609bd0fec5326673922b86c&segment_id=77,QURAN_EXEGESIS_CONTEXT_CANDIDATE,PRE_BOUNDARY_OR_NOT_APPLICABLE,,NO_ISNAD_PREFIX_DETECTED,0,EV-ADAM-010 | EV-ADAM-011 | EV-ADAM-020 | EV-ADAM-021 | EV-ADAM-022 | EV-ADAM-023 | EV-ADAM-024 | EV-ADAM-040 | EV-ADAM-041 | EV-ADAM-042 | EV-ADAM-050 | EV-ADAM-051 | EV-ADAM-052 | EV-ADAM-053 | EV-ADAM-054 | EV-ADAM-055 | EV-ADAM-080 | EV-ADAM-081 | EV-ADAM-082 | EV-ADAM-090 | EV-ADAM-091 | EV-ADAM-099,RQ-ADAM-007 | RQ-ADAM-008 | RQ-ADAM-009 | RQ-ADAM-010 | RQ-ADAM-011 | RQ-ADAM-012 | RQ-ADAM-015 | RQ-ADAM-016 | RQ-ADAM-017 | RQ-ADAM-018 | RQ-ADAM-019 | RQ-ADAM-020 | RQ-ADAM-028 | RQ-ADAM-029 | RQ-ADAM-030 | RQ-ADAM-032,,,,,
adam_report_candidate_49b96af8aea7b56f61ae4407,9eed2edbe4b5d7c23bd19c56,SRC-TAFSIR-BAGHAWI-ADAM,41,shamela://local/5ac170a3045185ccf78e81ebd473cafb8069279b898836fd768c78de76a3d8e5/book/41/volume/1/page/79?database_sha256=3c48f871c4c38193770b4577fe46deb03f9ea6a0b609bd0fec5326673922b86c&segment_id=78,QURAN_EXEGESIS_CONTEXT_CANDIDATE,PRE_BOUNDARY_OR_NOT_APPLICABLE,,NO_ISNAD_PREFIX_DETECTED,0,EV-ADAM-010 | EV-ADAM-011 | EV-ADAM-020 | EV-ADAM-021 | EV-ADAM-022 | EV-ADAM-023 | EV-ADAM-024 | EV-ADAM-040 | EV-ADAM-041 | EV-ADAM-042 | EV-ADAM-050 | EV-ADAM-051 | EV-ADAM-052 | EV-ADAM-053 | EV-ADAM-054 | EV-ADAM-055 | EV-ADAM-080 | EV-ADAM-081 | EV-ADAM-082 | EV-ADAM-090 | EV-ADAM-091 | EV-ADAM-099,RQ-ADAM-007 | RQ-ADAM-008 | RQ-ADAM-009 | RQ-ADAM-010 | RQ-ADAM-011 | RQ-ADAM-012 | RQ-ADAM-015 | RQ-ADAM-016 | RQ-ADAM-017 | RQ-ADAM-018 | RQ-ADAM-019 | RQ-ADAM-020 | RQ-ADAM-028 | RQ-ADAM-029 | RQ-ADAM-030 | RQ-ADAM-032,,,,,
adam_report_candidate_b47ad3699f8cf228294425ad,9eed2edbe4b5d7c23bd19c56,SRC-TAFSIR-BAGHAWI-ADAM,41,shamela://local/5ac170a3045185ccf78e81ebd473cafb8069279b898836fd768c78de76a3d8e5/book/41/volume/1/page/79?database_sha256=3c48f871c4c38193770b4577fe46deb03f9ea6a0b609bd0fec5326673922b86c&segment_id=78,PROPHETIC_HADITH_CANDIDATE,PRE_BOUNDARY_OR_NOT_APPLICABLE,,CANDIDATE_PREFIX_EXTRACTED,1,EV-ADAM-010 | EV-ADAM-011 | EV-ADAM-020 | EV-ADAM-021 | EV-ADAM-022 | EV-ADAM-023 | EV-ADAM-024 | EV-ADAM-040 | EV-ADAM-041 | EV-ADAM-042 | EV-ADAM-050 | EV-ADAM-051 | EV-ADAM-052 | EV-ADAM-053 | EV-ADAM-054 | EV-ADAM-055 | EV-ADAM-080 | EV-ADAM-081 | EV-ADAM-082 | EV-ADAM-090 | EV-ADAM-091 | EV-ADAM-099,RQ-ADAM-007 | RQ-ADAM-008 | RQ-ADAM-009 | RQ-ADAM-010 | RQ-ADAM-011 | RQ-ADAM-012 | RQ-ADAM-015 | RQ-ADAM-016 | RQ-ADAM-017 | RQ-ADAM-018 | RQ-ADAM-019 | RQ-ADAM-020 | RQ-ADAM-028 | RQ-ADAM-029 | RQ-ADAM-030 | RQ-ADAM-032,,,,,
adam_report_candidate_8727a38ef36d9629e2d90eab,9eed2edbe4b5d7c23bd19c56,SRC-TAFSIR-BAGHAWI-ADAM,41,shamela://local/5ac170a3045185ccf78e81ebd473cafb8069279b898836fd768c78de76a3d8e5/book/41/volume/1/page/80?database_sha256=3c48f871c4c38193770b4577fe46deb03f9ea6a0b609bd0fec5326673922b86c&segment_id=79,EARLY_REPORT_CANDIDATE,PRE_BOUNDARY_OR_NOT_APPLICABLE,,NO_ISNAD_PREFIX_DETECTED,1,EV-ADAM-010 | EV-ADAM-011 | EV-ADAM-020 | EV-ADAM-021 | EV-ADAM-022 | EV-ADAM-023 | EV-ADAM-024 | EV-ADAM-040 | EV-ADAM-041 | EV-ADAM-042 | EV-ADAM-050 | EV-ADAM-051 | EV-ADAM-052 | EV-ADAM-053 | EV-ADAM-054 | EV-ADAM-055 | EV-ADAM-080 | EV-ADAM-081 | EV-ADAM-082 | EV-ADAM-090 | EV-ADAM-091 | EV-ADAM-099,RQ-ADAM-007 | RQ-ADAM-008 | RQ-ADAM-009 | RQ-ADAM-010 | RQ-ADAM-011 | RQ-ADAM-012 | RQ-ADAM-015 | RQ-ADAM-016 | RQ-ADAM-017 | RQ-ADAM-018 | RQ-ADAM-019 | RQ-ADAM-020 | RQ-ADAM-028 | RQ-ADAM-029 | RQ-ADAM-030 | RQ-ADAM-032,,,,,
adam_report_candidate_69ebd63ce4325b7efd0324df,9eed2edbe4b5d7c23bd19c56,SRC-TAFSIR-BAGHAWI-ADAM,41,shamela://local/5ac170a3045185ccf78e81ebd473cafb8069279b898836fd768c78de76a3d8e5/book/41/volume/1/page/81?database_sha256=3c48f871c4c38193770b4577fe46deb03f9ea6a0b609bd0fec5326673922b86c&segment_id=80,QURAN_EXEGESIS_CONTEXT_CANDIDATE,MIXED_BOUNDARY_PRE_SECTION,,NO_ISNAD_PREFIX_DETECTED,0,EV-ADAM-010 | EV-ADAM-011 | EV-ADAM-020 | EV-ADAM-021 | EV-ADAM-022 | EV-ADAM-023 | EV-ADAM-024 | EV-ADAM-040 | EV-ADAM-041 | EV-ADAM-042 | EV-ADAM-050 | EV-ADAM-051 | EV-ADAM-052 | EV-ADAM-053 | EV-ADAM-054 | EV-ADAM-055 | EV-ADAM-080 | EV-ADAM-081 | EV-ADAM-082 | EV-ADAM-090 | EV-ADAM-091 | EV-ADAM-099,RQ-ADAM-007 | RQ-ADAM-008 | RQ-ADAM-009 | RQ-ADAM-010 | RQ-ADAM-011 | RQ-ADAM-012 | RQ-ADAM-015 | RQ-ADAM-016 | RQ-ADAM-017 | RQ-ADAM-018 | RQ-ADAM-019 | RQ-ADAM-020 | RQ-ADAM-028 | RQ-ADAM-029 | RQ-ADAM-030 | RQ-ADAM-032,,,,,
adam_report_candidate_98a8ee54aaef949656273483,bd440ba20e6607ec3e5b7180,SRC-TAFSIR-BAGHAWI-ADAM,41,shamela://local/5ac170a3045185ccf78e81ebd473cafb8069279b898836fd768c78de76a3d8e5/book/41/volume/5/page/103?database_sha256=3c48f871c4c38193770b4577fe46deb03f9ea6a0b609bd0fec5326673922b86c&segment_id=1759,QURAN_EXEGESIS_CONTEXT_CANDIDATE,PRE_BOUNDARY_OR_NOT_APPLICABLE,,NO_ISNAD_PREFIX_DETECTED,0,EV-ADAM-050 | EV-ADAM-051 | EV-ADAM-052 | EV-ADAM-053 | EV-ADAM-054 | EV-ADAM-055,RQ-ADAM-017 | RQ-ADAM-018 | RQ-ADAM-019 | RQ-ADAM-020,,,,,
adam_report_candidate_dd571de7a1a14fd7e7821a72,bd440ba20e6607ec3e5b7180,SRC-TAFSIR-BAGHAWI-ADAM,41,shamela://local/5ac170a3045185ccf78e81ebd473cafb8069279b898836fd768c78de76a3d8e5/book/41/volume/5/page/104?database_sha256=3c48f871c4c38193770b4577fe46deb03f9ea6a0b609bd0fec5326673922b86c&segment_id=1760,QURAN_EXEGESIS_CONTEXT_CANDIDATE,PRE_BOUNDARY_OR_NOT_APPLICABLE,,NO_ISNAD_PREFIX_DETECTED,0,EV-ADAM-050 | EV-ADAM-051 | EV-ADAM-052 | EV-ADAM-053 | EV-ADAM-054 | EV-ADAM-055,RQ-ADAM-017 | RQ-ADAM-018 | RQ-ADAM-019 | RQ-ADAM-020,,,,,
adam_report_candidate_c09b061bea514add5176ca52,bd440ba20e6607ec3e5b7180,SRC-TAFSIR-BAGHAWI-ADAM,41,shamela://local/5ac170a3045185ccf78e81ebd473cafb8069279b898836fd768c78de76a3d8e5/book/41/volume/5/page/104?database_sha256=3c48f871c4c38193770b4577fe46deb03f9ea6a0b609bd0fec5326673922b86c&segment_id=1760,EARLY_REPORT_CANDIDATE,PRE_BOUNDARY_OR_NOT_APPLICABLE,,CANDIDATE_PREFIX_EXTRACTED,1,EV-ADAM-050 | EV-ADAM-051 | EV-ADAM-052 | EV-ADAM-053 | EV-ADAM-054 | EV-ADAM-055,RQ-ADAM-017 | RQ-ADAM-018 | RQ-ADAM-019 | RQ-ADAM-020,,,,,
adam_report_candidate_c2db69fc9629ff9cf4502e61,bd440ba20e6607ec3e5b7180,SRC-TAFSIR-BAGHAWI-ADAM,41,shamela://local/5ac170a3045185ccf78e81ebd473cafb8069279b898836fd768c78de76a3d8e5/book/41/volume/5/page/105?database_sha256=3c48f871c4c38193770b4577fe46deb03f9ea6a0b609bd0fec5326673922b86c&segment_id=1761,QURAN_EXEGESIS_CONTEXT_CANDIDATE,PRE_BOUNDARY_OR_NOT_APPLICABLE,,NO_ISNAD_PREFIX_DETECTED,0,EV-ADAM-050 | EV-ADAM-051 | EV-ADAM-052 | EV-ADAM-053 | EV-ADAM-054 | EV-ADAM-055,RQ-ADAM-017 | RQ-ADAM-018 | RQ-ADAM-019 | RQ-ADAM-020,,,,,
adam_report_candidate_1d3479e469121545e93ad4a8,bd440ba20e6607ec3e5b7180,SRC-TAFSIR-BAGHAWI-ADAM,41,shamela://local/5ac170a3045185ccf78e81ebd473cafb8069279b898836fd768c78de76a3d8e5/book/41/volume/5/page/105?database_sha256=3c48f871c4c38193770b4577fe46deb03f9ea6a0b609bd0fec5326673922b86c&segment_id=1761,UNCLASSIFIED_SOURCE_PASSAGE_CANDIDATE,PRE_BOUNDARY_OR_NOT_APPLICABLE,,NO_ISNAD_PREFIX_DETECTED,0,EV-ADAM-050 | EV-ADAM-051 | EV-ADAM-052 | EV-ADAM-053 | EV-ADAM-054 | EV-ADAM-055,RQ-ADAM-017 | RQ-ADAM-018 | RQ-ADAM-019 | RQ-ADAM-020,,,,,
adam_report_candidate_870eab8f11791c7f0f886397,bd440ba20e6607ec3e5b7180,SRC-TAFSIR-BAGHAWI-ADAM,41,shamela://local/5ac170a3045185ccf78e81ebd473cafb8069279b898836fd768c78de76a3d8e5/book/41/volume/5/page/106?database_sha256=3c48f871c4c38193770b4577fe46deb03f9ea6a0b609bd0fec5326673922b86c&segment_id=1762,UNCLASSIFIED_SOURCE_PASSAGE_CANDIDATE,PRE_BOUNDARY_OR_NOT_APPLICABLE,,NO_ISNAD_PREFIX_DETECTED,0,EV-ADAM-050 | EV-ADAM-051 | EV-ADAM-052 | EV-ADAM-053 | EV-ADAM-054 | EV-ADAM-055,RQ-ADAM-017 | RQ-ADAM-018 | RQ-ADAM-019 | RQ-ADAM-020,,,,,
adam_report_candidate_ce6d11afa7e968bd120452c2,bd440ba20e6607ec3e5b7180,SRC-TAFSIR-BAGHAWI-ADAM,41,shamela://local/5ac170a3045185ccf78e81ebd473cafb8069279b898836fd768c78de76a3d8e5/book/41/volume/5/page/106?database_sha256=3c48f871c4c38193770b4577fe46deb03f9ea6a0b609bd0fec5326673922b86c&segment_id=1762,UNCLASSIFIED_SOURCE_PASSAGE_CANDIDATE,PRE_BOUNDARY_OR_NOT_APPLICABLE,,NO_ISNAD_PREFIX_DETECTED,0,EV-ADAM-050 | EV-ADAM-051 | EV-ADAM-052 | EV-ADAM-053 | EV-ADAM-054 | EV-ADAM-055,RQ-ADAM-017 | RQ-ADAM-018 | RQ-ADAM-019 | RQ-ADAM-020,,,,,
adam_report_candidate_e2db97b3df4195400c761b55,bd440ba20e6607ec3e5b7180,SRC-TAFSIR-BAGHAWI-ADAM,41,shamela://local/5ac170a3045185ccf78e81ebd473cafb8069279b898836fd768c78de76a3d8e5/book/41/volume/5/page/106?database_sha256=3c48f871c4c38193770b4577fe46deb03f9ea6a0b609bd0fec5326673922b86c&segment_id=1762,QURAN_EXEGESIS_CONTEXT_CANDIDATE,PRE_BOUNDARY_OR_NOT_APPLICABLE,,NO_ISNAD_PREFIX_DETECTED,0,EV-ADAM-050 | EV-ADAM-051 | EV-ADAM-052 | EV-ADAM-053 | EV-ADAM-054 | EV-ADAM-055,RQ-ADAM-017 | RQ-ADAM-018 | RQ-ADAM-019 | RQ-ADAM-020,,,,,
adam_report_candidate_f7f69249c53355f616f43e69,bd440ba20e6607ec3e5b7180,SRC-TAFSIR-BAGHAWI-ADAM,41,shamela://local/5ac170a3045185ccf78e81ebd473cafb8069279b898836fd768c78de76a3d8e5/book/41/volume/5/page/107?database_sha256=3c48f871c4c38193770b4577fe46deb03f9ea6a0b609bd0fec5326673922b86c&segment_id=1763,QURAN_EXEGESIS_CONTEXT_CANDIDATE,PRE_BOUNDARY_OR_NOT_APPLICABLE,,NO_ISNAD_PREFIX_DETECTED,0,EV-ADAM-050 | EV-ADAM-051 | EV-ADAM-052 | EV-ADAM-053 | EV-ADAM-054 | EV-ADAM-055,RQ-ADAM-017 | RQ-ADAM-018 | RQ-ADAM-019 | RQ-ADAM-020,,,,,
adam_report_candidate_fa87552c49459b1c20065846,bd440ba20e6607ec3e5b7180,SRC-TAFSIR-BAGHAWI-ADAM,41,shamela://local/5ac170a3045185ccf78e81ebd473cafb8069279b898836fd768c78de76a3d8e5/book/41/volume/5/page/107?database_sha256=3c48f871c4c38193770b4577fe46deb03f9ea6a0b609bd0fec5326673922b86c&segment_id=1764,QURAN_EXEGESIS_CONTEXT_CANDIDATE,PRE_BOUNDARY_OR_NOT_APPLICABLE,,NO_ISNAD_PREFIX_DETECTED,0,EV-ADAM-050 | EV-ADAM-051 | EV-ADAM-052 | EV-ADAM-053 | EV-ADAM-054 | EV-ADAM-055,RQ-ADAM-017 | RQ-ADAM-018 | RQ-ADAM-019 | RQ-ADAM-020,,,,,
adam_report_candidate_8bf6172d34b8f90c37da6b1a,bd440ba20e6607ec3e5b7180,SRC-TAFSIR-BAGHAWI-ADAM,41,shamela://local/5ac170a3045185ccf78e81ebd473cafb8069279b898836fd768c78de76a3d8e5/book/41/volume/5/page/108?database_sha256=3c48f871c4c38193770b4577fe46deb03f9ea6a0b609bd0fec5326673922b86c&segment_id=1765,QURAN_EXEGESIS_CONTEXT_CANDIDATE,PRE_BOUNDARY_OR_NOT_APPLICABLE,,NO_ISNAD_PREFIX_DETECTED,0,EV-ADAM-050 | EV-ADAM-051 | EV-ADAM-052 | EV-ADAM-053 | EV-ADAM-054 | EV-ADAM-055,RQ-ADAM-017 | RQ-ADAM-018 | RQ-ADAM-019 | RQ-ADAM-020,,,,,
adam_report_candidate_b1fd311a713b4a69e25b2c96,bd440ba20e6607ec3e5b7180,SRC-TAFSIR-BAGHAWI-ADAM,41,shamela://local/5ac170a3045185ccf78e81ebd473cafb8069279b898836fd768c78de76a3d8e5/book/41/volume/5/page/109?database_sha256=3c48f871c4c38193770b4577fe46deb03f9ea6a0b609bd0fec5326673922b86c&segment_id=1766,UNCLASSIFIED_SOURCE_PASSAGE_CANDIDATE,PRE_BOUNDARY_OR_NOT_APPLICABLE,,NO_ISNAD_PREFIX_DETECTED,0,EV-ADAM-050 | EV-ADAM-051 | EV-ADAM-052 | EV-ADAM-053 | EV-ADAM-054 | EV-ADAM-055,RQ-ADAM-017 | RQ-ADAM-018 | RQ-ADAM-019 | RQ-ADAM-020,,,,,
adam_report_candidate_d408725245b9e41fdcd4832f,bd440ba20e6607ec3e5b7180,SRC-TAFSIR-BAGHAWI-ADAM,41,shamela://local/5ac170a3045185ccf78e81ebd473cafb8069279b898836fd768c78de76a3d8e5/book/41/volume/5/page/109?database_sha256=3c48f871c4c38193770b4577fe46deb03f9ea6a0b609bd0fec5326673922b86c&segment_id=1766,QURAN_EXEGESIS_CONTEXT_CANDIDATE,PRE_BOUNDARY_OR_NOT_APPLICABLE,,NO_ISNAD_PREFIX_DETECTED,0,EV-ADAM-050 | EV-ADAM-051 | EV-ADAM-052 | EV-ADAM-053 | EV-ADAM-054 | EV-ADAM-055,RQ-ADAM-017 | RQ-ADAM-018 | RQ-ADAM-019 | RQ-ADAM-020,,,,,
adam_report_candidate_e2e5989a51e584a03f7d93b2,bd440ba20e6607ec3e5b7180,SRC-TAFSIR-BAGHAWI-ADAM,41,shamela://local/5ac170a3045185ccf78e81ebd473cafb8069279b898836fd768c78de76a3d8e5/book/41/volume/5/page/110?database_sha256=3c48f871c4c38193770b4577fe46deb03f9ea6a0b609bd0fec5326673922b86c&segment_id=1767,QURAN_EXEGESIS_CONTEXT_CANDIDATE,PRE_BOUNDARY_OR_NOT_APPLICABLE,,NO_ISNAD_PREFIX_DETECTED,0,EV-ADAM-050 | EV-ADAM-051 | EV-ADAM-052 | EV-ADAM-053 | EV-ADAM-054 | EV-ADAM-055,RQ-ADAM-017 | RQ-ADAM-018 | RQ-ADAM-019 | RQ-ADAM-020,,,,,
adam_report_candidate_38f0508fae8021561648e5cc,c631c95f61ee66f2f7cbc0b3,SRC-TAFSIR-BAGHAWI-ADAM,41,shamela://local/5ac170a3045185ccf78e81ebd473cafb8069279b898836fd768c78de76a3d8e5/book/41/volume/7/page/100?database_sha256=3c48f871c4c38193770b4577fe46deb03f9ea6a0b609bd0fec5326673922b86c&segment_id=2686,QURAN_EXEGESIS_CONTEXT_CANDIDATE,PRE_BOUNDARY_OR_NOT_APPLICABLE,,NO_ISNAD_PREFIX_DETECTED,0,EV-ADAM-020 | EV-ADAM-021 | EV-ADAM-022 | EV-ADAM-023 | EV-ADAM-024 | EV-ADAM-030 | EV-ADAM-031 | EV-ADAM-032 | EV-ADAM-033 | EV-ADAM-050 | EV-ADAM-051 | EV-ADAM-052 | EV-ADAM-053 | EV-ADAM-054 | EV-ADAM-055,RQ-ADAM-009 | RQ-ADAM-010 | RQ-ADAM-011 | RQ-ADAM-012 | RQ-ADAM-013 | RQ-ADAM-014 | RQ-ADAM-017 | RQ-ADAM-018 | RQ-ADAM-019 | RQ-ADAM-020,,,,,
adam_report_candidate_6d82a35e59aad8ee766bc17b,c631c95f61ee66f2f7cbc0b3,SRC-TAFSIR-BAGHAWI-ADAM,41,shamela://local/5ac170a3045185ccf78e81ebd473cafb8069279b898836fd768c78de76a3d8e5/book/41/volume/7/page/101?database_sha256=3c48f871c4c38193770b4577fe46deb03f9ea6a0b609bd0fec5326673922b86c&segment_id=2687,QURAN_EXEGESIS_CONTEXT_CANDIDATE,PRE_BOUNDARY_OR_NOT_APPLICABLE,,NO_ISNAD_PREFIX_DETECTED,0,EV-ADAM-020 | EV-ADAM-021 | EV-ADAM-022 | EV-ADAM-023 | EV-ADAM-024 | EV-ADAM-030 | EV-ADAM-031 | EV-ADAM-032 | EV-ADAM-033 | EV-ADAM-050 | EV-ADAM-051 | EV-ADAM-052 | EV-ADAM-053 | EV-ADAM-054 | EV-ADAM-055,RQ-ADAM-009 | RQ-ADAM-010 | RQ-ADAM-011 | RQ-ADAM-012 | RQ-ADAM-013 | RQ-ADAM-014 | RQ-ADAM-017 | RQ-ADAM-018 | RQ-ADAM-019 | RQ-ADAM-020,,,,,
adam_report_candidate_d9e31f4b4393cce02268d6cf,c631c95f61ee66f2f7cbc0b3,SRC-TAFSIR-BAGHAWI-ADAM,41,shamela://local/5ac170a3045185ccf78e81ebd473cafb8069279b898836fd768c78de76a3d8e5/book/41/volume/7/page/101?database_sha256=3c48f871c4c38193770b4577fe46deb03f9ea6a0b609bd0fec5326673922b86c&segment_id=2687,PROPHETIC_HADITH_CANDIDATE,PRE_BOUNDARY_OR_NOT_APPLICABLE,,CANDIDATE_PREFIX_EXTRACTED,10,EV-ADAM-020 | EV-ADAM-021 | EV-ADAM-022 | EV-ADAM-023 | EV-ADAM-024 | EV-ADAM-030 | EV-ADAM-031 | EV-ADAM-032 | EV-ADAM-033 | EV-ADAM-050 | EV-ADAM-051 | EV-ADAM-052 | EV-ADAM-053 | EV-ADAM-054 | EV-ADAM-055,RQ-ADAM-009 | RQ-ADAM-010 | RQ-ADAM-011 | RQ-ADAM-012 | RQ-ADAM-013 | RQ-ADAM-014 | RQ-ADAM-017 | RQ-ADAM-018 | RQ-ADAM-019 | RQ-ADAM-020,,,,,
adam_report_candidate_8029531e9fe32c3a916c81fa,c631c95f61ee66f2f7cbc0b3,SRC-TAFSIR-BAGHAWI-ADAM,41,shamela://local/5ac170a3045185ccf78e81ebd473cafb8069279b898836fd768c78de76a3d8e5/book/41/volume/7/page/102?database_sha256=3c48f871c4c38193770b4577fe46deb03f9ea6a0b609bd0fec5326673922b86c&segment_id=2688,PROPHETIC_HADITH_CANDIDATE,PRE_BOUNDARY_OR_NOT_APPLICABLE,,CANDIDATE_PREFIX_EXTRACTED,0,EV-ADAM-020 | EV-ADAM-021 | EV-ADAM-022 | EV-ADAM-023 | EV-ADAM-024 | EV-ADAM-030 | EV-ADAM-031 | EV-ADAM-032 | EV-ADAM-033 | EV-ADAM-050 | EV-ADAM-051 | EV-ADAM-052 | EV-ADAM-053 | EV-ADAM-054 | EV-ADAM-055,RQ-ADAM-009 | RQ-ADAM-010 | RQ-ADAM-011 | RQ-ADAM-012 | RQ-ADAM-013 | RQ-ADAM-014 | RQ-ADAM-017 | RQ-ADAM-018 | RQ-ADAM-019 | RQ-ADAM-020,,,,,
adam_report_candidate_fbdc3a12d38d83e53f4d370e,c631c95f61ee66f2f7cbc0b3,SRC-TAFSIR-BAGHAWI-ADAM,41,shamela://local/5ac170a3045185ccf78e81ebd473cafb8069279b898836fd768c78de76a3d8e5/book/41/volume/7/page/103?database_sha256=3c48f871c4c38193770b4577fe46deb03f9ea6a0b609bd0fec5326673922b86c&segment_id=2689,QURAN_EXEGESIS_CONTEXT_CANDIDATE,PRE_BOUNDARY_OR_NOT_APPLICABLE,,NO_ISNAD_PREFIX_DETECTED,0,EV-ADAM-020 | EV-ADAM-021 | EV-ADAM-022 | EV-ADAM-023 | EV-ADAM-024 | EV-ADAM-030 | EV-ADAM-031 | EV-ADAM-032 | EV-ADAM-033 | EV-ADAM-050 | EV-ADAM-051 | EV-ADAM-052 | EV-ADAM-053 | EV-ADAM-054 | EV-ADAM-055,RQ-ADAM-009 | RQ-ADAM-010 | RQ-ADAM-011 | RQ-ADAM-012 | RQ-ADAM-013 | RQ-ADAM-014 | RQ-ADAM-017 | RQ-ADAM-018 | RQ-ADAM-019 | RQ-ADAM-020,,,,,
adam_report_candidate_d0f0f22f52ef8973ab58291a,c631c95f61ee66f2f7cbc0b3,SRC-TAFSIR-BAGHAWI-ADAM,41,shamela://local/5ac170a3045185ccf78e81ebd473cafb8069279b898836fd768c78de76a3d8e5/book/41/volume/7/page/103?database_sha256=3c48f871c4c38193770b4577fe46deb03f9ea6a0b609bd0fec5326673922b86c&segment_id=2690,QURAN_EXEGESIS_CONTEXT_CANDIDATE,PRE_BOUNDARY_OR_NOT_APPLICABLE,,NO_ISNAD_PREFIX_DETECTED,0,EV-ADAM-020 | EV-ADAM-021 | EV-ADAM-022 | EV-ADAM-023 | EV-ADAM-024 | EV-ADAM-030 | EV-ADAM-031 | EV-ADAM-032 | EV-ADAM-033 | EV-ADAM-050 | EV-ADAM-051 | EV-ADAM-052 | EV-ADAM-053 | EV-ADAM-054 | EV-ADAM-055,RQ-ADAM-009 | RQ-ADAM-010 | RQ-ADAM-011 | RQ-ADAM-012 | RQ-ADAM-013 | RQ-ADAM-014 | RQ-ADAM-017 | RQ-ADAM-018 | RQ-ADAM-019 | RQ-ADAM-020,,,,,
adam_report_candidate_27fa798c56a2c555553e4a4a,c631c95f61ee66f2f7cbc0b3,SRC-TAFSIR-BAGHAWI-ADAM,41,shamela://local/5ac170a3045185ccf78e81ebd473cafb8069279b898836fd768c78de76a3d8e5/book/41/volume/7/page/103?database_sha256=3c48f871c4c38193770b4577fe46deb03f9ea6a0b609bd0fec5326673922b86c&segment_id=2690,EARLY_REPORT_CANDIDATE,PRE_BOUNDARY_OR_NOT_APPLICABLE,,CANDIDATE_PREFIX_EXTRACTED,9,EV-ADAM-020 | EV-ADAM-021 | EV-ADAM-022 | EV-ADAM-023 | EV-ADAM-024 | EV-ADAM-030 | EV-ADAM-031 | EV-ADAM-032 | EV-ADAM-033 | EV-ADAM-050 | EV-ADAM-051 | EV-ADAM-052 | EV-ADAM-053 | EV-ADAM-054 | EV-ADAM-055,RQ-ADAM-009 | RQ-ADAM-010 | RQ-ADAM-011 | RQ-ADAM-012 | RQ-ADAM-013 | RQ-ADAM-014 | RQ-ADAM-017 | RQ-ADAM-018 | RQ-ADAM-019 | RQ-ADAM-020,,,,,
adam_report_candidate_3306fbc689a47f522b94e841,c631c95f61ee66f2f7cbc0b3,SRC-TAFSIR-BAGHAWI-ADAM,41,shamela://local/5ac170a3045185ccf78e81ebd473cafb8069279b898836fd768c78de76a3d8e5/book/41/volume/7/page/104?database_sha256=3c48f871c4c38193770b4577fe46deb03f9ea6a0b609bd0fec5326673922b86c&segment_id=2691,QURAN_EXEGESIS_CONTEXT_CANDIDATE,PRE_BOUNDARY_OR_NOT_APPLICABLE,,NO_ISNAD_PREFIX_DETECTED,0,EV-ADAM-020 | EV-ADAM-021 | EV-ADAM-022 | EV-ADAM-023 | EV-ADAM-024 | EV-ADAM-030 | EV-ADAM-031 | EV-ADAM-032 | EV-ADAM-033 | EV-ADAM-050 | EV-ADAM-051 | EV-ADAM-052 | EV-ADAM-053 | EV-ADAM-054 | EV-ADAM-055,RQ-ADAM-009 | RQ-ADAM-010 | RQ-ADAM-011 | RQ-ADAM-012 | RQ-ADAM-013 | RQ-ADAM-014 | RQ-ADAM-017 | RQ-ADAM-018 | RQ-ADAM-019 | RQ-ADAM-020,,,,,
adam_report_candidate_d8eb92aedc5e0cdc4bfd7f1a,c631c95f61ee66f2f7cbc0b3,SRC-TAFSIR-BAGHAWI-ADAM,41,shamela://local/5ac170a3045185ccf78e81ebd473cafb8069279b898836fd768c78de76a3d8e5/book/41/volume/7/page/108?database_sha256=3c48f871c4c38193770b4577fe46deb03f9ea6a0b609bd0fec5326673922b86c&segment_id=2692,EARLY_REPORT_CANDIDATE,PRE_BOUNDARY_OR_NOT_APPLICABLE,,NO_ISNAD_PREFIX_DETECTED,1,EV-ADAM-020 | EV-ADAM-021 | EV-ADAM-022 | EV-ADAM-023 | EV-ADAM-024 | EV-ADAM-030 | EV-ADAM-031 | EV-ADAM-032 | EV-ADAM-033 | EV-ADAM-050 | EV-ADAM-051 | EV-ADAM-052 | EV-ADAM-053 | EV-ADAM-054 | EV-ADAM-055,RQ-ADAM-009 | RQ-ADAM-010 | RQ-ADAM-011 | RQ-ADAM-012 | RQ-ADAM-013 | RQ-ADAM-014 | RQ-ADAM-017 | RQ-ADAM-018 | RQ-ADAM-019 | RQ-ADAM-020,,,,,
adam_report_candidate_7197b7a150381fc3e25f22bc,c631c95f61ee66f2f7cbc0b3,SRC-TAFSIR-BAGHAWI-ADAM,41,shamela://local/5ac170a3045185ccf78e81ebd473cafb8069279b898836fd768c78de76a3d8e5/book/41/volume/7/page/108?database_sha256=3c48f871c4c38193770b4577fe46deb03f9ea6a0b609bd0fec5326673922b86c&segment_id=2693,QURAN_EXEGESIS_CONTEXT_CANDIDATE,PRE_BOUNDARY_OR_NOT_APPLICABLE,,NO_ISNAD_PREFIX_DETECTED,0,EV-ADAM-020 | EV-ADAM-021 | EV-ADAM-022 | EV-ADAM-023 | EV-ADAM-024 | EV-ADAM-030 | EV-ADAM-031 | EV-ADAM-032 | EV-ADAM-033 | EV-ADAM-050 | EV-ADAM-051 | EV-ADAM-052 | EV-ADAM-053 | EV-ADAM-054 | EV-ADAM-055,RQ-ADAM-009 | RQ-ADAM-010 | RQ-ADAM-011 | RQ-ADAM-012 | RQ-ADAM-013 | RQ-ADAM-014 | RQ-ADAM-017 | RQ-ADAM-018 | RQ-ADAM-019 | RQ-ADAM-020,,,,,
adam_report_candidate_19d27974643739f6f79fac0f,c631c95f61ee66f2f7cbc0b3,SRC-TAFSIR-BAGHAWI-ADAM,41,shamela://local/5ac170a3045185ccf78e81ebd473cafb8069279b898836fd768c78de76a3d8e5/book/41/volume/7/page/109?database_sha256=3c48f871c4c38193770b4577fe46deb03f9ea6a0b609bd0fec5326673922b86c&segment_id=2694,QURAN_EXEGESIS_CONTEXT_CANDIDATE,PRE_BOUNDARY_OR_NOT_APPLICABLE,,NO_ISNAD_PREFIX_DETECTED,0,EV-ADAM-020 | EV-ADAM-021 | EV-ADAM-022 | EV-ADAM-023 | EV-ADAM-024 | EV-ADAM-030 | EV-ADAM-031 | EV-ADAM-032 | EV-ADAM-033 | EV-ADAM-050 | EV-ADAM-051 | EV-ADAM-052 | EV-ADAM-053 | EV-ADAM-054 | EV-ADAM-055,RQ-ADAM-009 | RQ-ADAM-010 | RQ-ADAM-011 | RQ-ADAM-012 | RQ-ADAM-013 | RQ-ADAM-014 | RQ-ADAM-017 | RQ-ADAM-018 | RQ-ADAM-019 | RQ-ADAM-020,,,,,
adam_report_candidate_0ce84479654ba175bb9861c9,f752d9421479110788fbd363,SRC-TAFSIR-BAGHAWI-ADAM,41,shamela://local/5ac170a3045185ccf78e81ebd473cafb8069279b898836fd768c78de76a3d8e5/book/41/volume/3/page/215?database_sha256=3c48f871c4c38193770b4577fe46deb03f9ea6a0b609bd0fec5326673922b86c&segment_id=1008,EARLY_REPORT_CANDIDATE,PRE_BOUNDARY_OR_NOT_APPLICABLE,,NO_ISNAD_PREFIX_DETECTED,1,EV-ADAM-050 | EV-ADAM-051 | EV-ADAM-052 | EV-ADAM-053 | EV-ADAM-054 | EV-ADAM-055 | EV-ADAM-080 | EV-ADAM-081 | EV-ADAM-082 | EV-ADAM-090 | EV-ADAM-091 | EV-ADAM-099,RQ-ADAM-017 | RQ-ADAM-018 | RQ-ADAM-019 | RQ-ADAM-020 | RQ-ADAM-028 | RQ-ADAM-029 | RQ-ADAM-030 | RQ-ADAM-032,,,,,
adam_report_candidate_6cce7532b146153f861cfe34,f752d9421479110788fbd363,SRC-TAFSIR-BAGHAWI-ADAM,41,shamela://local/5ac170a3045185ccf78e81ebd473cafb8069279b898836fd768c78de76a3d8e5/book/41/volume/3/page/216?database_sha256=3c48f871c4c38193770b4577fe46deb03f9ea6a0b609bd0fec5326673922b86c&segment_id=1009,QURAN_EXEGESIS_CONTEXT_CANDIDATE,PRE_BOUNDARY_OR_NOT_APPLICABLE,,NO_ISNAD_PREFIX_DETECTED,0,EV-ADAM-050 | EV-ADAM-051 | EV-ADAM-052 | EV-ADAM-053 | EV-ADAM-054 | EV-ADAM-055 | EV-ADAM-080 | EV-ADAM-081 | EV-ADAM-082 | EV-ADAM-090 | EV-ADAM-091 | EV-ADAM-099,RQ-ADAM-017 | RQ-ADAM-018 | RQ-ADAM-019 | RQ-ADAM-020 | RQ-ADAM-028 | RQ-ADAM-029 | RQ-ADAM-030 | RQ-ADAM-032,,,,,
adam_report_candidate_2af396ee36a18b394bbd2989,f752d9421479110788fbd363,SRC-TAFSIR-BAGHAWI-ADAM,41,shamela://local/5ac170a3045185ccf78e81ebd473cafb8069279b898836fd768c78de76a3d8e5/book/41/volume/3/page/217?database_sha256=3c48f871c4c38193770b4577fe46deb03f9ea6a0b609bd0fec5326673922b86c&segment_id=1010,QURAN_EXEGESIS_CONTEXT_CANDIDATE,PRE_BOUNDARY_OR_NOT_APPLICABLE,,NO_ISNAD_PREFIX_DETECTED,0,EV-ADAM-050 | EV-ADAM-051 | EV-ADAM-052 | EV-ADAM-053 | EV-ADAM-054 | EV-ADAM-055 | EV-ADAM-080 | EV-ADAM-081 | EV-ADAM-082 | EV-ADAM-090 | EV-ADAM-091 | EV-ADAM-099,RQ-ADAM-017 | RQ-ADAM-018 | RQ-ADAM-019 | RQ-ADAM-020 | RQ-ADAM-028 | RQ-ADAM-029 | RQ-ADAM-030 | RQ-ADAM-032,,,,,
adam_report_candidate_b92b90bd214c55ed496eb9be,f752d9421479110788fbd363,SRC-TAFSIR-BAGHAWI-ADAM,41,shamela://local/5ac170a3045185ccf78e81ebd473cafb8069279b898836fd768c78de76a3d8e5/book/41/volume/3/page/218?database_sha256=3c48f871c4c38193770b4577fe46deb03f9ea6a0b609bd0fec5326673922b86c&segment_id=1011,EARLY_REPORT_CANDIDATE,PRE_BOUNDARY_OR_NOT_APPLICABLE,,NO_ISNAD_PREFIX_DETECTED,1,EV-ADAM-050 | EV-ADAM-051 | EV-ADAM-052 | EV-ADAM-053 | EV-ADAM-054 | EV-ADAM-055 | EV-ADAM-080 | EV-ADAM-081 | EV-ADAM-082 | EV-ADAM-090 | EV-ADAM-091 | EV-ADAM-099,RQ-ADAM-017 | RQ-ADAM-018 | RQ-ADAM-019 | RQ-ADAM-020 | RQ-ADAM-028 | RQ-ADAM-029 | RQ-ADAM-030 | RQ-ADAM-032,,,,,
adam_report_candidate_364dd361fa15df592429488b,f752d9421479110788fbd363,SRC-TAFSIR-BAGHAWI-ADAM,41,shamela://local/5ac170a3045185ccf78e81ebd473cafb8069279b898836fd768c78de76a3d8e5/book/41/volume/3/page/219?database_sha256=3c48f871c4c38193770b4577fe46deb03f9ea6a0b609bd0fec5326673922b86c&segment_id=1012,UNCLASSIFIED_SOURCE_PASSAGE_CANDIDATE,MIXED_BOUNDARY_PRE_SECTION,,NO_ISNAD_PREFIX_DETECTED,0,EV-ADAM-050 | EV-ADAM-051 | EV-ADAM-052 | EV-ADAM-053 | EV-ADAM-054 | EV-ADAM-055 | EV-ADAM-080 | EV-ADAM-081 | EV-ADAM-082 | EV-ADAM-090 | EV-ADAM-091 | EV-ADAM-099,RQ-ADAM-017 | RQ-ADAM-018 | RQ-ADAM-019 | RQ-ADAM-020 | RQ-ADAM-028 | RQ-ADAM-029 | RQ-ADAM-030 | RQ-ADAM-032,,,,,
adam_report_candidate_935ad52be5bbd8401199653b,6719c5ba9b6c89176bc7ba6b,SRC-TAFSIR-BAGHAWI-ADAM,41,shamela://local/5ac170a3045185ccf78e81ebd473cafb8069279b898836fd768c78de76a3d8e5/book/41/volume/4/page/377?database_sha256=3c48f871c4c38193770b4577fe46deb03f9ea6a0b609bd0fec5326673922b86c&segment_id=1621,PROPHETIC_HADITH_CANDIDATE,PRE_BOUNDARY_OR_NOT_APPLICABLE,WAHB_IBN_MUNABBIH,CANDIDATE_PREFIX_EXTRACTED,0,,,,,,,
adam_report_candidate_5214c71d9e92aeb9e5ef2b5a,6719c5ba9b6c89176bc7ba6b,SRC-TAFSIR-BAGHAWI-ADAM,41,shamela://local/5ac170a3045185ccf78e81ebd473cafb8069279b898836fd768c78de76a3d8e5/book/41/volume/4/page/378?database_sha256=3c48f871c4c38193770b4577fe46deb03f9ea6a0b609bd0fec5326673922b86c&segment_id=1622,QURAN_EXEGESIS_CONTEXT_CANDIDATE,PRE_BOUNDARY_OR_NOT_APPLICABLE,WAHB_IBN_MUNABBIH,NO_ISNAD_PREFIX_DETECTED,0,,,,,,,
adam_report_candidate_9a980142c688bee9be499535,6719c5ba9b6c89176bc7ba6b,SRC-TAFSIR-BAGHAWI-ADAM,41,shamela://local/5ac170a3045185ccf78e81ebd473cafb8069279b898836fd768c78de76a3d8e5/book/41/volume/4/page/378?database_sha256=3c48f871c4c38193770b4577fe46deb03f9ea6a0b609bd0fec5326673922b86c&segment_id=1622,PROPHETIC_HADITH_CANDIDATE,PRE_BOUNDARY_OR_NOT_APPLICABLE,WAHB_IBN_MUNABBIH,CANDIDATE_PREFIX_EXTRACTED,8,,,,,,,
adam_report_candidate_3261b60a06042d837ef06e2f,6719c5ba9b6c89176bc7ba6b,SRC-TAFSIR-BAGHAWI-ADAM,41,shamela://local/5ac170a3045185ccf78e81ebd473cafb8069279b898836fd768c78de76a3d8e5/book/41/volume/4/page/379?database_sha256=3c48f871c4c38193770b4577fe46deb03f9ea6a0b609bd0fec5326673922b86c&segment_id=1623,QURAN_EXEGESIS_CONTEXT_CANDIDATE,PRE_BOUNDARY_OR_NOT_APPLICABLE,WAHB_IBN_MUNABBIH,NO_ISNAD_PREFIX_DETECTED,0,,,,,,,
adam_report_candidate_d847522a63006d1453b30100,6719c5ba9b6c89176bc7ba6b,SRC-TAFSIR-BAGHAWI-ADAM,41,shamela://local/5ac170a3045185ccf78e81ebd473cafb8069279b898836fd768c78de76a3d8e5/book/41/volume/4/page/380?database_sha256=3c48f871c4c38193770b4577fe46deb03f9ea6a0b609bd0fec5326673922b86c&segment_id=1624,QURAN_EXEGESIS_CONTEXT_CANDIDATE,PRE_BOUNDARY_OR_NOT_APPLICABLE,WAHB_IBN_MUNABBIH,NO_ISNAD_PREFIX_DETECTED,0,,,,,,,
adam_report_candidate_29129ec48295f5531eee8285,6719c5ba9b6c89176bc7ba6b,SRC-TAFSIR-BAGHAWI-ADAM,41,shamela://local/5ac170a3045185ccf78e81ebd473cafb8069279b898836fd768c78de76a3d8e5/book/41/volume/4/page/380?database_sha256=3c48f871c4c38193770b4577fe46deb03f9ea6a0b609bd0fec5326673922b86c&segment_id=1624,UNCLASSIFIED_SOURCE_PASSAGE_CANDIDATE,PRE_BOUNDARY_OR_NOT_APPLICABLE,WAHB_IBN_MUNABBIH,NO_ISNAD_PREFIX_DETECTED,0,,,,,,,
adam_report_candidate_4a842e4ad060eb1b2561defd,6719c5ba9b6c89176bc7ba6b,SRC-TAFSIR-BAGHAWI-ADAM,41,shamela://local/5ac170a3045185ccf78e81ebd473cafb8069279b898836fd768c78de76a3d8e5/book/41/volume/4/page/381?database_sha256=3c48f871c4c38193770b4577fe46deb03f9ea6a0b609bd0fec5326673922b86c&segment_id=1625,QURAN_EXEGESIS_CONTEXT_CANDIDATE,PRE_BOUNDARY_OR_NOT_APPLICABLE,WAHB_IBN_MUNABBIH,NO_ISNAD_PREFIX_DETECTED,0,,,,,,,
adam_report_candidate_d8fb4c1d106763aaa95e85d2,6719c5ba9b6c89176bc7ba6b,SRC-TAFSIR-BAGHAWI-ADAM,41,shamela://local/5ac170a3045185ccf78e81ebd473cafb8069279b898836fd768c78de76a3d8e5/book/41/volume/4/page/381?database_sha256=3c48f871c4c38193770b4577fe46deb03f9ea6a0b609bd0fec5326673922b86c&segment_id=1626,QURAN_EXEGESIS_CONTEXT_CANDIDATE,PRE_BOUNDARY_OR_NOT_APPLICABLE,WAHB_IBN_MUNABBIH,NO_ISNAD_PREFIX_DETECTED,0,,,,,,,
adam_report_candidate_bb5522e1a91afb8ed3d25544,6719c5ba9b6c89176bc7ba6b,SRC-TAFSIR-BAGHAWI-ADAM,41,shamela://local/5ac170a3045185ccf78e81ebd473cafb8069279b898836fd768c78de76a3d8e5/book/41/volume/4/page/382?database_sha256=3c48f871c4c38193770b4577fe46deb03f9ea6a0b609bd0fec5326673922b86c&segment_id=1627,QURAN_EXEGESIS_CONTEXT_CANDIDATE,PRE_BOUNDARY_OR_NOT_APPLICABLE,WAHB_IBN_MUNABBIH,NO_ISNAD_PREFIX_DETECTED,0,,,,,,,
adam_report_candidate_eccf58054fa70b8fede374f2,62dbc6729a0b91cfede22bce,SRC-TAFSIR-BAGHAWI-ADAM,41,shamela://local/5ac170a3045185ccf78e81ebd473cafb8069279b898836fd768c78de76a3d8e5/book/41/volume/6/page/296?database_sha256=3c48f871c4c38193770b4577fe46deb03f9ea6a0b609bd0fec5326673922b86c&segment_id=2446,EARLY_REPORT_CANDIDATE,PRE_BOUNDARY_OR_NOT_APPLICABLE,,NO_ISNAD_PREFIX_DETECTED,1,,,,,,,
adam_report_candidate_65c8c83c829c3ffed68e9354,62dbc6729a0b91cfede22bce,SRC-TAFSIR-BAGHAWI-ADAM,41,shamela://local/5ac170a3045185ccf78e81ebd473cafb8069279b898836fd768c78de76a3d8e5/book/41/volume/6/page/300?database_sha256=3c48f871c4c38193770b4577fe46deb03f9ea6a0b609bd0fec5326673922b86c&segment_id=2447,QURAN_EXEGESIS_CONTEXT_CANDIDATE,PRE_BOUNDARY_OR_NOT_APPLICABLE,,NO_ISNAD_PREFIX_DETECTED,0,,,,,,,
adam_report_candidate_c8c36b00140e97abfeaf60d2,62dbc6729a0b91cfede22bce,SRC-TAFSIR-BAGHAWI-ADAM,41,shamela://local/5ac170a3045185ccf78e81ebd473cafb8069279b898836fd768c78de76a3d8e5/book/41/volume/6/page/301?database_sha256=3c48f871c4c38193770b4577fe46deb03f9ea6a0b609bd0fec5326673922b86c&segment_id=2448,EARLY_REPORT_CANDIDATE,PRE_BOUNDARY_OR_NOT_APPLICABLE,,NO_ISNAD_PREFIX_DETECTED,1,,,,,,,
adam_report_candidate_c82a15a3cb38d6b982263030,62dbc6729a0b91cfede22bce,SRC-TAFSIR-BAGHAWI-ADAM,41,shamela://local/5ac170a3045185ccf78e81ebd473cafb8069279b898836fd768c78de76a3d8e5/book/41/volume/6/page/302?database_sha256=3c48f871c4c38193770b4577fe46deb03f9ea6a0b609bd0fec5326673922b86c&segment_id=2449,QURAN_EXEGESIS_CONTEXT_CANDIDATE,PRE_BOUNDARY_OR_NOT_APPLICABLE,,NO_ISNAD_PREFIX_DETECTED,0,,,,,,,
adam_report_candidate_669cc8d7562bbfa454df6512,072dc19337c0229482752f56,SRC-TAFSIR-BAGHAWI-ADAM,41,shamela://local/5ac170a3045185ccf78e81ebd473cafb8069279b898836fd768c78de76a3d8e5/book/41/volume/3/page/125?database_sha256=3c48f871c4c38193770b4577fe46deb03f9ea6a0b609bd0fec5326673922b86c&segment_id=896,PROPHETIC_HADITH_CANDIDATE,PRE_BOUNDARY_OR_NOT_APPLICABLE,,CANDIDATE_PREFIX_EXTRACTED,0,,,,,,,
adam_report_candidate_82516e52e027d6a8ae4127f6,072dc19337c0229482752f56,SRC-TAFSIR-BAGHAWI-ADAM,41,shamela://local/5ac170a3045185ccf78e81ebd473cafb8069279b898836fd768c78de76a3d8e5/book/41/volume/3/page/125?database_sha256=3c48f871c4c38193770b4577fe46deb03f9ea6a0b609bd0fec5326673922b86c&segment_id=896,PROPHETIC_HADITH_CANDIDATE,PRE_BOUNDARY_OR_NOT_APPLICABLE,KAB_AL_AHBAR,CANDIDATE_PREFIX_EXTRACTED,0,,,,,,,
adam_report_candidate_84bdf04e469d6601bb33a968,072dc19337c0229482752f56,SRC-TAFSIR-BAGHAWI-ADAM,41,shamela://local/5ac170a3045185ccf78e81ebd473cafb8069279b898836fd768c78de76a3d8e5/book/41/volume/3/page/126?database_sha256=3c48f871c4c38193770b4577fe46deb03f9ea6a0b609bd0fec5326673922b86c&segment_id=897,PROPHETIC_HADITH_CANDIDATE,PRE_BOUNDARY_OR_NOT_APPLICABLE,,CANDIDATE_PREFIX_EXTRACTED,3,,,,,,,
adam_report_candidate_515c61f7537b9d8634389e46,072dc19337c0229482752f56,SRC-TAFSIR-BAGHAWI-ADAM,41,shamela://local/5ac170a3045185ccf78e81ebd473cafb8069279b898836fd768c78de76a3d8e5/book/41/volume/3/page/127?database_sha256=3c48f871c4c38193770b4577fe46deb03f9ea6a0b609bd0fec5326673922b86c&segment_id=898,UNCLASSIFIED_SOURCE_PASSAGE_CANDIDATE,PRE_BOUNDARY_OR_NOT_APPLICABLE,,NO_ISNAD_PREFIX_DETECTED,0,,,,,,,
adam_report_candidate_30336c83fac9c05040382671,072dc19337c0229482752f56,SRC-TAFSIR-BAGHAWI-ADAM,41,shamela://local/5ac170a3045185ccf78e81ebd473cafb8069279b898836fd768c78de76a3d8e5/book/41/volume/3/page/127?database_sha256=3c48f871c4c38193770b4577fe46deb03f9ea6a0b609bd0fec5326673922b86c&segment_id=898,QURAN_EXEGESIS_CONTEXT_CANDIDATE,PRE_BOUNDARY_OR_NOT_APPLICABLE,,NO_ISNAD_PREFIX_DETECTED,0,,,,,,,
adam_report_candidate_e0be30b07be4b94a412e62fb,072dc19337c0229482752f56,SRC-TAFSIR-BAGHAWI-ADAM,41,shamela://local/5ac170a3045185ccf78e81ebd473cafb8069279b898836fd768c78de76a3d8e5/book/41/volume/3/page/128?database_sha256=3c48f871c4c38193770b4577fe46deb03f9ea6a0b609bd0fec5326673922b86c&segment_id=899,PROPHETIC_HADITH_CANDIDATE,PRE_BOUNDARY_OR_NOT_APPLICABLE,,CANDIDATE_PREFIX_EXTRACTED,1,,,,,,,
adam_report_candidate_7144240d7fc0a847af590a9a,987509b658270c6f0ad14e22,SRC-TAFSIR-BAGHAWI-ADAM,41,shamela://local/5ac170a3045185ccf78e81ebd473cafb8069279b898836fd768c78de76a3d8e5/book/41/volume/8/page/14?database_sha256=3c48f871c4c38193770b4577fe46deb03f9ea6a0b609bd0fec5326673922b86c&segment_id=3072,EARLY_REPORT_CANDIDATE,PRE_BOUNDARY_OR_NOT_APPLICABLE,,CANDIDATE_PREFIX_EXTRACTED,2,,,,,,,
adam_report_candidate_ca917af0b40d57865c026884,987509b658270c6f0ad14e22,SRC-TAFSIR-BAGHAWI-ADAM,41,shamela://local/5ac170a3045185ccf78e81ebd473cafb8069279b898836fd768c78de76a3d8e5/book/41/volume/8/page/14?database_sha256=3c48f871c4c38193770b4577fe46deb03f9ea6a0b609bd0fec5326673922b86c&segment_id=3072,PROPHETIC_HADITH_CANDIDATE,PRE_BOUNDARY_OR_NOT_APPLICABLE,,CANDIDATE_PREFIX_EXTRACTED,5,,,,,,,
adam_report_candidate_35b9028ee3bd773488b855c4,987509b658270c6f0ad14e22,SRC-TAFSIR-BAGHAWI-ADAM,41,shamela://local/5ac170a3045185ccf78e81ebd473cafb8069279b898836fd768c78de76a3d8e5/book/41/volume/8/page/15?database_sha256=3c48f871c4c38193770b4577fe46deb03f9ea6a0b609bd0fec5326673922b86c&segment_id=3073,QURAN_EXEGESIS_CONTEXT_CANDIDATE,PRE_BOUNDARY_OR_NOT_APPLICABLE,,NO_ISNAD_PREFIX_DETECTED,0,,,,,,,
adam_report_candidate_195606715e42e40cd1de28e8,987509b658270c6f0ad14e22,SRC-TAFSIR-BAGHAWI-ADAM,41,shamela://local/5ac170a3045185ccf78e81ebd473cafb8069279b898836fd768c78de76a3d8e5/book/41/volume/8/page/15?database_sha256=3c48f871c4c38193770b4577fe46deb03f9ea6a0b609bd0fec5326673922b86c&segment_id=3073,PROPHETIC_HADITH_CANDIDATE,PRE_BOUNDARY_OR_NOT_APPLICABLE,,CANDIDATE_PREFIX_EXTRACTED,1,,,,,,,
adam_report_candidate_d696827be9e7292c355aa096,987509b658270c6f0ad14e22,SRC-TAFSIR-BAGHAWI-ADAM,41,shamela://local/5ac170a3045185ccf78e81ebd473cafb8069279b898836fd768c78de76a3d8e5/book/41/volume/8/page/15?database_sha256=3c48f871c4c38193770b4577fe46deb03f9ea6a0b609bd0fec5326673922b86c&segment_id=3073,PROPHETIC_HADITH_CANDIDATE,PRE_BOUNDARY_OR_NOT_APPLICABLE,,CANDIDATE_PREFIX_EXTRACTED,6,,,,,,,
adam_report_candidate_0fa49bec6783289577635107,987509b658270c6f0ad14e22,SRC-TAFSIR-BAGHAWI-ADAM,41,shamela://local/5ac170a3045185ccf78e81ebd473cafb8069279b898836fd768c78de76a3d8e5/book/41/volume/8/page/16?database_sha256=3c48f871c4c38193770b4577fe46deb03f9ea6a0b609bd0fec5326673922b86c&segment_id=3074,PROPHETIC_HADITH_CANDIDATE,PRE_BOUNDARY_OR_NOT_APPLICABLE,,CANDIDATE_PREFIX_EXTRACTED,0,,,,,,,
adam_report_candidate_1f7a38457eeeef4dc4eca2c1,987509b658270c6f0ad14e22,SRC-TAFSIR-BAGHAWI-ADAM,41,shamela://local/5ac170a3045185ccf78e81ebd473cafb8069279b898836fd768c78de76a3d8e5/book/41/volume/8/page/16?database_sha256=3c48f871c4c38193770b4577fe46deb03f9ea6a0b609bd0fec5326673922b86c&segment_id=3074,EARLY_REPORT_CANDIDATE,PRE_BOUNDARY_OR_NOT_APPLICABLE,,CANDIDATE_PREFIX_EXTRACTED,3,,,,,,,
adam_report_candidate_d3cce2ff82161ca9b829e8d7,987509b658270c6f0ad14e22,SRC-TAFSIR-BAGHAWI-ADAM,41,shamela://local/5ac170a3045185ccf78e81ebd473cafb8069279b898836fd768c78de76a3d8e5/book/41/volume/8/page/16?database_sha256=3c48f871c4c38193770b4577fe46deb03f9ea6a0b609bd0fec5326673922b86c&segment_id=3074,PROPHETIC_HADITH_CANDIDATE,PRE_BOUNDARY_OR_NOT_APPLICABLE,,CANDIDATE_PREFIX_EXTRACTED,7,,,,,,,
adam_report_candidate_8cacc9be936728d192abacb9,987509b658270c6f0ad14e22,SRC-TAFSIR-BAGHAWI-ADAM,41,shamela://local/5ac170a3045185ccf78e81ebd473cafb8069279b898836fd768c78de76a3d8e5/book/41/volume/8/page/17?database_sha256=3c48f871c4c38193770b4577fe46deb03f9ea6a0b609bd0fec5326673922b86c&segment_id=3075,PROPHETIC_HADITH_CANDIDATE,PRE_BOUNDARY_OR_NOT_APPLICABLE,,CANDIDATE_PREFIX_EXTRACTED,0,,,,,,,
adam_report_candidate_6e34785541c571bbbce0e950,987509b658270c6f0ad14e22,SRC-TAFSIR-BAGHAWI-ADAM,41,shamela://local/5ac170a3045185ccf78e81ebd473cafb8069279b898836fd768c78de76a3d8e5/book/41/volume/8/page/17?database_sha256=3c48f871c4c38193770b4577fe46deb03f9ea6a0b609bd0fec5326673922b86c&segment_id=3075,EARLY_REPORT_CANDIDATE,PRE_BOUNDARY_OR_NOT_APPLICABLE,,CANDIDATE_PREFIX_EXTRACTED,5,,,,,,,
adam_report_candidate_d33d290db32f610050aae14e,7a68488701442b7699c7852e,SRC-TAFSIR-BAGHAWI-ADAM,41,shamela://local/5ac170a3045185ccf78e81ebd473cafb8069279b898836fd768c78de76a3d8e5/book/41/volume/5/page/410?database_sha256=3c48f871c4c38193770b4577fe46deb03f9ea6a0b609bd0fec5326673922b86c&segment_id=2094,EARLY_REPORT_CANDIDATE,PRE_BOUNDARY_OR_NOT_APPLICABLE,,NO_ISNAD_PREFIX_DETECTED,1,,,,,,,
adam_report_candidate_221858fb5f8720ad6d5ad924,7a68488701442b7699c7852e,SRC-TAFSIR-BAGHAWI-ADAM,41,shamela://local/5ac170a3045185ccf78e81ebd473cafb8069279b898836fd768c78de76a3d8e5/book/41/volume/5/page/411?database_sha256=3c48f871c4c38193770b4577fe46deb03f9ea6a0b609bd0fec5326673922b86c&segment_id=2095,PROPHETIC_HADITH_CANDIDATE,PRE_BOUNDARY_OR_NOT_APPLICABLE,,CANDIDATE_PREFIX_EXTRACTED,1,,,,,,,
adam_report_candidate_f1d8a7b2061a711434972ddb,7a68488701442b7699c7852e,SRC-TAFSIR-BAGHAWI-ADAM,41,shamela://local/5ac170a3045185ccf78e81ebd473cafb8069279b898836fd768c78de76a3d8e5/book/41/volume/5/page/412?database_sha256=3c48f871c4c38193770b4577fe46deb03f9ea6a0b609bd0fec5326673922b86c&segment_id=2096,QURAN_EXEGESIS_CONTEXT_CANDIDATE,PRE_BOUNDARY_OR_NOT_APPLICABLE,,NO_ISNAD_PREFIX_DETECTED,0,,,,,,,
adam_report_candidate_74bc8501e6b1e08ec1aebedc,7a68488701442b7699c7852e,SRC-TAFSIR-BAGHAWI-ADAM,41,shamela://local/5ac170a3045185ccf78e81ebd473cafb8069279b898836fd768c78de76a3d8e5/book/41/volume/5/page/412?database_sha256=3c48f871c4c38193770b4577fe46deb03f9ea6a0b609bd0fec5326673922b86c&segment_id=2096,QURAN_EXEGESIS_CONTEXT_CANDIDATE,PRE_BOUNDARY_OR_NOT_APPLICABLE,,NO_ISNAD_PREFIX_DETECTED,0,,,,,,,
adam_report_candidate_0acca07ba559a7a48a735c8f,7aff23c9bf5bb28d9235af49,SRC-TAFSIR-BAGHAWI-ADAM,41,shamela://local/5ac170a3045185ccf78e81ebd473cafb8069279b898836fd768c78de76a3d8e5/book/41/volume/6/page/265?database_sha256=3c48f871c4c38193770b4577fe46deb03f9ea6a0b609bd0fec5326673922b86c&segment_id=2412,PROPHETIC_HADITH_CANDIDATE,PRE_BOUNDARY_OR_NOT_APPLICABLE,,CANDIDATE_PREFIX_EXTRACTED,0,,,,,,,
adam_report_candidate_31331563c7342e3d6e4b7fb9,7aff23c9bf5bb28d9235af49,SRC-TAFSIR-BAGHAWI-ADAM,41,shamela://local/5ac170a3045185ccf78e81ebd473cafb8069279b898836fd768c78de76a3d8e5/book/41/volume/6/page/265?database_sha256=3c48f871c4c38193770b4577fe46deb03f9ea6a0b609bd0fec5326673922b86c&segment_id=2412,PROPHETIC_HADITH_CANDIDATE,PRE_BOUNDARY_OR_NOT_APPLICABLE,,CANDIDATE_PREFIX_EXTRACTED,11,,,,,,,
adam_report_candidate_98decf77af27004cb40177e7,7aff23c9bf5bb28d9235af49,SRC-TAFSIR-BAGHAWI-ADAM,41,shamela://local/5ac170a3045185ccf78e81ebd473cafb8069279b898836fd768c78de76a3d8e5/book/41/volume/6/page/265?database_sha256=3c48f871c4c38193770b4577fe46deb03f9ea6a0b609bd0fec5326673922b86c&segment_id=2412,PROPHETIC_HADITH_CANDIDATE,PRE_BOUNDARY_OR_NOT_APPLICABLE,,CANDIDATE_PREFIX_EXTRACTED,9,,,,,,,
adam_report_candidate_520016124cfefd88a75377d7,7aff23c9bf5bb28d9235af49,SRC-TAFSIR-BAGHAWI-ADAM,41,shamela://local/5ac170a3045185ccf78e81ebd473cafb8069279b898836fd768c78de76a3d8e5/book/41/volume/6/page/265?database_sha256=3c48f871c4c38193770b4577fe46deb03f9ea6a0b609bd0fec5326673922b86c&segment_id=2412,PROPHETIC_HADITH_CANDIDATE,PRE_BOUNDARY_OR_NOT_APPLICABLE,,CANDIDATE_PREFIX_EXTRACTED,9,,,,,,,
adam_report_candidate_099631e2ec4047bf0b938b39,7aff23c9bf5bb28d9235af49,SRC-TAFSIR-BAGHAWI-ADAM,41,shamela://local/5ac170a3045185ccf78e81ebd473cafb8069279b898836fd768c78de76a3d8e5/book/41/volume/6/page/266?database_sha256=3c48f871c4c38193770b4577fe46deb03f9ea6a0b609bd0fec5326673922b86c&segment_id=2413,QURAN_EXEGESIS_CONTEXT_CANDIDATE,PRE_BOUNDARY_OR_NOT_APPLICABLE,,NO_ISNAD_PREFIX_DETECTED,0,,,,,,,
adam_report_candidate_cff275c06bd0a6651ad7b72a,7aff23c9bf5bb28d9235af49,SRC-TAFSIR-BAGHAWI-ADAM,41,shamela://local/5ac170a3045185ccf78e81ebd473cafb8069279b898836fd768c78de76a3d8e5/book/41/volume/6/page/266?database_sha256=3c48f871c4c38193770b4577fe46deb03f9ea6a0b609bd0fec5326673922b86c&segment_id=2414,QURAN_EXEGESIS_CONTEXT_CANDIDATE,PRE_BOUNDARY_OR_NOT_APPLICABLE,,NO_ISNAD_PREFIX_DETECTED,0,,,,,,,
adam_report_candidate_46b103947fa32c1d003e8abd,8bafe210a10d3bff36ad2fa4,SRC-TAFSIR-BAGHAWI-ADAM,41,shamela://local/5ac170a3045185ccf78e81ebd473cafb8069279b898836fd768c78de76a3d8e5/book/41/volume/8/page/288?database_sha256=3c48f871c4c38193770b4577fe46deb03f9ea6a0b609bd0fec5326673922b86c&segment_id=3330,EARLY_REPORT_CANDIDATE,PRE_BOUNDARY_OR_NOT_APPLICABLE,,CANDIDATE_PREFIX_EXTRACTED,8,,,,,,,
adam_report_candidate_e164370eef4077e647ed6467,8bafe210a10d3bff36ad2fa4,SRC-TAFSIR-BAGHAWI-ADAM,41,shamela://local/5ac170a3045185ccf78e81ebd473cafb8069279b898836fd768c78de76a3d8e5/book/41/volume/8/page/289?database_sha256=3c48f871c4c38193770b4577fe46deb03f9ea6a0b609bd0fec5326673922b86c&segment_id=3331,QURAN_EXEGESIS_CONTEXT_CANDIDATE,PRE_BOUNDARY_OR_NOT_APPLICABLE,,NO_ISNAD_PREFIX_DETECTED,0,,,,,,,
adam_report_candidate_5fe1ceb39946d23de3f5a103,8bafe210a10d3bff36ad2fa4,SRC-TAFSIR-BAGHAWI-ADAM,41,shamela://local/5ac170a3045185ccf78e81ebd473cafb8069279b898836fd768c78de76a3d8e5/book/41/volume/8/page/289?database_sha256=3c48f871c4c38193770b4577fe46deb03f9ea6a0b609bd0fec5326673922b86c&segment_id=3331,QURAN_EXEGESIS_CONTEXT_CANDIDATE,PRE_BOUNDARY_OR_NOT_APPLICABLE,,NO_ISNAD_PREFIX_DETECTED,0,,,,,,,
adam_report_candidate_05b06e8357f451aa9f90af8a,8bafe210a10d3bff36ad2fa4,SRC-TAFSIR-BAGHAWI-ADAM,41,shamela://local/5ac170a3045185ccf78e81ebd473cafb8069279b898836fd768c78de76a3d8e5/book/41/volume/8/page/292?database_sha256=3c48f871c4c38193770b4577fe46deb03f9ea6a0b609bd0fec5326673922b86c&segment_id=3332,QURAN_EXEGESIS_CONTEXT_CANDIDATE,PRE_BOUNDARY_OR_NOT_APPLICABLE,,NO_ISNAD_PREFIX_DETECTED,0,,,,,,,
adam_report_candidate_268f073f9148b990f4e40e2a,4a99607f0a0ed9cf82a4e9cd,SRC-TAFSIR-BAGHAWI-ADAM,41,shamela://local/5ac170a3045185ccf78e81ebd473cafb8069279b898836fd768c78de76a3d8e5/book/41/volume/3/page/297?database_sha256=3c48f871c4c38193770b4577fe46deb03f9ea6a0b609bd0fec5326673922b86c&segment_id=1108,QURAN_EXEGESIS_CONTEXT_CANDIDATE,PRE_BOUNDARY_OR_NOT_APPLICABLE,,NO_ISNAD_PREFIX_DETECTED,0,,,,,,,
adam_report_candidate_8bb6b2bde66db95748556e5d,4a99607f0a0ed9cf82a4e9cd,SRC-TAFSIR-BAGHAWI-ADAM,41,shamela://local/5ac170a3045185ccf78e81ebd473cafb8069279b898836fd768c78de76a3d8e5/book/41/volume/3/page/297?database_sha256=3c48f871c4c38193770b4577fe46deb03f9ea6a0b609bd0fec5326673922b86c&segment_id=1109,EARLY_REPORT_CANDIDATE,PRE_BOUNDARY_OR_NOT_APPLICABLE,,NO_ISNAD_PREFIX_DETECTED,1,,,,,,,
adam_report_candidate_cad4df2138eb5bd1a9e59026,4a99607f0a0ed9cf82a4e9cd,SRC-TAFSIR-BAGHAWI-ADAM,41,shamela://local/5ac170a3045185ccf78e81ebd473cafb8069279b898836fd768c78de76a3d8e5/book/41/volume/3/page/297?database_sha256=3c48f871c4c38193770b4577fe46deb03f9ea6a0b609bd0fec5326673922b86c&segment_id=1109,EARLY_REPORT_CANDIDATE,PRE_BOUNDARY_OR_NOT_APPLICABLE,,CANDIDATE_PREFIX_EXTRACTED,5,,,,,,,
adam_report_candidate_dec28b6629a5e03dd8ca1933,4a99607f0a0ed9cf82a4e9cd,SRC-TAFSIR-BAGHAWI-ADAM,41,shamela://local/5ac170a3045185ccf78e81ebd473cafb8069279b898836fd768c78de76a3d8e5/book/41/volume/3/page/298?database_sha256=3c48f871c4c38193770b4577fe46deb03f9ea6a0b609bd0fec5326673922b86c&segment_id=1110,PROPHETIC_HADITH_CANDIDATE,PRE_BOUNDARY_OR_NOT_APPLICABLE,,CANDIDATE_PREFIX_EXTRACTED,1,,,,,,,
adam_report_candidate_78574b2a37131672fa4a0d30,4a99607f0a0ed9cf82a4e9cd,SRC-TAFSIR-BAGHAWI-ADAM,41,shamela://local/5ac170a3045185ccf78e81ebd473cafb8069279b898836fd768c78de76a3d8e5/book/41/volume/3/page/299?database_sha256=3c48f871c4c38193770b4577fe46deb03f9ea6a0b609bd0fec5326673922b86c&segment_id=1111,UNCLASSIFIED_SOURCE_PASSAGE_CANDIDATE,PRE_BOUNDARY_OR_NOT_APPLICABLE,,NO_ISNAD_PREFIX_DETECTED,0,,,,,,,
adam_report_candidate_7cadb65123f2d23f6de14b75,4a99607f0a0ed9cf82a4e9cd,SRC-TAFSIR-BAGHAWI-ADAM,41,shamela://local/5ac170a3045185ccf78e81ebd473cafb8069279b898836fd768c78de76a3d8e5/book/41/volume/3/page/299?database_sha256=3c48f871c4c38193770b4577fe46deb03f9ea6a0b609bd0fec5326673922b86c&segment_id=1111,UNCLASSIFIED_SOURCE_PASSAGE_CANDIDATE,PRE_BOUNDARY_OR_NOT_APPLICABLE,,NO_ISNAD_PREFIX_DETECTED,0,,,,,,,
adam_report_candidate_c18efb70780f4f5b73ef4049,4a99607f0a0ed9cf82a4e9cd,SRC-TAFSIR-BAGHAWI-ADAM,41,shamela://local/5ac170a3045185ccf78e81ebd473cafb8069279b898836fd768c78de76a3d8e5/book/41/volume/3/page/299?database_sha256=3c48f871c4c38193770b4577fe46deb03f9ea6a0b609bd0fec5326673922b86c&segment_id=1111,UNCLASSIFIED_SOURCE_PASSAGE_CANDIDATE,PRE_BOUNDARY_OR_NOT_APPLICABLE,,NO_ISNAD_PREFIX_DETECTED,0,,,,,,,
adam_report_candidate_2bdac67b28eac8792ecd7c59,4a99607f0a0ed9cf82a4e9cd,SRC-TAFSIR-BAGHAWI-ADAM,41,shamela://local/5ac170a3045185ccf78e81ebd473cafb8069279b898836fd768c78de76a3d8e5/book/41/volume/3/page/300?database_sha256=3c48f871c4c38193770b4577fe46deb03f9ea6a0b609bd0fec5326673922b86c&segment_id=1112,EARLY_REPORT_CANDIDATE,PRE_BOUNDARY_OR_NOT_APPLICABLE,,NO_ISNAD_PREFIX_DETECTED,1,,,,,,,
adam_report_candidate_fe34f41bcbb9f56ce6c9cb7b,4a99607f0a0ed9cf82a4e9cd,SRC-TAFSIR-BAGHAWI-ADAM,41,shamela://local/5ac170a3045185ccf78e81ebd473cafb8069279b898836fd768c78de76a3d8e5/book/41/volume/3/page/301?database_sha256=3c48f871c4c38193770b4577fe46deb03f9ea6a0b609bd0fec5326673922b86c&segment_id=1113,EARLY_REPORT_CANDIDATE,PRE_BOUNDARY_OR_NOT_APPLICABLE,,NO_ISNAD_PREFIX_DETECTED,1,,,,,,,
adam_report_candidate_021d81cadd10fd73509a5b2e,4a99607f0a0ed9cf82a4e9cd,SRC-TAFSIR-BAGHAWI-ADAM,41,shamela://local/5ac170a3045185ccf78e81ebd473cafb8069279b898836fd768c78de76a3d8e5/book/41/volume/3/page/301?database_sha256=3c48f871c4c38193770b4577fe46deb03f9ea6a0b609bd0fec5326673922b86c&segment_id=1113,UNCLASSIFIED_SOURCE_PASSAGE_CANDIDATE,PRE_BOUNDARY_OR_NOT_APPLICABLE,,NO_ISNAD_PREFIX_DETECTED,0,,,,,,,
adam_report_candidate_ffeb9bf8aa662cd07579b715,36e6d012c4212ab5ad9b6da1,SRC-TAFSIR-IBN-ABI-HATIM-ADAM,8658,shamela://local/5ac170a3045185ccf78e81ebd473cafb8069279b898836fd768c78de76a3d8e5/book/8658/volume/1/page/58?database_sha256=72fa72e670a63139b624db32c1e3752a5b3d10c862b3245339d4eadd5995f23a&segment_id=48,EARLY_REPORT_CANDIDATE,PRE_BOUNDARY_OR_NOT_APPLICABLE,WAHB_IBN_MUNABBIH,NO_ISNAD_PREFIX_DETECTED,17,EV-ADAM-010 | EV-ADAM-011 | EV-ADAM-020 | EV-ADAM-021 | EV-ADAM-022 | EV-ADAM-023 | EV-ADAM-024 | EV-ADAM-040 | EV-ADAM-041 | EV-ADAM-042 | EV-ADAM-050 | EV-ADAM-051 | EV-ADAM-052 | EV-ADAM-053 | EV-ADAM-054 | EV-ADAM-055 | EV-ADAM-080 | EV-ADAM-081 | EV-ADAM-082 | EV-ADAM-090 | EV-ADAM-091 | EV-ADAM-099,RQ-ADAM-007 | RQ-ADAM-008 | RQ-ADAM-009 | RQ-ADAM-010 | RQ-ADAM-011 | RQ-ADAM-012 | RQ-ADAM-015 | RQ-ADAM-016 | RQ-ADAM-017 | RQ-ADAM-018 | RQ-ADAM-019 | RQ-ADAM-020 | RQ-ADAM-028 | RQ-ADAM-029 | RQ-ADAM-030 | RQ-ADAM-032,,,,,
adam_report_candidate_5982284eef7ed650960cd5cb,36e6d012c4212ab5ad9b6da1,SRC-TAFSIR-IBN-ABI-HATIM-ADAM,8658,shamela://local/5ac170a3045185ccf78e81ebd473cafb8069279b898836fd768c78de76a3d8e5/book/8658/volume/1/page/59?database_sha256=72fa72e670a63139b624db32c1e3752a5b3d10c862b3245339d4eadd5995f23a&segment_id=49,EARLY_REPORT_CANDIDATE,PRE_BOUNDARY_OR_NOT_APPLICABLE,WAHB_IBN_MUNABBIH,NO_ISNAD_PREFIX_DETECTED,4,EV-ADAM-010 | EV-ADAM-011 | EV-ADAM-020 | EV-ADAM-021 | EV-ADAM-022 | EV-ADAM-023 | EV-ADAM-024 | EV-ADAM-040 | EV-ADAM-041 | EV-ADAM-042 | EV-ADAM-050 | EV-ADAM-051 | EV-ADAM-052 | EV-ADAM-053 | EV-ADAM-054 | EV-ADAM-055 | EV-ADAM-080 | EV-ADAM-081 | EV-ADAM-082 | EV-ADAM-090 | EV-ADAM-091 | EV-ADAM-099,RQ-ADAM-007 | RQ-ADAM-008 | RQ-ADAM-009 | RQ-ADAM-010 | RQ-ADAM-011 | RQ-ADAM-012 | RQ-ADAM-015 | RQ-ADAM-016 | RQ-ADAM-017 | RQ-ADAM-018 | RQ-ADAM-019 | RQ-ADAM-020 | RQ-ADAM-028 | RQ-ADAM-029 | RQ-ADAM-030 | RQ-ADAM-032,,,,,
adam_report_candidate_b5aebcc17128623a59d6bc2e,36e6d012c4212ab5ad9b6da1,SRC-TAFSIR-IBN-ABI-HATIM-ADAM,8658,shamela://local/5ac170a3045185ccf78e81ebd473cafb8069279b898836fd768c78de76a3d8e5/book/8658/volume/1/page/59?database_sha256=72fa72e670a63139b624db32c1e3752a5b3d10c862b3245339d4eadd5995f23a&segment_id=49,EARLY_REPORT_CANDIDATE,PRE_BOUNDARY_OR_NOT_APPLICABLE,WAHB_IBN_MUNABBIH,NO_ISNAD_PREFIX_DETECTED,12,EV-ADAM-010 | EV-ADAM-011 | EV-ADAM-020 | EV-ADAM-021 | EV-ADAM-022 | EV-ADAM-023 | EV-ADAM-024 | EV-ADAM-040 | EV-ADAM-041 | EV-ADAM-042 | EV-ADAM-050 | EV-ADAM-051 | EV-ADAM-052 | EV-ADAM-053 | EV-ADAM-054 | EV-ADAM-055 | EV-ADAM-080 | EV-ADAM-081 | EV-ADAM-082 | EV-ADAM-090 | EV-ADAM-091 | EV-ADAM-099,RQ-ADAM-007 | RQ-ADAM-008 | RQ-ADAM-009 | RQ-ADAM-010 | RQ-ADAM-011 | RQ-ADAM-012 | RQ-ADAM-015 | RQ-ADAM-016 | RQ-ADAM-017 | RQ-ADAM-018 | RQ-ADAM-019 | RQ-ADAM-020 | RQ-ADAM-028 | RQ-ADAM-029 | RQ-ADAM-030 | RQ-ADAM-032,,,,,
adam_report_candidate_7d7b01b32b7c8e287908bbda,36e6d012c4212ab5ad9b6da1,SRC-TAFSIR-IBN-ABI-HATIM-ADAM,8658,shamela://local/5ac170a3045185ccf78e81ebd473cafb8069279b898836fd768c78de76a3d8e5/book/8658/volume/1/page/60?database_sha256=72fa72e670a63139b624db32c1e3752a5b3d10c862b3245339d4eadd5995f23a&segment_id=50,EARLY_REPORT_CANDIDATE,PRE_BOUNDARY_OR_NOT_APPLICABLE,WAHB_IBN_MUNABBIH,NO_ISNAD_PREFIX_DETECTED,2,EV-ADAM-010 | EV-ADAM-011 | EV-ADAM-020 | EV-ADAM-021 | EV-ADAM-022 | EV-ADAM-023 | EV-ADAM-024 | EV-ADAM-040 | EV-ADAM-041 | EV-ADAM-042 | EV-ADAM-050 | EV-ADAM-051 | EV-ADAM-052 | EV-ADAM-053 | EV-ADAM-054 | EV-ADAM-055 | EV-ADAM-080 | EV-ADAM-081 | EV-ADAM-082 | EV-ADAM-090 | EV-ADAM-091 | EV-ADAM-099,RQ-ADAM-007 | RQ-ADAM-008 | RQ-ADAM-009 | RQ-ADAM-010 | RQ-ADAM-011 | RQ-ADAM-012 | RQ-ADAM-015 | RQ-ADAM-016 | RQ-ADAM-017 | RQ-ADAM-018 | RQ-ADAM-019 | RQ-ADAM-020 | RQ-ADAM-028 | RQ-ADAM-029 | RQ-ADAM-030 | RQ-ADAM-032,,,,,
adam_report_candidate_57772563747bd4bc00356cad,36e6d012c4212ab5ad9b6da1,SRC-TAFSIR-IBN-ABI-HATIM-ADAM,8658,shamela://local/5ac170a3045185ccf78e81ebd473cafb8069279b898836fd768c78de76a3d8e5/book/8658/volume/1/page/60?database_sha256=72fa72e670a63139b624db32c1e3752a5b3d10c862b3245339d4eadd5995f23a&segment_id=50,EARLY_REPORT_CANDIDATE,PRE_BOUNDARY_OR_NOT_APPLICABLE,WAHB_IBN_MUNABBIH,CANDIDATE_PREFIX_EXTRACTED,2,EV-ADAM-010 | EV-ADAM-011 | EV-ADAM-020 | EV-ADAM-021 | EV-ADAM-022 | EV-ADAM-023 | EV-ADAM-024 | EV-ADAM-040 | EV-ADAM-041 | EV-ADAM-042 | EV-ADAM-050 | EV-ADAM-051 | EV-ADAM-052 | EV-ADAM-053 | EV-ADAM-054 | EV-ADAM-055 | EV-ADAM-080 | EV-ADAM-081 | EV-ADAM-082 | EV-ADAM-090 | EV-ADAM-091 | EV-ADAM-099,RQ-ADAM-007 | RQ-ADAM-008 | RQ-ADAM-009 | RQ-ADAM-010 | RQ-ADAM-011 | RQ-ADAM-012 | RQ-ADAM-015 | RQ-ADAM-016 | RQ-ADAM-017 | RQ-ADAM-018 | RQ-ADAM-019 | RQ-ADAM-020 | RQ-ADAM-028 | RQ-ADAM-029 | RQ-ADAM-030 | RQ-ADAM-032,,,,,
adam_report_candidate_92b5ddfaa3b67a38ea5a289e,36e6d012c4212ab5ad9b6da1,SRC-TAFSIR-IBN-ABI-HATIM-ADAM,8658,shamela://local/5ac170a3045185ccf78e81ebd473cafb8069279b898836fd768c78de76a3d8e5/book/8658/volume/1/page/60?database_sha256=72fa72e670a63139b624db32c1e3752a5b3d10c862b3245339d4eadd5995f23a&segment_id=50,EARLY_REPORT_CANDIDATE,PRE_BOUNDARY_OR_NOT_APPLICABLE,WAHB_IBN_MUNABBIH,NO_ISNAD_PREFIX_DETECTED,9,EV-ADAM-010 | EV-ADAM-011 | EV-ADAM-020 | EV-ADAM-021 | EV-ADAM-022 | EV-ADAM-023 | EV-ADAM-024 | EV-ADAM-040 | EV-ADAM-041 | EV-ADAM-042 | EV-ADAM-050 | EV-ADAM-051 | EV-ADAM-052 | EV-ADAM-053 | EV-ADAM-054 | EV-ADAM-055 | EV-ADAM-080 | EV-ADAM-081 | EV-ADAM-082 | EV-ADAM-090 | EV-ADAM-091 | EV-ADAM-099,RQ-ADAM-007 | RQ-ADAM-008 | RQ-ADAM-009 | RQ-ADAM-010 | RQ-ADAM-011 | RQ-ADAM-012 | RQ-ADAM-015 | RQ-ADAM-016 | RQ-ADAM-017 | RQ-ADAM-018 | RQ-ADAM-019 | RQ-ADAM-020 | RQ-ADAM-028 | RQ-ADAM-029 | RQ-ADAM-030 | RQ-ADAM-032,,,,,
adam_report_candidate_ef8e56d04e578b7a5e28a688,36e6d012c4212ab5ad9b6da1,SRC-TAFSIR-IBN-ABI-HATIM-ADAM,8658,shamela://local/5ac170a3045185ccf78e81ebd473cafb8069279b898836fd768c78de76a3d8e5/book/8658/volume/1/page/61?database_sha256=72fa72e670a63139b624db32c1e3752a5b3d10c862b3245339d4eadd5995f23a&segment_id=51,EARLY_REPORT_CANDIDATE,PRE_BOUNDARY_OR_NOT_APPLICABLE,WAHB_IBN_MUNABBIH,NO_ISNAD_PREFIX_DETECTED,3,EV-ADAM-010 | EV-ADAM-011 | EV-ADAM-020 | EV-ADAM-021 | EV-ADAM-022 | EV-ADAM-023 | EV-ADAM-024 | EV-ADAM-040 | EV-ADAM-041 | EV-ADAM-042 | EV-ADAM-050 | EV-ADAM-051 | EV-ADAM-052 | EV-ADAM-053 | EV-ADAM-054 | EV-ADAM-055 | EV-ADAM-080 | EV-ADAM-081 | EV-ADAM-082 | EV-ADAM-090 | EV-ADAM-091 | EV-ADAM-099,RQ-ADAM-007 | RQ-ADAM-008 | RQ-ADAM-009 | RQ-ADAM-010 | RQ-ADAM-011 | RQ-ADAM-012 | RQ-ADAM-015 | RQ-ADAM-016 | RQ-ADAM-017 | RQ-ADAM-018 | RQ-ADAM-019 | RQ-ADAM-020 | RQ-ADAM-028 | RQ-ADAM-029 | RQ-ADAM-030 | RQ-ADAM-032,,,,,
adam_report_candidate_8f8c5732ae54afc33c1656a8,36e6d012c4212ab5ad9b6da1,SRC-TAFSIR-IBN-ABI-HATIM-ADAM,8658,shamela://local/5ac170a3045185ccf78e81ebd473cafb8069279b898836fd768c78de76a3d8e5/book/8658/volume/1/page/61?database_sha256=72fa72e670a63139b624db32c1e3752a5b3d10c862b3245339d4eadd5995f23a&segment_id=51,PROPHETIC_HADITH_CANDIDATE,PRE_BOUNDARY_OR_NOT_APPLICABLE,WAHB_IBN_MUNABBIH,CANDIDATE_PREFIX_EXTRACTED,13,EV-ADAM-010 | EV-ADAM-011 | EV-ADAM-020 | EV-ADAM-021 | EV-ADAM-022 | EV-ADAM-023 | EV-ADAM-024 | EV-ADAM-040 | EV-ADAM-041 | EV-ADAM-042 | EV-ADAM-050 | EV-ADAM-051 | EV-ADAM-052 | EV-ADAM-053 | EV-ADAM-054 | EV-ADAM-055 | EV-ADAM-080 | EV-ADAM-081 | EV-ADAM-082 | EV-ADAM-090 | EV-ADAM-091 | EV-ADAM-099,RQ-ADAM-007 | RQ-ADAM-008 | RQ-ADAM-009 | RQ-ADAM-010 | RQ-ADAM-011 | RQ-ADAM-012 | RQ-ADAM-015 | RQ-ADAM-016 | RQ-ADAM-017 | RQ-ADAM-018 | RQ-ADAM-019 | RQ-ADAM-020 | RQ-ADAM-028 | RQ-ADAM-029 | RQ-ADAM-030 | RQ-ADAM-032,,,,,
adam_report_candidate_106dd77cd09401d99a36ee30,36e6d012c4212ab5ad9b6da1,SRC-TAFSIR-IBN-ABI-HATIM-ADAM,8658,shamela://local/5ac170a3045185ccf78e81ebd473cafb8069279b898836fd768c78de76a3d8e5/book/8658/volume/1/page/62?database_sha256=72fa72e670a63139b624db32c1e3752a5b3d10c862b3245339d4eadd5995f23a&segment_id=52,EARLY_REPORT_CANDIDATE,PRE_BOUNDARY_OR_NOT_APPLICABLE,WAHB_IBN_MUNABBIH,NO_ISNAD_PREFIX_DETECTED,3,EV-ADAM-010 | EV-ADAM-011 | EV-ADAM-020 | EV-ADAM-021 | EV-ADAM-022 | EV-ADAM-023 | EV-ADAM-024 | EV-ADAM-040 | EV-ADAM-041 | EV-ADAM-042 | EV-ADAM-050 | EV-ADAM-051 | EV-ADAM-052 | EV-ADAM-053 | EV-ADAM-054 | EV-ADAM-055 | EV-ADAM-080 | EV-ADAM-081 | EV-ADAM-082 | EV-ADAM-090 | EV-ADAM-091 | EV-ADAM-099,RQ-ADAM-007 | RQ-ADAM-008 | RQ-ADAM-009 | RQ-ADAM-010 | RQ-ADAM-011 | RQ-ADAM-012 | RQ-ADAM-015 | RQ-ADAM-016 | RQ-ADAM-017 | RQ-ADAM-018 | RQ-ADAM-019 | RQ-ADAM-020 | RQ-ADAM-028 | RQ-ADAM-029 | RQ-ADAM-030 | RQ-ADAM-032,,,,,
adam_report_candidate_1b73d06a00fd407af47fb846,36e6d012c4212ab5ad9b6da1,SRC-TAFSIR-IBN-ABI-HATIM-ADAM,8658,shamela://local/5ac170a3045185ccf78e81ebd473cafb8069279b898836fd768c78de76a3d8e5/book/8658/volume/1/page/62?database_sha256=72fa72e670a63139b624db32c1e3752a5b3d10c862b3245339d4eadd5995f23a&segment_id=52,EARLY_REPORT_CANDIDATE,PRE_BOUNDARY_OR_NOT_APPLICABLE,WAHB_IBN_MUNABBIH,CANDIDATE_PREFIX_EXTRACTED,12,EV-ADAM-010 | EV-ADAM-011 | EV-ADAM-020 | EV-ADAM-021 | EV-ADAM-022 | EV-ADAM-023 | EV-ADAM-024 | EV-ADAM-040 | EV-ADAM-041 | EV-ADAM-042 | EV-ADAM-050 | EV-ADAM-051 | EV-ADAM-052 | EV-ADAM-053 | EV-ADAM-054 | EV-ADAM-055 | EV-ADAM-080 | EV-ADAM-081 | EV-ADAM-082 | EV-ADAM-090 | EV-ADAM-091 | EV-ADAM-099,RQ-ADAM-007 | RQ-ADAM-008 | RQ-ADAM-009 | RQ-ADAM-010 | RQ-ADAM-011 | RQ-ADAM-012 | RQ-ADAM-015 | RQ-ADAM-016 | RQ-ADAM-017 | RQ-ADAM-018 | RQ-ADAM-019 | RQ-ADAM-020 | RQ-ADAM-028 | RQ-ADAM-029 | RQ-ADAM-030 | RQ-ADAM-032,,,,,
adam_report_candidate_7a1ed47da0679b44e6445090,36e6d012c4212ab5ad9b6da1,SRC-TAFSIR-IBN-ABI-HATIM-ADAM,8658,shamela://local/5ac170a3045185ccf78e81ebd473cafb8069279b898836fd768c78de76a3d8e5/book/8658/volume/1/page/63?database_sha256=72fa72e670a63139b624db32c1e3752a5b3d10c862b3245339d4eadd5995f23a&segment_id=53,EARLY_REPORT_CANDIDATE,PRE_BOUNDARY_OR_NOT_APPLICABLE,WAHB_IBN_MUNABBIH,NO_ISNAD_PREFIX_DETECTED,9,EV-ADAM-010 | EV-ADAM-011 | EV-ADAM-020 | EV-ADAM-021 | EV-ADAM-022 | EV-ADAM-023 | EV-ADAM-024 | EV-ADAM-040 | EV-ADAM-041 | EV-ADAM-042 | EV-ADAM-050 | EV-ADAM-051 | EV-ADAM-052 | EV-ADAM-053 | EV-ADAM-054 | EV-ADAM-055 | EV-ADAM-080 | EV-ADAM-081 | EV-ADAM-082 | EV-ADAM-090 | EV-ADAM-091 | EV-ADAM-099,RQ-ADAM-007 | RQ-ADAM-008 | RQ-ADAM-009 | RQ-ADAM-010 | RQ-ADAM-011 | RQ-ADAM-012 | RQ-ADAM-015 | RQ-ADAM-016 | RQ-ADAM-017 | RQ-ADAM-018 | RQ-ADAM-019 | RQ-ADAM-020 | RQ-ADAM-028 | RQ-ADAM-029 | RQ-ADAM-030 | RQ-ADAM-032,,,,,
adam_report_candidate_148c00cfb9d1665acbf8c380,36e6d012c4212ab5ad9b6da1,SRC-TAFSIR-IBN-ABI-HATIM-ADAM,8658,shamela://local/5ac170a3045185ccf78e81ebd473cafb8069279b898836fd768c78de76a3d8e5/book/8658/volume/1/page/63?database_sha256=72fa72e670a63139b624db32c1e3752a5b3d10c862b3245339d4eadd5995f23a&segment_id=53,EARLY_REPORT_CANDIDATE,PRE_BOUNDARY_OR_NOT_APPLICABLE,WAHB_IBN_MUNABBIH,CANDIDATE_PREFIX_EXTRACTED,2,EV-ADAM-010 | EV-ADAM-011 | EV-ADAM-020 | EV-ADAM-021 | EV-ADAM-022 | EV-ADAM-023 | EV-ADAM-024 | EV-ADAM-040 | EV-ADAM-041 | EV-ADAM-042 | EV-ADAM-050 | EV-ADAM-051 | EV-ADAM-052 | EV-ADAM-053 | EV-ADAM-054 | EV-ADAM-055 | EV-ADAM-080 | EV-ADAM-081 | EV-ADAM-082 | EV-ADAM-090 | EV-ADAM-091 | EV-ADAM-099,RQ-ADAM-007 | RQ-ADAM-008 | RQ-ADAM-009 | RQ-ADAM-010 | RQ-ADAM-011 | RQ-ADAM-012 | RQ-ADAM-015 | RQ-ADAM-016 | RQ-ADAM-017 | RQ-ADAM-018 | RQ-ADAM-019 | RQ-ADAM-020 | RQ-ADAM-028 | RQ-ADAM-029 | RQ-ADAM-030 | RQ-ADAM-032,,,,,
adam_report_candidate_1b41f7a7c9b00db2e9adac02,36e6d012c4212ab5ad9b6da1,SRC-TAFSIR-IBN-ABI-HATIM-ADAM,8658,shamela://local/5ac170a3045185ccf78e81ebd473cafb8069279b898836fd768c78de76a3d8e5/book/8658/volume/1/page/64?database_sha256=72fa72e670a63139b624db32c1e3752a5b3d10c862b3245339d4eadd5995f23a&segment_id=54,UNCLASSIFIED_SOURCE_PASSAGE_CANDIDATE,PRE_BOUNDARY_OR_NOT_APPLICABLE,WAHB_IBN_MUNABBIH,NO_ISNAD_PREFIX_DETECTED,0,EV-ADAM-010 | EV-ADAM-011 | EV-ADAM-020 | EV-ADAM-021 | EV-ADAM-022 | EV-ADAM-023 | EV-ADAM-024 | EV-ADAM-040 | EV-ADAM-041 | EV-ADAM-042 | EV-ADAM-050 | EV-ADAM-051 | EV-ADAM-052 | EV-ADAM-053 | EV-ADAM-054 | EV-ADAM-055 | EV-ADAM-080 | EV-ADAM-081 | EV-ADAM-082 | EV-ADAM-090 | EV-ADAM-091 | EV-ADAM-099,RQ-ADAM-007 | RQ-ADAM-008 | RQ-ADAM-009 | RQ-ADAM-010 | RQ-ADAM-011 | RQ-ADAM-012 | RQ-ADAM-015 | RQ-ADAM-016 | RQ-ADAM-017 | RQ-ADAM-018 | RQ-ADAM-019 | RQ-ADAM-020 | RQ-ADAM-028 | RQ-ADAM-029 | RQ-ADAM-030 | RQ-ADAM-032,,,,,
adam_report_candidate_85926478e361eab35c3c5a7b,36e6d012c4212ab5ad9b6da1,SRC-TAFSIR-IBN-ABI-HATIM-ADAM,8658,shamela://local/5ac170a3045185ccf78e81ebd473cafb8069279b898836fd768c78de76a3d8e5/book/8658/volume/1/page/65?database_sha256=72fa72e670a63139b624db32c1e3752a5b3d10c862b3245339d4eadd5995f23a&segment_id=55,EARLY_REPORT_CANDIDATE,PRE_BOUNDARY_OR_NOT_APPLICABLE,WAHB_IBN_MUNABBIH,NO_ISNAD_PREFIX_DETECTED,2,EV-ADAM-010 | EV-ADAM-011 | EV-ADAM-020 | EV-ADAM-021 | EV-ADAM-022 | EV-ADAM-023 | EV-ADAM-024 | EV-ADAM-040 | EV-ADAM-041 | EV-ADAM-042 | EV-ADAM-050 | EV-ADAM-051 | EV-ADAM-052 | EV-ADAM-053 | EV-ADAM-054 | EV-ADAM-055 | EV-ADAM-080 | EV-ADAM-081 | EV-ADAM-082 | EV-ADAM-090 | EV-ADAM-091 | EV-ADAM-099,RQ-ADAM-007 | RQ-ADAM-008 | RQ-ADAM-009 | RQ-ADAM-010 | RQ-ADAM-011 | RQ-ADAM-012 | RQ-ADAM-015 | RQ-ADAM-016 | RQ-ADAM-017 | RQ-ADAM-018 | RQ-ADAM-019 | RQ-ADAM-020 | RQ-ADAM-028 | RQ-ADAM-029 | RQ-ADAM-030 | RQ-ADAM-032,,,,,
adam_report_candidate_a17ad8ffb95b6250ff5f4056,36e6d012c4212ab5ad9b6da1,SRC-TAFSIR-IBN-ABI-HATIM-ADAM,8658,shamela://local/5ac170a3045185ccf78e81ebd473cafb8069279b898836fd768c78de76a3d8e5/book/8658/volume/1/page/65?database_sha256=72fa72e670a63139b624db32c1e3752a5b3d10c862b3245339d4eadd5995f23a&segment_id=55,PROPHETIC_HADITH_CANDIDATE,PRE_BOUNDARY_OR_NOT_APPLICABLE,WAHB_IBN_MUNABBIH,CANDIDATE_PREFIX_EXTRACTED,1,EV-ADAM-010 | EV-ADAM-011 | EV-ADAM-020 | EV-ADAM-021 | EV-ADAM-022 | EV-ADAM-023 | EV-ADAM-024 | EV-ADAM-040 | EV-ADAM-041 | EV-ADAM-042 | EV-ADAM-050 | EV-ADAM-051 | EV-ADAM-052 | EV-ADAM-053 | EV-ADAM-054 | EV-ADAM-055 | EV-ADAM-080 | EV-ADAM-081 | EV-ADAM-082 | EV-ADAM-090 | EV-ADAM-091 | EV-ADAM-099,RQ-ADAM-007 | RQ-ADAM-008 | RQ-ADAM-009 | RQ-ADAM-010 | RQ-ADAM-011 | RQ-ADAM-012 | RQ-ADAM-015 | RQ-ADAM-016 | RQ-ADAM-017 | RQ-ADAM-018 | RQ-ADAM-019 | RQ-ADAM-020 | RQ-ADAM-028 | RQ-ADAM-029 | RQ-ADAM-030 | RQ-ADAM-032,,,,,
adam_report_candidate_b61430c8f56486989bcf2885,36e6d012c4212ab5ad9b6da1,SRC-TAFSIR-IBN-ABI-HATIM-ADAM,8658,shamela://local/5ac170a3045185ccf78e81ebd473cafb8069279b898836fd768c78de76a3d8e5/book/8658/volume/1/page/66?database_sha256=72fa72e670a63139b624db32c1e3752a5b3d10c862b3245339d4eadd5995f23a&segment_id=56,EARLY_REPORT_CANDIDATE,PRE_BOUNDARY_OR_NOT_APPLICABLE,WAHB_IBN_MUNABBIH,NO_ISNAD_PREFIX_DETECTED,1,EV-ADAM-010 | EV-ADAM-011 | EV-ADAM-020 | EV-ADAM-021 | EV-ADAM-022 | EV-ADAM-023 | EV-ADAM-024 | EV-ADAM-040 | EV-ADAM-041 | EV-ADAM-042 | EV-ADAM-050 | EV-ADAM-051 | EV-ADAM-052 | EV-ADAM-053 | EV-ADAM-054 | EV-ADAM-055 | EV-ADAM-080 | EV-ADAM-081 | EV-ADAM-082 | EV-ADAM-090 | EV-ADAM-091 | EV-ADAM-099,RQ-ADAM-007 | RQ-ADAM-008 | RQ-ADAM-009 | RQ-ADAM-010 | RQ-ADAM-011 | RQ-ADAM-012 | RQ-ADAM-015 | RQ-ADAM-016 | RQ-ADAM-017 | RQ-ADAM-018 | RQ-ADAM-019 | RQ-ADAM-020 | RQ-ADAM-028 | RQ-ADAM-029 | RQ-ADAM-030 | RQ-ADAM-032,,,,,
adam_report_candidate_9409b49ccdc91f87b18a0d4d,36e6d012c4212ab5ad9b6da1,SRC-TAFSIR-IBN-ABI-HATIM-ADAM,8658,shamela://local/5ac170a3045185ccf78e81ebd473cafb8069279b898836fd768c78de76a3d8e5/book/8658/volume/1/page/66?database_sha256=72fa72e670a63139b624db32c1e3752a5b3d10c862b3245339d4eadd5995f23a&segment_id=56,UNCLASSIFIED_SOURCE_PASSAGE_CANDIDATE,PRE_BOUNDARY_OR_NOT_APPLICABLE,WAHB_IBN_MUNABBIH,NO_ISNAD_PREFIX_DETECTED,0,EV-ADAM-010 | EV-ADAM-011 | EV-ADAM-020 | EV-ADAM-021 | EV-ADAM-022 | EV-ADAM-023 | EV-ADAM-024 | EV-ADAM-040 | EV-ADAM-041 | EV-ADAM-042 | EV-ADAM-050 | EV-ADAM-051 | EV-ADAM-052 | EV-ADAM-053 | EV-ADAM-054 | EV-ADAM-055 | EV-ADAM-080 | EV-ADAM-081 | EV-ADAM-082 | EV-ADAM-090 | EV-ADAM-091 | EV-ADAM-099,RQ-ADAM-007 | RQ-ADAM-008 | RQ-ADAM-009 | RQ-ADAM-010 | RQ-ADAM-011 | RQ-ADAM-012 | RQ-ADAM-015 | RQ-ADAM-016 | RQ-ADAM-017 | RQ-ADAM-018 | RQ-ADAM-019 | RQ-ADAM-020 | RQ-ADAM-028 | RQ-ADAM-029 | RQ-ADAM-030 | RQ-ADAM-032,,,,,
adam_report_candidate_6290efbb46c2ea7c30afec24,36e6d012c4212ab5ad9b6da1,SRC-TAFSIR-IBN-ABI-HATIM-ADAM,8658,shamela://local/5ac170a3045185ccf78e81ebd473cafb8069279b898836fd768c78de76a3d8e5/book/8658/volume/1/page/67?database_sha256=72fa72e670a63139b624db32c1e3752a5b3d10c862b3245339d4eadd5995f23a&segment_id=57,UNCLASSIFIED_SOURCE_PASSAGE_CANDIDATE,PRE_BOUNDARY_OR_NOT_APPLICABLE,WAHB_IBN_MUNABBIH,NO_ISNAD_PREFIX_DETECTED,0,EV-ADAM-010 | EV-ADAM-011 | EV-ADAM-020 | EV-ADAM-021 | EV-ADAM-022 | EV-ADAM-023 | EV-ADAM-024 | EV-ADAM-040 | EV-ADAM-041 | EV-ADAM-042 | EV-ADAM-050 | EV-ADAM-051 | EV-ADAM-052 | EV-ADAM-053 | EV-ADAM-054 | EV-ADAM-055 | EV-ADAM-080 | EV-ADAM-081 | EV-ADAM-082 | EV-ADAM-090 | EV-ADAM-091 | EV-ADAM-099,RQ-ADAM-007 | RQ-ADAM-008 | RQ-ADAM-009 | RQ-ADAM-010 | RQ-ADAM-011 | RQ-ADAM-012 | RQ-ADAM-015 | RQ-ADAM-016 | RQ-ADAM-017 | RQ-ADAM-018 | RQ-ADAM-019 | RQ-ADAM-020 | RQ-ADAM-028 | RQ-ADAM-029 | RQ-ADAM-030 | RQ-ADAM-032,,,,,
adam_report_candidate_df7a41db669028e755cbd806,36e6d012c4212ab5ad9b6da1,SRC-TAFSIR-IBN-ABI-HATIM-ADAM,8658,shamela://local/5ac170a3045185ccf78e81ebd473cafb8069279b898836fd768c78de76a3d8e5/book/8658/volume/1/page/67?database_sha256=72fa72e670a63139b624db32c1e3752a5b3d10c862b3245339d4eadd5995f23a&segment_id=57,UNCLASSIFIED_SOURCE_PASSAGE_CANDIDATE,PRE_BOUNDARY_OR_NOT_APPLICABLE,WAHB_IBN_MUNABBIH,NO_ISNAD_PREFIX_DETECTED,0,EV-ADAM-010 | EV-ADAM-011 | EV-ADAM-020 | EV-ADAM-021 | EV-ADAM-022 | EV-ADAM-023 | EV-ADAM-024 | EV-ADAM-040 | EV-ADAM-041 | EV-ADAM-042 | EV-ADAM-050 | EV-ADAM-051 | EV-ADAM-052 | EV-ADAM-053 | EV-ADAM-054 | EV-ADAM-055 | EV-ADAM-080 | EV-ADAM-081 | EV-ADAM-082 | EV-ADAM-090 | EV-ADAM-091 | EV-ADAM-099,RQ-ADAM-007 | RQ-ADAM-008 | RQ-ADAM-009 | RQ-ADAM-010 | RQ-ADAM-011 | RQ-ADAM-012 | RQ-ADAM-015 | RQ-ADAM-016 | RQ-ADAM-017 | RQ-ADAM-018 | RQ-ADAM-019 | RQ-ADAM-020 | RQ-ADAM-028 | RQ-ADAM-029 | RQ-ADAM-030 | RQ-ADAM-032,,,,,
adam_report_candidate_31d5799010bac7ab0e4e9b67,36e6d012c4212ab5ad9b6da1,SRC-TAFSIR-IBN-ABI-HATIM-ADAM,8658,shamela://local/5ac170a3045185ccf78e81ebd473cafb8069279b898836fd768c78de76a3d8e5/book/8658/volume/1/page/67?database_sha256=72fa72e670a63139b624db32c1e3752a5b3d10c862b3245339d4eadd5995f23a&segment_id=57,UNCLASSIFIED_SOURCE_PASSAGE_CANDIDATE,PRE_BOUNDARY_OR_NOT_APPLICABLE,WAHB_IBN_MUNABBIH,NO_ISNAD_PREFIX_DETECTED,0,EV-ADAM-010 | EV-ADAM-011 | EV-ADAM-020 | EV-ADAM-021 | EV-ADAM-022 | EV-ADAM-023 | EV-ADAM-024 | EV-ADAM-040 | EV-ADAM-041 | EV-ADAM-042 | EV-ADAM-050 | EV-ADAM-051 | EV-ADAM-052 | EV-ADAM-053 | EV-ADAM-054 | EV-ADAM-055 | EV-ADAM-080 | EV-ADAM-081 | EV-ADAM-082 | EV-ADAM-090 | EV-ADAM-091 | EV-ADAM-099,RQ-ADAM-007 | RQ-ADAM-008 | RQ-ADAM-009 | RQ-ADAM-010 | RQ-ADAM-011 | RQ-ADAM-012 | RQ-ADAM-015 | RQ-ADAM-016 | RQ-ADAM-017 | RQ-ADAM-018 | RQ-ADAM-019 | RQ-ADAM-020 | RQ-ADAM-028 | RQ-ADAM-029 | RQ-ADAM-030 | RQ-ADAM-032,,,,,
adam_report_candidate_593ea780870ef4224a53e972,36e6d012c4212ab5ad9b6da1,SRC-TAFSIR-IBN-ABI-HATIM-ADAM,8658,shamela://local/5ac170a3045185ccf78e81ebd473cafb8069279b898836fd768c78de76a3d8e5/book/8658/volume/1/page/68?database_sha256=72fa72e670a63139b624db32c1e3752a5b3d10c862b3245339d4eadd5995f23a&segment_id=58,EARLY_REPORT_CANDIDATE,PRE_BOUNDARY_OR_NOT_APPLICABLE,WAHB_IBN_MUNABBIH,NO_ISNAD_PREFIX_DETECTED,1,EV-ADAM-010 | EV-ADAM-011 | EV-ADAM-020 | EV-ADAM-021 | EV-ADAM-022 | EV-ADAM-023 | EV-ADAM-024 | EV-ADAM-040 | EV-ADAM-041 | EV-ADAM-042 | EV-ADAM-050 | EV-ADAM-051 | EV-ADAM-052 | EV-ADAM-053 | EV-ADAM-054 | EV-ADAM-055 | EV-ADAM-080 | EV-ADAM-081 | EV-ADAM-082 | EV-ADAM-090 | EV-ADAM-091 | EV-ADAM-099,RQ-ADAM-007 | RQ-ADAM-008 | RQ-ADAM-009 | RQ-ADAM-010 | RQ-ADAM-011 | RQ-ADAM-012 | RQ-ADAM-015 | RQ-ADAM-016 | RQ-ADAM-017 | RQ-ADAM-018 | RQ-ADAM-019 | RQ-ADAM-020 | RQ-ADAM-028 | RQ-ADAM-029 | RQ-ADAM-030 | RQ-ADAM-032,,,,,
adam_report_candidate_4d74226429a335ff73c6c439,36e6d012c4212ab5ad9b6da1,SRC-TAFSIR-IBN-ABI-HATIM-ADAM,8658,shamela://local/5ac170a3045185ccf78e81ebd473cafb8069279b898836fd768c78de76a3d8e5/book/8658/volume/1/page/69?database_sha256=72fa72e670a63139b624db32c1e3752a5b3d10c862b3245339d4eadd5995f23a&segment_id=59,EARLY_REPORT_CANDIDATE,PRE_BOUNDARY_OR_NOT_APPLICABLE,WAHB_IBN_MUNABBIH,NO_ISNAD_PREFIX_DETECTED,1,EV-ADAM-010 | EV-ADAM-011 | EV-ADAM-020 | EV-ADAM-021 | EV-ADAM-022 | EV-ADAM-023 | EV-ADAM-024 | EV-ADAM-040 | EV-ADAM-041 | EV-ADAM-042 | EV-ADAM-050 | EV-ADAM-051 | EV-ADAM-052 | EV-ADAM-053 | EV-ADAM-054 | EV-ADAM-055 | EV-ADAM-080 | EV-ADAM-081 | EV-ADAM-082 | EV-ADAM-090 | EV-ADAM-091 | EV-ADAM-099,RQ-ADAM-007 | RQ-ADAM-008 | RQ-ADAM-009 | RQ-ADAM-010 | RQ-ADAM-011 | RQ-ADAM-012 | RQ-ADAM-015 | RQ-ADAM-016 | RQ-ADAM-017 | RQ-ADAM-018 | RQ-ADAM-019 | RQ-ADAM-020 | RQ-ADAM-028 | RQ-ADAM-029 | RQ-ADAM-030 | RQ-ADAM-032,,,,,
adam_report_candidate_175b17e3e68810edfb83fe7d,36e6d012c4212ab5ad9b6da1,SRC-TAFSIR-IBN-ABI-HATIM-ADAM,8658,shamela://local/5ac170a3045185ccf78e81ebd473cafb8069279b898836fd768c78de76a3d8e5/book/8658/volume/1/page/69?database_sha256=72fa72e670a63139b624db32c1e3752a5b3d10c862b3245339d4eadd5995f23a&segment_id=59,EARLY_REPORT_CANDIDATE,PRE_BOUNDARY_OR_NOT_APPLICABLE,WAHB_IBN_MUNABBIH,NO_ISNAD_PREFIX_DETECTED,1,EV-ADAM-010 | EV-ADAM-011 | EV-ADAM-020 | EV-ADAM-021 | EV-ADAM-022 | EV-ADAM-023 | EV-ADAM-024 | EV-ADAM-040 | EV-ADAM-041 | EV-ADAM-042 | EV-ADAM-050 | EV-ADAM-051 | EV-ADAM-052 | EV-ADAM-053 | EV-ADAM-054 | EV-ADAM-055 | EV-ADAM-080 | EV-ADAM-081 | EV-ADAM-082 | EV-ADAM-090 | EV-ADAM-091 | EV-ADAM-099,RQ-ADAM-007 | RQ-ADAM-008 | RQ-ADAM-009 | RQ-ADAM-010 | RQ-ADAM-011 | RQ-ADAM-012 | RQ-ADAM-015 | RQ-ADAM-016 | RQ-ADAM-017 | RQ-ADAM-018 | RQ-ADAM-019 | RQ-ADAM-020 | RQ-ADAM-028 | RQ-ADAM-029 | RQ-ADAM-030 | RQ-ADAM-032,,,,,
adam_report_candidate_75c696596fff4796b9e6517d,36e6d012c4212ab5ad9b6da1,SRC-TAFSIR-IBN-ABI-HATIM-ADAM,8658,shamela://local/5ac170a3045185ccf78e81ebd473cafb8069279b898836fd768c78de76a3d8e5/book/8658/volume/1/page/69?database_sha256=72fa72e670a63139b624db32c1e3752a5b3d10c862b3245339d4eadd5995f23a&segment_id=59,UNCLASSIFIED_SOURCE_PASSAGE_CANDIDATE,PRE_BOUNDARY_OR_NOT_APPLICABLE,WAHB_IBN_MUNABBIH,NO_ISNAD_PREFIX_DETECTED,0,EV-ADAM-010 | EV-ADAM-011 | EV-ADAM-020 | EV-ADAM-021 | EV-ADAM-022 | EV-ADAM-023 | EV-ADAM-024 | EV-ADAM-040 | EV-ADAM-041 | EV-ADAM-042 | EV-ADAM-050 | EV-ADAM-051 | EV-ADAM-052 | EV-ADAM-053 | EV-ADAM-054 | EV-ADAM-055 | EV-ADAM-080 | EV-ADAM-081 | EV-ADAM-082 | EV-ADAM-090 | EV-ADAM-091 | EV-ADAM-099,RQ-ADAM-007 | RQ-ADAM-008 | RQ-ADAM-009 | RQ-ADAM-010 | RQ-ADAM-011 | RQ-ADAM-012 | RQ-ADAM-015 | RQ-ADAM-016 | RQ-ADAM-017 | RQ-ADAM-018 | RQ-ADAM-019 | RQ-ADAM-020 | RQ-ADAM-028 | RQ-ADAM-029 | RQ-ADAM-030 | RQ-ADAM-032,,,,,
adam_report_candidate_1783991027d6f45533711217,36e6d012c4212ab5ad9b6da1,SRC-TAFSIR-IBN-ABI-HATIM-ADAM,8658,shamela://local/5ac170a3045185ccf78e81ebd473cafb8069279b898836fd768c78de76a3d8e5/book/8658/volume/1/page/70?database_sha256=72fa72e670a63139b624db32c1e3752a5b3d10c862b3245339d4eadd5995f23a&segment_id=60,UNCLASSIFIED_SOURCE_PASSAGE_CANDIDATE,PRE_BOUNDARY_OR_NOT_APPLICABLE,WAHB_IBN_MUNABBIH,NO_ISNAD_PREFIX_DETECTED,0,EV-ADAM-010 | EV-ADAM-011 | EV-ADAM-020 | EV-ADAM-021 | EV-ADAM-022 | EV-ADAM-023 | EV-ADAM-024 | EV-ADAM-040 | EV-ADAM-041 | EV-ADAM-042 | EV-ADAM-050 | EV-ADAM-051 | EV-ADAM-052 | EV-ADAM-053 | EV-ADAM-054 | EV-ADAM-055 | EV-ADAM-080 | EV-ADAM-081 | EV-ADAM-082 | EV-ADAM-090 | EV-ADAM-091 | EV-ADAM-099,RQ-ADAM-007 | RQ-ADAM-008 | RQ-ADAM-009 | RQ-ADAM-010 | RQ-ADAM-011 | RQ-ADAM-012 | RQ-ADAM-015 | RQ-ADAM-016 | RQ-ADAM-017 | RQ-ADAM-018 | RQ-ADAM-019 | RQ-ADAM-020 | RQ-ADAM-028 | RQ-ADAM-029 | RQ-ADAM-030 | RQ-ADAM-032,,,,,
adam_report_candidate_b5bf9dd1f9356beacabf7de4,36e6d012c4212ab5ad9b6da1,SRC-TAFSIR-IBN-ABI-HATIM-ADAM,8658,shamela://local/5ac170a3045185ccf78e81ebd473cafb8069279b898836fd768c78de76a3d8e5/book/8658/volume/1/page/70?database_sha256=72fa72e670a63139b624db32c1e3752a5b3d10c862b3245339d4eadd5995f23a&segment_id=60,UNCLASSIFIED_SOURCE_PASSAGE_CANDIDATE,PRE_BOUNDARY_OR_NOT_APPLICABLE,WAHB_IBN_MUNABBIH,NO_ISNAD_PREFIX_DETECTED,0,EV-ADAM-010 | EV-ADAM-011 | EV-ADAM-020 | EV-ADAM-021 | EV-ADAM-022 | EV-ADAM-023 | EV-ADAM-024 | EV-ADAM-040 | EV-ADAM-041 | EV-ADAM-042 | EV-ADAM-050 | EV-ADAM-051 | EV-ADAM-052 | EV-ADAM-053 | EV-ADAM-054 | EV-ADAM-055 | EV-ADAM-080 | EV-ADAM-081 | EV-ADAM-082 | EV-ADAM-090 | EV-ADAM-091 | EV-ADAM-099,RQ-ADAM-007 | RQ-ADAM-008 | RQ-ADAM-009 | RQ-ADAM-010 | RQ-ADAM-011 | RQ-ADAM-012 | RQ-ADAM-015 | RQ-ADAM-016 | RQ-ADAM-017 | RQ-ADAM-018 | RQ-ADAM-019 | RQ-ADAM-020 | RQ-ADAM-028 | RQ-ADAM-029 | RQ-ADAM-030 | RQ-ADAM-032,,,,,
adam_report_candidate_6b69b9f34ed215b7d8091e6b,36e6d012c4212ab5ad9b6da1,SRC-TAFSIR-IBN-ABI-HATIM-ADAM,8658,shamela://local/5ac170a3045185ccf78e81ebd473cafb8069279b898836fd768c78de76a3d8e5/book/8658/volume/1/page/71?database_sha256=72fa72e670a63139b624db32c1e3752a5b3d10c862b3245339d4eadd5995f23a&segment_id=61,UNCLASSIFIED_SOURCE_PASSAGE_CANDIDATE,PRE_BOUNDARY_OR_NOT_APPLICABLE,WAHB_IBN_MUNABBIH,NO_ISNAD_PREFIX_DETECTED,0,EV-ADAM-010 | EV-ADAM-011 | EV-ADAM-020 | EV-ADAM-021 | EV-ADAM-022 | EV-ADAM-023 | EV-ADAM-024 | EV-ADAM-040 | EV-ADAM-041 | EV-ADAM-042 | EV-ADAM-050 | EV-ADAM-051 | EV-ADAM-052 | EV-ADAM-053 | EV-ADAM-054 | EV-ADAM-055 | EV-ADAM-080 | EV-ADAM-081 | EV-ADAM-082 | EV-ADAM-090 | EV-ADAM-091 | EV-ADAM-099,RQ-ADAM-007 | RQ-ADAM-008 | RQ-ADAM-009 | RQ-ADAM-010 | RQ-ADAM-011 | RQ-ADAM-012 | RQ-ADAM-015 | RQ-ADAM-016 | RQ-ADAM-017 | RQ-ADAM-018 | RQ-ADAM-019 | RQ-ADAM-020 | RQ-ADAM-028 | RQ-ADAM-029 | RQ-ADAM-030 | RQ-ADAM-032,,,,,
adam_report_candidate_4cebd059a8bb2bbb2bbbaf9a,36e6d012c4212ab5ad9b6da1,SRC-TAFSIR-IBN-ABI-HATIM-ADAM,8658,shamela://local/5ac170a3045185ccf78e81ebd473cafb8069279b898836fd768c78de76a3d8e5/book/8658/volume/1/page/72?database_sha256=72fa72e670a63139b624db32c1e3752a5b3d10c862b3245339d4eadd5995f23a&segment_id=62,UNCLASSIFIED_SOURCE_PASSAGE_CANDIDATE,PRE_BOUNDARY_OR_NOT_APPLICABLE,WAHB_IBN_MUNABBIH,NO_ISNAD_PREFIX_DETECTED,0,EV-ADAM-010 | EV-ADAM-011 | EV-ADAM-020 | EV-ADAM-021 | EV-ADAM-022 | EV-ADAM-023 | EV-ADAM-024 | EV-ADAM-040 | EV-ADAM-041 | EV-ADAM-042 | EV-ADAM-050 | EV-ADAM-051 | EV-ADAM-052 | EV-ADAM-053 | EV-ADAM-054 | EV-ADAM-055 | EV-ADAM-080 | EV-ADAM-081 | EV-ADAM-082 | EV-ADAM-090 | EV-ADAM-091 | EV-ADAM-099,RQ-ADAM-007 | RQ-ADAM-008 | RQ-ADAM-009 | RQ-ADAM-010 | RQ-ADAM-011 | RQ-ADAM-012 | RQ-ADAM-015 | RQ-ADAM-016 | RQ-ADAM-017 | RQ-ADAM-018 | RQ-ADAM-019 | RQ-ADAM-020 | RQ-ADAM-028 | RQ-ADAM-029 | RQ-ADAM-030 | RQ-ADAM-032,,,,,
adam_report_candidate_286e8cf9210c0f7914bb04e4,36e6d012c4212ab5ad9b6da1,SRC-TAFSIR-IBN-ABI-HATIM-ADAM,8658,shamela://local/5ac170a3045185ccf78e81ebd473cafb8069279b898836fd768c78de76a3d8e5/book/8658/volume/1/page/72?database_sha256=72fa72e670a63139b624db32c1e3752a5b3d10c862b3245339d4eadd5995f23a&segment_id=62,EARLY_REPORT_CANDIDATE,PRE_BOUNDARY_OR_NOT_APPLICABLE,WAHB_IBN_MUNABBIH,CANDIDATE_PREFIX_EXTRACTED,1,EV-ADAM-010 | EV-ADAM-011 | EV-ADAM-020 | EV-ADAM-021 | EV-ADAM-022 | EV-ADAM-023 | EV-ADAM-024 | EV-ADAM-040 | EV-ADAM-041 | EV-ADAM-042 | EV-ADAM-050 | EV-ADAM-051 | EV-ADAM-052 | EV-ADAM-053 | EV-ADAM-054 | EV-ADAM-055 | EV-ADAM-080 | EV-ADAM-081 | EV-ADAM-082 | EV-ADAM-090 | EV-ADAM-091 | EV-ADAM-099,RQ-ADAM-007 | RQ-ADAM-008 | RQ-ADAM-009 | RQ-ADAM-010 | RQ-ADAM-011 | RQ-ADAM-012 | RQ-ADAM-015 | RQ-ADAM-016 | RQ-ADAM-017 | RQ-ADAM-018 | RQ-ADAM-019 | RQ-ADAM-020 | RQ-ADAM-028 | RQ-ADAM-029 | RQ-ADAM-030 | RQ-ADAM-032,,,,,
adam_report_candidate_875f0d43d5eb559ab6e1af46,36e6d012c4212ab5ad9b6da1,SRC-TAFSIR-IBN-ABI-HATIM-ADAM,8658,shamela://local/5ac170a3045185ccf78e81ebd473cafb8069279b898836fd768c78de76a3d8e5/book/8658/volume/1/page/72?database_sha256=72fa72e670a63139b624db32c1e3752a5b3d10c862b3245339d4eadd5995f23a&segment_id=62,EARLY_REPORT_CANDIDATE,PRE_BOUNDARY_OR_NOT_APPLICABLE,WAHB_IBN_MUNABBIH,CANDIDATE_PREFIX_EXTRACTED,1,EV-ADAM-010 | EV-ADAM-011 | EV-ADAM-020 | EV-ADAM-021 | EV-ADAM-022 | EV-ADAM-023 | EV-ADAM-024 | EV-ADAM-040 | EV-ADAM-041 | EV-ADAM-042 | EV-ADAM-050 | EV-ADAM-051 | EV-ADAM-052 | EV-ADAM-053 | EV-ADAM-054 | EV-ADAM-055 | EV-ADAM-080 | EV-ADAM-081 | EV-ADAM-082 | EV-ADAM-090 | EV-ADAM-091 | EV-ADAM-099,RQ-ADAM-007 | RQ-ADAM-008 | RQ-ADAM-009 | RQ-ADAM-010 | RQ-ADAM-011 | RQ-ADAM-012 | RQ-ADAM-015 | RQ-ADAM-016 | RQ-ADAM-017 | RQ-ADAM-018 | RQ-ADAM-019 | RQ-ADAM-020 | RQ-ADAM-028 | RQ-ADAM-029 | RQ-ADAM-030 | RQ-ADAM-032,,,,,
adam_report_candidate_1de7a44e36c59ba7187b416b,36e6d012c4212ab5ad9b6da1,SRC-TAFSIR-IBN-ABI-HATIM-ADAM,8658,shamela://local/5ac170a3045185ccf78e81ebd473cafb8069279b898836fd768c78de76a3d8e5/book/8658/volume/1/page/73?database_sha256=72fa72e670a63139b624db32c1e3752a5b3d10c862b3245339d4eadd5995f23a&segment_id=63,UNCLASSIFIED_SOURCE_PASSAGE_CANDIDATE,PRE_BOUNDARY_OR_NOT_APPLICABLE,WAHB_IBN_MUNABBIH,NO_ISNAD_PREFIX_DETECTED,0,EV-ADAM-010 | EV-ADAM-011 | EV-ADAM-020 | EV-ADAM-021 | EV-ADAM-022 | EV-ADAM-023 | EV-ADAM-024 | EV-ADAM-040 | EV-ADAM-041 | EV-ADAM-042 | EV-ADAM-050 | EV-ADAM-051 | EV-ADAM-052 | EV-ADAM-053 | EV-ADAM-054 | EV-ADAM-055 | EV-ADAM-080 | EV-ADAM-081 | EV-ADAM-082 | EV-ADAM-090 | EV-ADAM-091 | EV-ADAM-099,RQ-ADAM-007 | RQ-ADAM-008 | RQ-ADAM-009 | RQ-ADAM-010 | RQ-ADAM-011 | RQ-ADAM-012 | RQ-ADAM-015 | RQ-ADAM-016 | RQ-ADAM-017 | RQ-ADAM-018 | RQ-ADAM-019 | RQ-ADAM-020 | RQ-ADAM-028 | RQ-ADAM-029 | RQ-ADAM-030 | RQ-ADAM-032,,,,,
adam_report_candidate_1b36143703b5cf5e552e83a4,36e6d012c4212ab5ad9b6da1,SRC-TAFSIR-IBN-ABI-HATIM-ADAM,8658,shamela://local/5ac170a3045185ccf78e81ebd473cafb8069279b898836fd768c78de76a3d8e5/book/8658/volume/1/page/73?database_sha256=72fa72e670a63139b624db32c1e3752a5b3d10c862b3245339d4eadd5995f23a&segment_id=63,UNCLASSIFIED_SOURCE_PASSAGE_CANDIDATE,PRE_BOUNDARY_OR_NOT_APPLICABLE,WAHB_IBN_MUNABBIH,NO_ISNAD_PREFIX_DETECTED,0,EV-ADAM-010 | EV-ADAM-011 | EV-ADAM-020 | EV-ADAM-021 | EV-ADAM-022 | EV-ADAM-023 | EV-ADAM-024 | EV-ADAM-040 | EV-ADAM-041 | EV-ADAM-042 | EV-ADAM-050 | EV-ADAM-051 | EV-ADAM-052 | EV-ADAM-053 | EV-ADAM-054 | EV-ADAM-055 | EV-ADAM-080 | EV-ADAM-081 | EV-ADAM-082 | EV-ADAM-090 | EV-ADAM-091 | EV-ADAM-099,RQ-ADAM-007 | RQ-ADAM-008 | RQ-ADAM-009 | RQ-ADAM-010 | RQ-ADAM-011 | RQ-ADAM-012 | RQ-ADAM-015 | RQ-ADAM-016 | RQ-ADAM-017 | RQ-ADAM-018 | RQ-ADAM-019 | RQ-ADAM-020 | RQ-ADAM-028 | RQ-ADAM-029 | RQ-ADAM-030 | RQ-ADAM-032,,,,,
adam_report_candidate_9304ffad1f6972bda189db78,36e6d012c4212ab5ad9b6da1,SRC-TAFSIR-IBN-ABI-HATIM-ADAM,8658,shamela://local/5ac170a3045185ccf78e81ebd473cafb8069279b898836fd768c78de76a3d8e5/book/8658/volume/1/page/73?database_sha256=72fa72e670a63139b624db32c1e3752a5b3d10c862b3245339d4eadd5995f23a&segment_id=63,UNCLASSIFIED_SOURCE_PASSAGE_CANDIDATE,PRE_BOUNDARY_OR_NOT_APPLICABLE,WAHB_IBN_MUNABBIH,NO_ISNAD_PREFIX_DETECTED,0,EV-ADAM-010 | EV-ADAM-011 | EV-ADAM-020 | EV-ADAM-021 | EV-ADAM-022 | EV-ADAM-023 | EV-ADAM-024 | EV-ADAM-040 | EV-ADAM-041 | EV-ADAM-042 | EV-ADAM-050 | EV-ADAM-051 | EV-ADAM-052 | EV-ADAM-053 | EV-ADAM-054 | EV-ADAM-055 | EV-ADAM-080 | EV-ADAM-081 | EV-ADAM-082 | EV-ADAM-090 | EV-ADAM-091 | EV-ADAM-099,RQ-ADAM-007 | RQ-ADAM-008 | RQ-ADAM-009 | RQ-ADAM-010 | RQ-ADAM-011 | RQ-ADAM-012 | RQ-ADAM-015 | RQ-ADAM-016 | RQ-ADAM-017 | RQ-ADAM-018 | RQ-ADAM-019 | RQ-ADAM-020 | RQ-ADAM-028 | RQ-ADAM-029 | RQ-ADAM-030 | RQ-ADAM-032,,,,,
adam_report_candidate_94330989d07b30aeaae2b540,36e6d012c4212ab5ad9b6da1,SRC-TAFSIR-IBN-ABI-HATIM-ADAM,8658,shamela://local/5ac170a3045185ccf78e81ebd473cafb8069279b898836fd768c78de76a3d8e5/book/8658/volume/1/page/74?database_sha256=72fa72e670a63139b624db32c1e3752a5b3d10c862b3245339d4eadd5995f23a&segment_id=64,UNCLASSIFIED_SOURCE_PASSAGE_CANDIDATE,PRE_BOUNDARY_OR_NOT_APPLICABLE,WAHB_IBN_MUNABBIH,NO_ISNAD_PREFIX_DETECTED,0,EV-ADAM-010 | EV-ADAM-011 | EV-ADAM-020 | EV-ADAM-021 | EV-ADAM-022 | EV-ADAM-023 | EV-ADAM-024 | EV-ADAM-040 | EV-ADAM-041 | EV-ADAM-042 | EV-ADAM-050 | EV-ADAM-051 | EV-ADAM-052 | EV-ADAM-053 | EV-ADAM-054 | EV-ADAM-055 | EV-ADAM-080 | EV-ADAM-081 | EV-ADAM-082 | EV-ADAM-090 | EV-ADAM-091 | EV-ADAM-099,RQ-ADAM-007 | RQ-ADAM-008 | RQ-ADAM-009 | RQ-ADAM-010 | RQ-ADAM-011 | RQ-ADAM-012 | RQ-ADAM-015 | RQ-ADAM-016 | RQ-ADAM-017 | RQ-ADAM-018 | RQ-ADAM-019 | RQ-ADAM-020 | RQ-ADAM-028 | RQ-ADAM-029 | RQ-ADAM-030 | RQ-ADAM-032,,,,,
adam_report_candidate_07eb4e4259ede18e8a0ae341,36e6d012c4212ab5ad9b6da1,SRC-TAFSIR-IBN-ABI-HATIM-ADAM,8658,shamela://local/5ac170a3045185ccf78e81ebd473cafb8069279b898836fd768c78de76a3d8e5/book/8658/volume/1/page/75?database_sha256=72fa72e670a63139b624db32c1e3752a5b3d10c862b3245339d4eadd5995f23a&segment_id=65,UNCLASSIFIED_SOURCE_PASSAGE_CANDIDATE,PRE_BOUNDARY_OR_NOT_APPLICABLE,WAHB_IBN_MUNABBIH,NO_ISNAD_PREFIX_DETECTED,0,EV-ADAM-010 | EV-ADAM-011 | EV-ADAM-020 | EV-ADAM-021 | EV-ADAM-022 | EV-ADAM-023 | EV-ADAM-024 | EV-ADAM-040 | EV-ADAM-041 | EV-ADAM-042 | EV-ADAM-050 | EV-ADAM-051 | EV-ADAM-052 | EV-ADAM-053 | EV-ADAM-054 | EV-ADAM-055 | EV-ADAM-080 | EV-ADAM-081 | EV-ADAM-082 | EV-ADAM-090 | EV-ADAM-091 | EV-ADAM-099,RQ-ADAM-007 | RQ-ADAM-008 | RQ-ADAM-009 | RQ-ADAM-010 | RQ-ADAM-011 | RQ-ADAM-012 | RQ-ADAM-015 | RQ-ADAM-016 | RQ-ADAM-017 | RQ-ADAM-018 | RQ-ADAM-019 | RQ-ADAM-020 | RQ-ADAM-028 | RQ-ADAM-029 | RQ-ADAM-030 | RQ-ADAM-032,,,,,
adam_report_candidate_134fc623f992592497c35815,36e6d012c4212ab5ad9b6da1,SRC-TAFSIR-IBN-ABI-HATIM-ADAM,8658,shamela://local/5ac170a3045185ccf78e81ebd473cafb8069279b898836fd768c78de76a3d8e5/book/8658/volume/1/page/75?database_sha256=72fa72e670a63139b624db32c1e3752a5b3d10c862b3245339d4eadd5995f23a&segment_id=65,UNCLASSIFIED_SOURCE_PASSAGE_CANDIDATE,PRE_BOUNDARY_OR_NOT_APPLICABLE,WAHB_IBN_MUNABBIH,NO_ISNAD_PREFIX_DETECTED,0,EV-ADAM-010 | EV-ADAM-011 | EV-ADAM-020 | EV-ADAM-021 | EV-ADAM-022 | EV-ADAM-023 | EV-ADAM-024 | EV-ADAM-040 | EV-ADAM-041 | EV-ADAM-042 | EV-ADAM-050 | EV-ADAM-051 | EV-ADAM-052 | EV-ADAM-053 | EV-ADAM-054 | EV-ADAM-055 | EV-ADAM-080 | EV-ADAM-081 | EV-ADAM-082 | EV-ADAM-090 | EV-ADAM-091 | EV-ADAM-099,RQ-ADAM-007 | RQ-ADAM-008 | RQ-ADAM-009 | RQ-ADAM-010 | RQ-ADAM-011 | RQ-ADAM-012 | RQ-ADAM-015 | RQ-ADAM-016 | RQ-ADAM-017 | RQ-ADAM-018 | RQ-ADAM-019 | RQ-ADAM-020 | RQ-ADAM-028 | RQ-ADAM-029 | RQ-ADAM-030 | RQ-ADAM-032,,,,,
adam_report_candidate_703de6aebf848f152985e864,36e6d012c4212ab5ad9b6da1,SRC-TAFSIR-IBN-ABI-HATIM-ADAM,8658,shamela://local/5ac170a3045185ccf78e81ebd473cafb8069279b898836fd768c78de76a3d8e5/book/8658/volume/1/page/76?database_sha256=72fa72e670a63139b624db32c1e3752a5b3d10c862b3245339d4eadd5995f23a&segment_id=66,PROPHETIC_HADITH_CANDIDATE,PRE_BOUNDARY_OR_NOT_APPLICABLE,WAHB_IBN_MUNABBIH,CANDIDATE_PREFIX_EXTRACTED,1,EV-ADAM-010 | EV-ADAM-011 | EV-ADAM-020 | EV-ADAM-021 | EV-ADAM-022 | EV-ADAM-023 | EV-ADAM-024 | EV-ADAM-040 | EV-ADAM-041 | EV-ADAM-042 | EV-ADAM-050 | EV-ADAM-051 | EV-ADAM-052 | EV-ADAM-053 | EV-ADAM-054 | EV-ADAM-055 | EV-ADAM-080 | EV-ADAM-081 | EV-ADAM-082 | EV-ADAM-090 | EV-ADAM-091 | EV-ADAM-099,RQ-ADAM-007 | RQ-ADAM-008 | RQ-ADAM-009 | RQ-ADAM-010 | RQ-ADAM-011 | RQ-ADAM-012 | RQ-ADAM-015 | RQ-ADAM-016 | RQ-ADAM-017 | RQ-ADAM-018 | RQ-ADAM-019 | RQ-ADAM-020 | RQ-ADAM-028 | RQ-ADAM-029 | RQ-ADAM-030 | RQ-ADAM-032,,,,,
adam_report_candidate_310744321d3e446465184ca2,36e6d012c4212ab5ad9b6da1,SRC-TAFSIR-IBN-ABI-HATIM-ADAM,8658,shamela://local/5ac170a3045185ccf78e81ebd473cafb8069279b898836fd768c78de76a3d8e5/book/8658/volume/1/page/76?database_sha256=72fa72e670a63139b624db32c1e3752a5b3d10c862b3245339d4eadd5995f23a&segment_id=66,EARLY_REPORT_CANDIDATE,PRE_BOUNDARY_OR_NOT_APPLICABLE,WAHB_IBN_MUNABBIH,CANDIDATE_PREFIX_EXTRACTED,1,EV-ADAM-010 | EV-ADAM-011 | EV-ADAM-020 | EV-ADAM-021 | EV-ADAM-022 | EV-ADAM-023 | EV-ADAM-024 | EV-ADAM-040 | EV-ADAM-041 | EV-ADAM-042 | EV-ADAM-050 | EV-ADAM-051 | EV-ADAM-052 | EV-ADAM-053 | EV-ADAM-054 | EV-ADAM-055 | EV-ADAM-080 | EV-ADAM-081 | EV-ADAM-082 | EV-ADAM-090 | EV-ADAM-091 | EV-ADAM-099,RQ-ADAM-007 | RQ-ADAM-008 | RQ-ADAM-009 | RQ-ADAM-010 | RQ-ADAM-011 | RQ-ADAM-012 | RQ-ADAM-015 | RQ-ADAM-016 | RQ-ADAM-017 | RQ-ADAM-018 | RQ-ADAM-019 | RQ-ADAM-020 | RQ-ADAM-028 | RQ-ADAM-029 | RQ-ADAM-030 | RQ-ADAM-032,,,,,
adam_report_candidate_b3903eaa0c1b1d329bd08981,36e6d012c4212ab5ad9b6da1,SRC-TAFSIR-IBN-ABI-HATIM-ADAM,8658,shamela://local/5ac170a3045185ccf78e81ebd473cafb8069279b898836fd768c78de76a3d8e5/book/8658/volume/1/page/76?database_sha256=72fa72e670a63139b624db32c1e3752a5b3d10c862b3245339d4eadd5995f23a&segment_id=66,UNCLASSIFIED_SOURCE_PASSAGE_CANDIDATE,PRE_BOUNDARY_OR_NOT_APPLICABLE,WAHB_IBN_MUNABBIH,NO_ISNAD_PREFIX_DETECTED,0,EV-ADAM-010 | EV-ADAM-011 | EV-ADAM-020 | EV-ADAM-021 | EV-ADAM-022 | EV-ADAM-023 | EV-ADAM-024 | EV-ADAM-040 | EV-ADAM-041 | EV-ADAM-042 | EV-ADAM-050 | EV-ADAM-051 | EV-ADAM-052 | EV-ADAM-053 | EV-ADAM-054 | EV-ADAM-055 | EV-ADAM-080 | EV-ADAM-081 | EV-ADAM-082 | EV-ADAM-090 | EV-ADAM-091 | EV-ADAM-099,RQ-ADAM-007 | RQ-ADAM-008 | RQ-ADAM-009 | RQ-ADAM-010 | RQ-ADAM-011 | RQ-ADAM-012 | RQ-ADAM-015 | RQ-ADAM-016 | RQ-ADAM-017 | RQ-ADAM-018 | RQ-ADAM-019 | RQ-ADAM-020 | RQ-ADAM-028 | RQ-ADAM-029 | RQ-ADAM-030 | RQ-ADAM-032,,,,,
adam_report_candidate_e034335233e4b0659a43e5a4,36e6d012c4212ab5ad9b6da1,SRC-TAFSIR-IBN-ABI-HATIM-ADAM,8658,shamela://local/5ac170a3045185ccf78e81ebd473cafb8069279b898836fd768c78de76a3d8e5/book/8658/volume/1/page/77?database_sha256=72fa72e670a63139b624db32c1e3752a5b3d10c862b3245339d4eadd5995f23a&segment_id=67,EARLY_REPORT_CANDIDATE,PRE_BOUNDARY_OR_NOT_APPLICABLE,WAHB_IBN_MUNABBIH,NO_ISNAD_PREFIX_DETECTED,1,EV-ADAM-010 | EV-ADAM-011 | EV-ADAM-020 | EV-ADAM-021 | EV-ADAM-022 | EV-ADAM-023 | EV-ADAM-024 | EV-ADAM-040 | EV-ADAM-041 | EV-ADAM-042 | EV-ADAM-050 | EV-ADAM-051 | EV-ADAM-052 | EV-ADAM-053 | EV-ADAM-054 | EV-ADAM-055 | EV-ADAM-080 | EV-ADAM-081 | EV-ADAM-082 | EV-ADAM-090 | EV-ADAM-091 | EV-ADAM-099,RQ-ADAM-007 | RQ-ADAM-008 | RQ-ADAM-009 | RQ-ADAM-010 | RQ-ADAM-011 | RQ-ADAM-012 | RQ-ADAM-015 | RQ-ADAM-016 | RQ-ADAM-017 | RQ-ADAM-018 | RQ-ADAM-019 | RQ-ADAM-020 | RQ-ADAM-028 | RQ-ADAM-029 | RQ-ADAM-030 | RQ-ADAM-032,,,,,
adam_report_candidate_1fc30c152460e08e9fbb6f72,36e6d012c4212ab5ad9b6da1,SRC-TAFSIR-IBN-ABI-HATIM-ADAM,8658,shamela://local/5ac170a3045185ccf78e81ebd473cafb8069279b898836fd768c78de76a3d8e5/book/8658/volume/1/page/78?database_sha256=72fa72e670a63139b624db32c1e3752a5b3d10c862b3245339d4eadd5995f23a&segment_id=68,EARLY_REPORT_CANDIDATE,PRE_BOUNDARY_OR_NOT_APPLICABLE,WAHB_IBN_MUNABBIH,NO_ISNAD_PREFIX_DETECTED,3,EV-ADAM-010 | EV-ADAM-011 | EV-ADAM-020 | EV-ADAM-021 | EV-ADAM-022 | EV-ADAM-023 | EV-ADAM-024 | EV-ADAM-040 | EV-ADAM-041 | EV-ADAM-042 | EV-ADAM-050 | EV-ADAM-051 | EV-ADAM-052 | EV-ADAM-053 | EV-ADAM-054 | EV-ADAM-055 | EV-ADAM-080 | EV-ADAM-081 | EV-ADAM-082 | EV-ADAM-090 | EV-ADAM-091 | EV-ADAM-099,RQ-ADAM-007 | RQ-ADAM-008 | RQ-ADAM-009 | RQ-ADAM-010 | RQ-ADAM-011 | RQ-ADAM-012 | RQ-ADAM-015 | RQ-ADAM-016 | RQ-ADAM-017 | RQ-ADAM-018 | RQ-ADAM-019 | RQ-ADAM-020 | RQ-ADAM-028 | RQ-ADAM-029 | RQ-ADAM-030 | RQ-ADAM-032,,,,,
adam_report_candidate_e6615a55e34579afb2d70d94,36e6d012c4212ab5ad9b6da1,SRC-TAFSIR-IBN-ABI-HATIM-ADAM,8658,shamela://local/5ac170a3045185ccf78e81ebd473cafb8069279b898836fd768c78de76a3d8e5/book/8658/volume/1/page/79?database_sha256=72fa72e670a63139b624db32c1e3752a5b3d10c862b3245339d4eadd5995f23a&segment_id=69,UNCLASSIFIED_SOURCE_PASSAGE_CANDIDATE,PRE_BOUNDARY_OR_NOT_APPLICABLE,WAHB_IBN_MUNABBIH,NO_ISNAD_PREFIX_DETECTED,0,EV-ADAM-010 | EV-ADAM-011 | EV-ADAM-020 | EV-ADAM-021 | EV-ADAM-022 | EV-ADAM-023 | EV-ADAM-024 | EV-ADAM-040 | EV-ADAM-041 | EV-ADAM-042 | EV-ADAM-050 | EV-ADAM-051 | EV-ADAM-052 | EV-ADAM-053 | EV-ADAM-054 | EV-ADAM-055 | EV-ADAM-080 | EV-ADAM-081 | EV-ADAM-082 | EV-ADAM-090 | EV-ADAM-091 | EV-ADAM-099,RQ-ADAM-007 | RQ-ADAM-008 | RQ-ADAM-009 | RQ-ADAM-010 | RQ-ADAM-011 | RQ-ADAM-012 | RQ-ADAM-015 | RQ-ADAM-016 | RQ-ADAM-017 | RQ-ADAM-018 | RQ-ADAM-019 | RQ-ADAM-020 | RQ-ADAM-028 | RQ-ADAM-029 | RQ-ADAM-030 | RQ-ADAM-032,,,,,
adam_report_candidate_51c87814af1d4aa502297183,36e6d012c4212ab5ad9b6da1,SRC-TAFSIR-IBN-ABI-HATIM-ADAM,8658,shamela://local/5ac170a3045185ccf78e81ebd473cafb8069279b898836fd768c78de76a3d8e5/book/8658/volume/1/page/80?database_sha256=72fa72e670a63139b624db32c1e3752a5b3d10c862b3245339d4eadd5995f23a&segment_id=70,UNCLASSIFIED_SOURCE_PASSAGE_CANDIDATE,PRE_BOUNDARY_OR_NOT_APPLICABLE,WAHB_IBN_MUNABBIH,NO_ISNAD_PREFIX_DETECTED,0,EV-ADAM-010 | EV-ADAM-011 | EV-ADAM-020 | EV-ADAM-021 | EV-ADAM-022 | EV-ADAM-023 | EV-ADAM-024 | EV-ADAM-040 | EV-ADAM-041 | EV-ADAM-042 | EV-ADAM-050 | EV-ADAM-051 | EV-ADAM-052 | EV-ADAM-053 | EV-ADAM-054 | EV-ADAM-055 | EV-ADAM-080 | EV-ADAM-081 | EV-ADAM-082 | EV-ADAM-090 | EV-ADAM-091 | EV-ADAM-099,RQ-ADAM-007 | RQ-ADAM-008 | RQ-ADAM-009 | RQ-ADAM-010 | RQ-ADAM-011 | RQ-ADAM-012 | RQ-ADAM-015 | RQ-ADAM-016 | RQ-ADAM-017 | RQ-ADAM-018 | RQ-ADAM-019 | RQ-ADAM-020 | RQ-ADAM-028 | RQ-ADAM-029 | RQ-ADAM-030 | RQ-ADAM-032,,,,,
adam_report_candidate_32c99f684024ca68a031a180,36e6d012c4212ab5ad9b6da1,SRC-TAFSIR-IBN-ABI-HATIM-ADAM,8658,shamela://local/5ac170a3045185ccf78e81ebd473cafb8069279b898836fd768c78de76a3d8e5/book/8658/volume/1/page/80?database_sha256=72fa72e670a63139b624db32c1e3752a5b3d10c862b3245339d4eadd5995f23a&segment_id=70,UNCLASSIFIED_SOURCE_PASSAGE_CANDIDATE,PRE_BOUNDARY_OR_NOT_APPLICABLE,WAHB_IBN_MUNABBIH,NO_ISNAD_PREFIX_DETECTED,0,EV-ADAM-010 | EV-ADAM-011 | EV-ADAM-020 | EV-ADAM-021 | EV-ADAM-022 | EV-ADAM-023 | EV-ADAM-024 | EV-ADAM-040 | EV-ADAM-041 | EV-ADAM-042 | EV-ADAM-050 | EV-ADAM-051 | EV-ADAM-052 | EV-ADAM-053 | EV-ADAM-054 | EV-ADAM-055 | EV-ADAM-080 | EV-ADAM-081 | EV-ADAM-082 | EV-ADAM-090 | EV-ADAM-091 | EV-ADAM-099,RQ-ADAM-007 | RQ-ADAM-008 | RQ-ADAM-009 | RQ-ADAM-010 | RQ-ADAM-011 | RQ-ADAM-012 | RQ-ADAM-015 | RQ-ADAM-016 | RQ-ADAM-017 | RQ-ADAM-018 | RQ-ADAM-019 | RQ-ADAM-020 | RQ-ADAM-028 | RQ-ADAM-029 | RQ-ADAM-030 | RQ-ADAM-032,,,,,
adam_report_candidate_2eaeb6bd646a9dd8444a104a,36e6d012c4212ab5ad9b6da1,SRC-TAFSIR-IBN-ABI-HATIM-ADAM,8658,shamela://local/5ac170a3045185ccf78e81ebd473cafb8069279b898836fd768c78de76a3d8e5/book/8658/volume/1/page/81?database_sha256=72fa72e670a63139b624db32c1e3752a5b3d10c862b3245339d4eadd5995f23a&segment_id=71,EARLY_REPORT_CANDIDATE,PRE_BOUNDARY_OR_NOT_APPLICABLE,WAHB_IBN_MUNABBIH,NO_ISNAD_PREFIX_DETECTED,1,EV-ADAM-010 | EV-ADAM-011 | EV-ADAM-020 | EV-ADAM-021 | EV-ADAM-022 | EV-ADAM-023 | EV-ADAM-024 | EV-ADAM-040 | EV-ADAM-041 | EV-ADAM-042 | EV-ADAM-050 | EV-ADAM-051 | EV-ADAM-052 | EV-ADAM-053 | EV-ADAM-054 | EV-ADAM-055 | EV-ADAM-080 | EV-ADAM-081 | EV-ADAM-082 | EV-ADAM-090 | EV-ADAM-091 | EV-ADAM-099,RQ-ADAM-007 | RQ-ADAM-008 | RQ-ADAM-009 | RQ-ADAM-010 | RQ-ADAM-011 | RQ-ADAM-012 | RQ-ADAM-015 | RQ-ADAM-016 | RQ-ADAM-017 | RQ-ADAM-018 | RQ-ADAM-019 | RQ-ADAM-020 | RQ-ADAM-028 | RQ-ADAM-029 | RQ-ADAM-030 | RQ-ADAM-032,,,,,
adam_report_candidate_9a5875a8ee15bae0ce9f43b6,36e6d012c4212ab5ad9b6da1,SRC-TAFSIR-IBN-ABI-HATIM-ADAM,8658,shamela://local/5ac170a3045185ccf78e81ebd473cafb8069279b898836fd768c78de76a3d8e5/book/8658/volume/1/page/82?database_sha256=72fa72e670a63139b624db32c1e3752a5b3d10c862b3245339d4eadd5995f23a&segment_id=72,UNCLASSIFIED_SOURCE_PASSAGE_CANDIDATE,PRE_BOUNDARY_OR_NOT_APPLICABLE,WAHB_IBN_MUNABBIH,NO_ISNAD_PREFIX_DETECTED,0,EV-ADAM-010 | EV-ADAM-011 | EV-ADAM-020 | EV-ADAM-021 | EV-ADAM-022 | EV-ADAM-023 | EV-ADAM-024 | EV-ADAM-040 | EV-ADAM-041 | EV-ADAM-042 | EV-ADAM-050 | EV-ADAM-051 | EV-ADAM-052 | EV-ADAM-053 | EV-ADAM-054 | EV-ADAM-055 | EV-ADAM-080 | EV-ADAM-081 | EV-ADAM-082 | EV-ADAM-090 | EV-ADAM-091 | EV-ADAM-099,RQ-ADAM-007 | RQ-ADAM-008 | RQ-ADAM-009 | RQ-ADAM-010 | RQ-ADAM-011 | RQ-ADAM-012 | RQ-ADAM-015 | RQ-ADAM-016 | RQ-ADAM-017 | RQ-ADAM-018 | RQ-ADAM-019 | RQ-ADAM-020 | RQ-ADAM-028 | RQ-ADAM-029 | RQ-ADAM-030 | RQ-ADAM-032,,,,,
adam_report_candidate_6ae29c119038c8e1eebd6386,36e6d012c4212ab5ad9b6da1,SRC-TAFSIR-IBN-ABI-HATIM-ADAM,8658,shamela://local/5ac170a3045185ccf78e81ebd473cafb8069279b898836fd768c78de76a3d8e5/book/8658/volume/1/page/82?database_sha256=72fa72e670a63139b624db32c1e3752a5b3d10c862b3245339d4eadd5995f23a&segment_id=72,UNCLASSIFIED_SOURCE_PASSAGE_CANDIDATE,PRE_BOUNDARY_OR_NOT_APPLICABLE,WAHB_IBN_MUNABBIH,NO_ISNAD_PREFIX_DETECTED,0,EV-ADAM-010 | EV-ADAM-011 | EV-ADAM-020 | EV-ADAM-021 | EV-ADAM-022 | EV-ADAM-023 | EV-ADAM-024 | EV-ADAM-040 | EV-ADAM-041 | EV-ADAM-042 | EV-ADAM-050 | EV-ADAM-051 | EV-ADAM-052 | EV-ADAM-053 | EV-ADAM-054 | EV-ADAM-055 | EV-ADAM-080 | EV-ADAM-081 | EV-ADAM-082 | EV-ADAM-090 | EV-ADAM-091 | EV-ADAM-099,RQ-ADAM-007 | RQ-ADAM-008 | RQ-ADAM-009 | RQ-ADAM-010 | RQ-ADAM-011 | RQ-ADAM-012 | RQ-ADAM-015 | RQ-ADAM-016 | RQ-ADAM-017 | RQ-ADAM-018 | RQ-ADAM-019 | RQ-ADAM-020 | RQ-ADAM-028 | RQ-ADAM-029 | RQ-ADAM-030 | RQ-ADAM-032,,,,,
adam_report_candidate_bbb97eed438ade40e0db8711,36e6d012c4212ab5ad9b6da1,SRC-TAFSIR-IBN-ABI-HATIM-ADAM,8658,shamela://local/5ac170a3045185ccf78e81ebd473cafb8069279b898836fd768c78de76a3d8e5/book/8658/volume/1/page/83?database_sha256=72fa72e670a63139b624db32c1e3752a5b3d10c862b3245339d4eadd5995f23a&segment_id=73,UNCLASSIFIED_SOURCE_PASSAGE_CANDIDATE,PRE_BOUNDARY_OR_NOT_APPLICABLE,WAHB_IBN_MUNABBIH,NO_ISNAD_PREFIX_DETECTED,0,EV-ADAM-010 | EV-ADAM-011 | EV-ADAM-020 | EV-ADAM-021 | EV-ADAM-022 | EV-ADAM-023 | EV-ADAM-024 | EV-ADAM-040 | EV-ADAM-041 | EV-ADAM-042 | EV-ADAM-050 | EV-ADAM-051 | EV-ADAM-052 | EV-ADAM-053 | EV-ADAM-054 | EV-ADAM-055 | EV-ADAM-080 | EV-ADAM-081 | EV-ADAM-082 | EV-ADAM-090 | EV-ADAM-091 | EV-ADAM-099,RQ-ADAM-007 | RQ-ADAM-008 | RQ-ADAM-009 | RQ-ADAM-010 | RQ-ADAM-011 | RQ-ADAM-012 | RQ-ADAM-015 | RQ-ADAM-016 | RQ-ADAM-017 | RQ-ADAM-018 | RQ-ADAM-019 | RQ-ADAM-020 | RQ-ADAM-028 | RQ-ADAM-029 | RQ-ADAM-030 | RQ-ADAM-032,,,,,
adam_report_candidate_0da34dcceab6b75b4a65be0a,36e6d012c4212ab5ad9b6da1,SRC-TAFSIR-IBN-ABI-HATIM-ADAM,8658,shamela://local/5ac170a3045185ccf78e81ebd473cafb8069279b898836fd768c78de76a3d8e5/book/8658/volume/1/page/83?database_sha256=72fa72e670a63139b624db32c1e3752a5b3d10c862b3245339d4eadd5995f23a&segment_id=73,UNCLASSIFIED_SOURCE_PASSAGE_CANDIDATE,PRE_BOUNDARY_OR_NOT_APPLICABLE,WAHB_IBN_MUNABBIH,NO_ISNAD_PREFIX_DETECTED,0,EV-ADAM-010 | EV-ADAM-011 | EV-ADAM-020 | EV-ADAM-021 | EV-ADAM-022 | EV-ADAM-023 | EV-ADAM-024 | EV-ADAM-040 | EV-ADAM-041 | EV-ADAM-042 | EV-ADAM-050 | EV-ADAM-051 | EV-ADAM-052 | EV-ADAM-053 | EV-ADAM-054 | EV-ADAM-055 | EV-ADAM-080 | EV-ADAM-081 | EV-ADAM-082 | EV-ADAM-090 | EV-ADAM-091 | EV-ADAM-099,RQ-ADAM-007 | RQ-ADAM-008 | RQ-ADAM-009 | RQ-ADAM-010 | RQ-ADAM-011 | RQ-ADAM-012 | RQ-ADAM-015 | RQ-ADAM-016 | RQ-ADAM-017 | RQ-ADAM-018 | RQ-ADAM-019 | RQ-ADAM-020 | RQ-ADAM-028 | RQ-ADAM-029 | RQ-ADAM-030 | RQ-ADAM-032,,,,,
adam_report_candidate_9418586e25b04f314e182d5e,36e6d012c4212ab5ad9b6da1,SRC-TAFSIR-IBN-ABI-HATIM-ADAM,8658,shamela://local/5ac170a3045185ccf78e81ebd473cafb8069279b898836fd768c78de76a3d8e5/book/8658/volume/1/page/84?database_sha256=72fa72e670a63139b624db32c1e3752a5b3d10c862b3245339d4eadd5995f23a&segment_id=74,UNCLASSIFIED_SOURCE_PASSAGE_CANDIDATE,PRE_BOUNDARY_OR_NOT_APPLICABLE,WAHB_IBN_MUNABBIH,NO_ISNAD_PREFIX_DETECTED,0,EV-ADAM-010 | EV-ADAM-011 | EV-ADAM-020 | EV-ADAM-021 | EV-ADAM-022 | EV-ADAM-023 | EV-ADAM-024 | EV-ADAM-040 | EV-ADAM-041 | EV-ADAM-042 | EV-ADAM-050 | EV-ADAM-051 | EV-ADAM-052 | EV-ADAM-053 | EV-ADAM-054 | EV-ADAM-055 | EV-ADAM-080 | EV-ADAM-081 | EV-ADAM-082 | EV-ADAM-090 | EV-ADAM-091 | EV-ADAM-099,RQ-ADAM-007 | RQ-ADAM-008 | RQ-ADAM-009 | RQ-ADAM-010 | RQ-ADAM-011 | RQ-ADAM-012 | RQ-ADAM-015 | RQ-ADAM-016 | RQ-ADAM-017 | RQ-ADAM-018 | RQ-ADAM-019 | RQ-ADAM-020 | RQ-ADAM-028 | RQ-ADAM-029 | RQ-ADAM-030 | RQ-ADAM-032,,,,,
adam_report_candidate_03eb1234f4245ecda7fd45e3,36e6d012c4212ab5ad9b6da1,SRC-TAFSIR-IBN-ABI-HATIM-ADAM,8658,shamela://local/5ac170a3045185ccf78e81ebd473cafb8069279b898836fd768c78de76a3d8e5/book/8658/volume/1/page/84?database_sha256=72fa72e670a63139b624db32c1e3752a5b3d10c862b3245339d4eadd5995f23a&segment_id=74,UNCLASSIFIED_SOURCE_PASSAGE_CANDIDATE,PRE_BOUNDARY_OR_NOT_APPLICABLE,WAHB_IBN_MUNABBIH,NO_ISNAD_PREFIX_DETECTED,0,EV-ADAM-010 | EV-ADAM-011 | EV-ADAM-020 | EV-ADAM-021 | EV-ADAM-022 | EV-ADAM-023 | EV-ADAM-024 | EV-ADAM-040 | EV-ADAM-041 | EV-ADAM-042 | EV-ADAM-050 | EV-ADAM-051 | EV-ADAM-052 | EV-ADAM-053 | EV-ADAM-054 | EV-ADAM-055 | EV-ADAM-080 | EV-ADAM-081 | EV-ADAM-082 | EV-ADAM-090 | EV-ADAM-091 | EV-ADAM-099,RQ-ADAM-007 | RQ-ADAM-008 | RQ-ADAM-009 | RQ-ADAM-010 | RQ-ADAM-011 | RQ-ADAM-012 | RQ-ADAM-015 | RQ-ADAM-016 | RQ-ADAM-017 | RQ-ADAM-018 | RQ-ADAM-019 | RQ-ADAM-020 | RQ-ADAM-028 | RQ-ADAM-029 | RQ-ADAM-030 | RQ-ADAM-032,,,,,
adam_report_candidate_1fb24b585fd78f3fff993aca,36e6d012c4212ab5ad9b6da1,SRC-TAFSIR-IBN-ABI-HATIM-ADAM,8658,shamela://local/5ac170a3045185ccf78e81ebd473cafb8069279b898836fd768c78de76a3d8e5/book/8658/volume/1/page/85?database_sha256=72fa72e670a63139b624db32c1e3752a5b3d10c862b3245339d4eadd5995f23a&segment_id=75,EARLY_REPORT_CANDIDATE,PRE_BOUNDARY_OR_NOT_APPLICABLE,WAHB_IBN_MUNABBIH,NO_ISNAD_PREFIX_DETECTED,2,EV-ADAM-010 | EV-ADAM-011 | EV-ADAM-020 | EV-ADAM-021 | EV-ADAM-022 | EV-ADAM-023 | EV-ADAM-024 | EV-ADAM-040 | EV-ADAM-041 | EV-ADAM-042 | EV-ADAM-050 | EV-ADAM-051 | EV-ADAM-052 | EV-ADAM-053 | EV-ADAM-054 | EV-ADAM-055 | EV-ADAM-080 | EV-ADAM-081 | EV-ADAM-082 | EV-ADAM-090 | EV-ADAM-091 | EV-ADAM-099,RQ-ADAM-007 | RQ-ADAM-008 | RQ-ADAM-009 | RQ-ADAM-010 | RQ-ADAM-011 | RQ-ADAM-012 | RQ-ADAM-015 | RQ-ADAM-016 | RQ-ADAM-017 | RQ-ADAM-018 | RQ-ADAM-019 | RQ-ADAM-020 | RQ-ADAM-028 | RQ-ADAM-029 | RQ-ADAM-030 | RQ-ADAM-032,,,,,
adam_report_candidate_55f9000cab90188cb6233981,36e6d012c4212ab5ad9b6da1,SRC-TAFSIR-IBN-ABI-HATIM-ADAM,8658,shamela://local/5ac170a3045185ccf78e81ebd473cafb8069279b898836fd768c78de76a3d8e5/book/8658/volume/1/page/85?database_sha256=72fa72e670a63139b624db32c1e3752a5b3d10c862b3245339d4eadd5995f23a&segment_id=75,UNCLASSIFIED_SOURCE_PASSAGE_CANDIDATE,PRE_BOUNDARY_OR_NOT_APPLICABLE,WAHB_IBN_MUNABBIH,NO_ISNAD_PREFIX_DETECTED,0,EV-ADAM-010 | EV-ADAM-011 | EV-ADAM-020 | EV-ADAM-021 | EV-ADAM-022 | EV-ADAM-023 | EV-ADAM-024 | EV-ADAM-040 | EV-ADAM-041 | EV-ADAM-042 | EV-ADAM-050 | EV-ADAM-051 | EV-ADAM-052 | EV-ADAM-053 | EV-ADAM-054 | EV-ADAM-055 | EV-ADAM-080 | EV-ADAM-081 | EV-ADAM-082 | EV-ADAM-090 | EV-ADAM-091 | EV-ADAM-099,RQ-ADAM-007 | RQ-ADAM-008 | RQ-ADAM-009 | RQ-ADAM-010 | RQ-ADAM-011 | RQ-ADAM-012 | RQ-ADAM-015 | RQ-ADAM-016 | RQ-ADAM-017 | RQ-ADAM-018 | RQ-ADAM-019 | RQ-ADAM-020 | RQ-ADAM-028 | RQ-ADAM-029 | RQ-ADAM-030 | RQ-ADAM-032,,,,,
adam_report_candidate_b5c032de1c5370012be122c5,36e6d012c4212ab5ad9b6da1,SRC-TAFSIR-IBN-ABI-HATIM-ADAM,8658,shamela://local/5ac170a3045185ccf78e81ebd473cafb8069279b898836fd768c78de76a3d8e5/book/8658/volume/1/page/86?database_sha256=72fa72e670a63139b624db32c1e3752a5b3d10c862b3245339d4eadd5995f23a&segment_id=76,EARLY_REPORT_CANDIDATE,PRE_BOUNDARY_OR_NOT_APPLICABLE,WAHB_IBN_MUNABBIH,NO_ISNAD_PREFIX_DETECTED,2,EV-ADAM-010 | EV-ADAM-011 | EV-ADAM-020 | EV-ADAM-021 | EV-ADAM-022 | EV-ADAM-023 | EV-ADAM-024 | EV-ADAM-040 | EV-ADAM-041 | EV-ADAM-042 | EV-ADAM-050 | EV-ADAM-051 | EV-ADAM-052 | EV-ADAM-053 | EV-ADAM-054 | EV-ADAM-055 | EV-ADAM-080 | EV-ADAM-081 | EV-ADAM-082 | EV-ADAM-090 | EV-ADAM-091 | EV-ADAM-099,RQ-ADAM-007 | RQ-ADAM-008 | RQ-ADAM-009 | RQ-ADAM-010 | RQ-ADAM-011 | RQ-ADAM-012 | RQ-ADAM-015 | RQ-ADAM-016 | RQ-ADAM-017 | RQ-ADAM-018 | RQ-ADAM-019 | RQ-ADAM-020 | RQ-ADAM-028 | RQ-ADAM-029 | RQ-ADAM-030 | RQ-ADAM-032,,,,,
adam_report_candidate_3df7b5d1ff447cc5c7cf2936,36e6d012c4212ab5ad9b6da1,SRC-TAFSIR-IBN-ABI-HATIM-ADAM,8658,shamela://local/5ac170a3045185ccf78e81ebd473cafb8069279b898836fd768c78de76a3d8e5/book/8658/volume/1/page/87?database_sha256=72fa72e670a63139b624db32c1e3752a5b3d10c862b3245339d4eadd5995f23a&segment_id=77,UNCLASSIFIED_SOURCE_PASSAGE_CANDIDATE,MIXED_BOUNDARY_PRE_SECTION,WAHB_IBN_MUNABBIH,NO_ISNAD_PREFIX_DETECTED,0,EV-ADAM-010 | EV-ADAM-011 | EV-ADAM-020 | EV-ADAM-021 | EV-ADAM-022 | EV-ADAM-023 | EV-ADAM-024 | EV-ADAM-040 | EV-ADAM-041 | EV-ADAM-042 | EV-ADAM-050 | EV-ADAM-051 | EV-ADAM-052 | EV-ADAM-053 | EV-ADAM-054 | EV-ADAM-055 | EV-ADAM-080 | EV-ADAM-081 | EV-ADAM-082 | EV-ADAM-090 | EV-ADAM-091 | EV-ADAM-099,RQ-ADAM-007 | RQ-ADAM-008 | RQ-ADAM-009 | RQ-ADAM-010 | RQ-ADAM-011 | RQ-ADAM-012 | RQ-ADAM-015 | RQ-ADAM-016 | RQ-ADAM-017 | RQ-ADAM-018 | RQ-ADAM-019 | RQ-ADAM-020 | RQ-ADAM-028 | RQ-ADAM-029 | RQ-ADAM-030 | RQ-ADAM-032,,,,,
adam_report_candidate_57b7de481af6ec1efb31f1be,30690c525905a898ea4bdd81,SRC-TAFSIR-IBN-ABI-HATIM-ADAM,8658,shamela://local/5ac170a3045185ccf78e81ebd473cafb8069279b898836fd768c78de76a3d8e5/book/8658/volume/5/page/1447?database_sha256=72fa72e670a63139b624db32c1e3752a5b3d10c862b3245339d4eadd5995f23a&segment_id=1437,EARLY_REPORT_CANDIDATE,PRE_BOUNDARY_OR_NOT_APPLICABLE,WAHB_IBN_MUNABBIH,NO_ISNAD_PREFIX_DETECTED,2,EV-ADAM-080 | EV-ADAM-081 | EV-ADAM-082 | EV-ADAM-090 | EV-ADAM-091 | EV-ADAM-099,RQ-ADAM-028 | RQ-ADAM-029 | RQ-ADAM-030 | RQ-ADAM-032,,,,,
adam_report_candidate_2354361186fd14507efe940a,30690c525905a898ea4bdd81,SRC-TAFSIR-IBN-ABI-HATIM-ADAM,8658,shamela://local/5ac170a3045185ccf78e81ebd473cafb8069279b898836fd768c78de76a3d8e5/book/8658/volume/5/page/1447?database_sha256=72fa72e670a63139b624db32c1e3752a5b3d10c862b3245339d4eadd5995f23a&segment_id=1437,EARLY_REPORT_CANDIDATE,PRE_BOUNDARY_OR_NOT_APPLICABLE,WAHB_IBN_MUNABBIH,NO_ISNAD_PREFIX_DETECTED,2,EV-ADAM-080 | EV-ADAM-081 | EV-ADAM-082 | EV-ADAM-090 | EV-ADAM-091 | EV-ADAM-099,RQ-ADAM-028 | RQ-ADAM-029 | RQ-ADAM-030 | RQ-ADAM-032,,,,,
adam_report_candidate_0ec18213dc12146e8e3f20f0,30690c525905a898ea4bdd81,SRC-TAFSIR-IBN-ABI-HATIM-ADAM,8658,shamela://local/5ac170a3045185ccf78e81ebd473cafb8069279b898836fd768c78de76a3d8e5/book/8658/volume/5/page/1447?database_sha256=72fa72e670a63139b624db32c1e3752a5b3d10c862b3245339d4eadd5995f23a&segment_id=1437,EARLY_REPORT_CANDIDATE,PRE_BOUNDARY_OR_NOT_APPLICABLE,WAHB_IBN_MUNABBIH,NO_ISNAD_PREFIX_DETECTED,5,EV-ADAM-080 | EV-ADAM-081 | EV-ADAM-082 | EV-ADAM-090 | EV-ADAM-091 | EV-ADAM-099,RQ-ADAM-028 | RQ-ADAM-029 | RQ-ADAM-030 | RQ-ADAM-032,,,,,
adam_report_candidate_ea14269400f6cb4eb5468b93,30690c525905a898ea4bdd81,SRC-TAFSIR-IBN-ABI-HATIM-ADAM,8658,shamela://local/5ac170a3045185ccf78e81ebd473cafb8069279b898836fd768c78de76a3d8e5/book/8658/volume/5/page/1447?database_sha256=72fa72e670a63139b624db32c1e3752a5b3d10c862b3245339d4eadd5995f23a&segment_id=1437,EARLY_REPORT_CANDIDATE,PRE_BOUNDARY_OR_NOT_APPLICABLE,WAHB_IBN_MUNABBIH,NO_ISNAD_PREFIX_DETECTED,9,EV-ADAM-080 | EV-ADAM-081 | EV-ADAM-082 | EV-ADAM-090 | EV-ADAM-091 | EV-ADAM-099,RQ-ADAM-028 | RQ-ADAM-029 | RQ-ADAM-030 | RQ-ADAM-032,,,,,
adam_report_candidate_c661cb83d8d75bf78f1278ed,30690c525905a898ea4bdd81,SRC-TAFSIR-IBN-ABI-HATIM-ADAM,8658,shamela://local/5ac170a3045185ccf78e81ebd473cafb8069279b898836fd768c78de76a3d8e5/book/8658/volume/5/page/1448?database_sha256=72fa72e670a63139b624db32c1e3752a5b3d10c862b3245339d4eadd5995f23a&segment_id=1438,EARLY_REPORT_CANDIDATE,PRE_BOUNDARY_OR_NOT_APPLICABLE,WAHB_IBN_MUNABBIH,NO_ISNAD_PREFIX_DETECTED,9,EV-ADAM-080 | EV-ADAM-081 | EV-ADAM-082 | EV-ADAM-090 | EV-ADAM-091 | EV-ADAM-099,RQ-ADAM-028 | RQ-ADAM-029 | RQ-ADAM-030 | RQ-ADAM-032,,,,,
adam_report_candidate_e065498b8349a0132756f9c1,30690c525905a898ea4bdd81,SRC-TAFSIR-IBN-ABI-HATIM-ADAM,8658,shamela://local/5ac170a3045185ccf78e81ebd473cafb8069279b898836fd768c78de76a3d8e5/book/8658/volume/5/page/1448?database_sha256=72fa72e670a63139b624db32c1e3752a5b3d10c862b3245339d4eadd5995f23a&segment_id=1438,EARLY_REPORT_CANDIDATE,PRE_BOUNDARY_OR_NOT_APPLICABLE,WAHB_IBN_MUNABBIH,NO_ISNAD_PREFIX_DETECTED,6,EV-ADAM-080 | EV-ADAM-081 | EV-ADAM-082 | EV-ADAM-090 | EV-ADAM-091 | EV-ADAM-099,RQ-ADAM-028 | RQ-ADAM-029 | RQ-ADAM-030 | RQ-ADAM-032,,,,,
adam_report_candidate_3b5311b5f3749b468e5c45e1,30690c525905a898ea4bdd81,SRC-TAFSIR-IBN-ABI-HATIM-ADAM,8658,shamela://local/5ac170a3045185ccf78e81ebd473cafb8069279b898836fd768c78de76a3d8e5/book/8658/volume/5/page/1448?database_sha256=72fa72e670a63139b624db32c1e3752a5b3d10c862b3245339d4eadd5995f23a&segment_id=1438,UNCLASSIFIED_SOURCE_PASSAGE_CANDIDATE,PRE_BOUNDARY_OR_NOT_APPLICABLE,WAHB_IBN_MUNABBIH,NO_ISNAD_PREFIX_DETECTED,0,EV-ADAM-080 | EV-ADAM-081 | EV-ADAM-082 | EV-ADAM-090 | EV-ADAM-091 | EV-ADAM-099,RQ-ADAM-028 | RQ-ADAM-029 | RQ-ADAM-030 | RQ-ADAM-032,,,,,
adam_report_candidate_131306799021d1dff30bd2c0,30690c525905a898ea4bdd81,SRC-TAFSIR-IBN-ABI-HATIM-ADAM,8658,shamela://local/5ac170a3045185ccf78e81ebd473cafb8069279b898836fd768c78de76a3d8e5/book/8658/volume/5/page/1449?database_sha256=72fa72e670a63139b624db32c1e3752a5b3d10c862b3245339d4eadd5995f23a&segment_id=1439,EARLY_REPORT_CANDIDATE,PRE_BOUNDARY_OR_NOT_APPLICABLE,WAHB_IBN_MUNABBIH,NO_ISNAD_PREFIX_DETECTED,5,EV-ADAM-080 | EV-ADAM-081 | EV-ADAM-082 | EV-ADAM-090 | EV-ADAM-091 | EV-ADAM-099,RQ-ADAM-028 | RQ-ADAM-029 | RQ-ADAM-030 | RQ-ADAM-032,,,,,
adam_report_candidate_78340b412ca17a261d5db864,30690c525905a898ea4bdd81,SRC-TAFSIR-IBN-ABI-HATIM-ADAM,8658,shamela://local/5ac170a3045185ccf78e81ebd473cafb8069279b898836fd768c78de76a3d8e5/book/8658/volume/5/page/1449?database_sha256=72fa72e670a63139b624db32c1e3752a5b3d10c862b3245339d4eadd5995f23a&segment_id=1439,EARLY_REPORT_CANDIDATE,PRE_BOUNDARY_OR_NOT_APPLICABLE,WAHB_IBN_MUNABBIH,NO_ISNAD_PREFIX_DETECTED,3,EV-ADAM-080 | EV-ADAM-081 | EV-ADAM-082 | EV-ADAM-090 | EV-ADAM-091 | EV-ADAM-099,RQ-ADAM-028 | RQ-ADAM-029 | RQ-ADAM-030 | RQ-ADAM-032,,,,,
adam_report_candidate_0e334a276bb568eedc26d2cb,30690c525905a898ea4bdd81,SRC-TAFSIR-IBN-ABI-HATIM-ADAM,8658,shamela://local/5ac170a3045185ccf78e81ebd473cafb8069279b898836fd768c78de76a3d8e5/book/8658/volume/5/page/1450?database_sha256=72fa72e670a63139b624db32c1e3752a5b3d10c862b3245339d4eadd5995f23a&segment_id=1440,UNCLASSIFIED_SOURCE_PASSAGE_CANDIDATE,MIXED_BOUNDARY_PRE_SECTION,WAHB_IBN_MUNABBIH,NO_ISNAD_PREFIX_DETECTED,0,EV-ADAM-080 | EV-ADAM-081 | EV-ADAM-082 | EV-ADAM-090 | EV-ADAM-091 | EV-ADAM-099,RQ-ADAM-028 | RQ-ADAM-029 | RQ-ADAM-030 | RQ-ADAM-032,,,,,
adam_report_candidate_4f685decdefde46e3e6879ea,aac3657c3396a95405ac97ab,SRC-TAFSIR-IBN-ABI-HATIM-ADAM,8658,shamela://local/5ac170a3045185ccf78e81ebd473cafb8069279b898836fd768c78de76a3d8e5/book/8658/volume/11/page/27?database_sha256=72fa72e670a63139b624db32c1e3752a5b3d10c862b3245339d4eadd5995f23a&segment_id=3491,UNCLASSIFIED_SOURCE_PASSAGE_CANDIDATE,PRE_BOUNDARY_OR_NOT_APPLICABLE,,NO_ISNAD_PREFIX_DETECTED,0,,,,,,,
adam_report_candidate_23f759e9f59232d72c279082,aac3657c3396a95405ac97ab,SRC-TAFSIR-IBN-ABI-HATIM-ADAM,8658,shamela://local/5ac170a3045185ccf78e81ebd473cafb8069279b898836fd768c78de76a3d8e5/book/8658/volume/11/page/28?database_sha256=72fa72e670a63139b624db32c1e3752a5b3d10c862b3245339d4eadd5995f23a&segment_id=3492,PROPHETIC_HADITH_CANDIDATE,PRE_BOUNDARY_OR_NOT_APPLICABLE,,CANDIDATE_PREFIX_EXTRACTED,1,,,,,,,
adam_report_candidate_7a4cbfd243bc5a06b22d8179,aac3657c3396a95405ac97ab,SRC-TAFSIR-IBN-ABI-HATIM-ADAM,8658,shamela://local/5ac170a3045185ccf78e81ebd473cafb8069279b898836fd768c78de76a3d8e5/book/8658/volume/11/page/29?database_sha256=72fa72e670a63139b624db32c1e3752a5b3d10c862b3245339d4eadd5995f23a&segment_id=3493,PROPHETIC_HADITH_CANDIDATE,PRE_BOUNDARY_OR_NOT_APPLICABLE,,CANDIDATE_PREFIX_EXTRACTED,0,,,,,,,
adam_report_candidate_7d9e79052f9780186cb8805c,aac3657c3396a95405ac97ab,SRC-TAFSIR-IBN-ABI-HATIM-ADAM,8658,shamela://local/5ac170a3045185ccf78e81ebd473cafb8069279b898836fd768c78de76a3d8e5/book/8658/volume/11/page/30?database_sha256=72fa72e670a63139b624db32c1e3752a5b3d10c862b3245339d4eadd5995f23a&segment_id=3494,EARLY_REPORT_CANDIDATE,PRE_BOUNDARY_OR_NOT_APPLICABLE,,NO_ISNAD_PREFIX_DETECTED,1,,,,,,,
adam_report_candidate_2401616d969252224ee7a3b9,aac3657c3396a95405ac97ab,SRC-TAFSIR-IBN-ABI-HATIM-ADAM,8658,shamela://local/5ac170a3045185ccf78e81ebd473cafb8069279b898836fd768c78de76a3d8e5/book/8658/volume/11/page/30?database_sha256=72fa72e670a63139b624db32c1e3752a5b3d10c862b3245339d4eadd5995f23a&segment_id=3494,EARLY_REPORT_CANDIDATE,PRE_BOUNDARY_OR_NOT_APPLICABLE,WAHB_IBN_MUNABBIH,CANDIDATE_PREFIX_EXTRACTED,2,,,,,,,
adam_report_candidate_90763bfdedd94cfd21d293cf,aac3657c3396a95405ac97ab,SRC-TAFSIR-IBN-ABI-HATIM-ADAM,8658,shamela://local/5ac170a3045185ccf78e81ebd473cafb8069279b898836fd768c78de76a3d8e5/book/8658/volume/11/page/31?database_sha256=72fa72e670a63139b624db32c1e3752a5b3d10c862b3245339d4eadd5995f23a&segment_id=3495,EARLY_REPORT_CANDIDATE,PRE_BOUNDARY_OR_NOT_APPLICABLE,,NO_ISNAD_PREFIX_DETECTED,2,,,,,,,
adam_report_candidate_bbc2649149afe8b591493331,aac3657c3396a95405ac97ab,SRC-TAFSIR-IBN-ABI-HATIM-ADAM,8658,shamela://local/5ac170a3045185ccf78e81ebd473cafb8069279b898836fd768c78de76a3d8e5/book/8658/volume/11/page/32?database_sha256=72fa72e670a63139b624db32c1e3752a5b3d10c862b3245339d4eadd5995f23a&segment_id=3496,PROPHETIC_HADITH_CANDIDATE,PRE_BOUNDARY_OR_NOT_APPLICABLE,,CANDIDATE_PREFIX_EXTRACTED,2,,,,,,,
adam_report_candidate_ec30be2bdc14f53e12c7b4a3,aac3657c3396a95405ac97ab,SRC-TAFSIR-IBN-ABI-HATIM-ADAM,8658,shamela://local/5ac170a3045185ccf78e81ebd473cafb8069279b898836fd768c78de76a3d8e5/book/8658/volume/11/page/3390?database_sha256=72fa72e670a63139b624db32c1e3752a5b3d10c862b3245339d4eadd5995f23a&segment_id=3497,UNCLASSIFIED_SOURCE_PASSAGE_CANDIDATE,PRE_BOUNDARY_OR_NOT_APPLICABLE,,NO_ISNAD_PREFIX_DETECTED,0,,,,,,,
adam_report_candidate_b992b2e9ec0834e86fa87346,aac3657c3396a95405ac97ab,SRC-TAFSIR-IBN-ABI-HATIM-ADAM,8658,shamela://local/5ac170a3045185ccf78e81ebd473cafb8069279b898836fd768c78de76a3d8e5/book/8658/volume/11/page/3390?database_sha256=72fa72e670a63139b624db32c1e3752a5b3d10c862b3245339d4eadd5995f23a&segment_id=3497,PROPHETIC_HADITH_CANDIDATE,PRE_BOUNDARY_OR_NOT_APPLICABLE,,CANDIDATE_PREFIX_EXTRACTED,1,,,,,,,
adam_report_candidate_ba59b93d1748772e83d7b7d5,aac3657c3396a95405ac97ab,SRC-TAFSIR-IBN-ABI-HATIM-ADAM,8658,shamela://local/5ac170a3045185ccf78e81ebd473cafb8069279b898836fd768c78de76a3d8e5/book/8658/volume/11/page/3390?database_sha256=72fa72e670a63139b624db32c1e3752a5b3d10c862b3245339d4eadd5995f23a&segment_id=3497,PROPHETIC_HADITH_CANDIDATE,PRE_BOUNDARY_OR_NOT_APPLICABLE,,CANDIDATE_PREFIX_EXTRACTED,1,,,,,,,
adam_report_candidate_5811a63b836ee9584e13932b,d368f80616cf6599c0096881,SRC-TAFSIR-IBN-ABI-HATIM-ADAM,8658,shamela://local/5ac170a3045185ccf78e81ebd473cafb8069279b898836fd768c78de76a3d8e5/book/8658/volume/12/page/638?database_sha256=72fa72e670a63139b624db32c1e3752a5b3d10c862b3245339d4eadd5995f23a&segment_id=4094,EARLY_REPORT_CANDIDATE,PRE_BOUNDARY_OR_NOT_APPLICABLE,,NO_ISNAD_PREFIX_DETECTED,1,,,,,,,
adam_report_candidate_a2e76b240a1fddbc6fed8b1a,d368f80616cf6599c0096881,SRC-TAFSIR-IBN-ABI-HATIM-ADAM,8658,shamela://local/5ac170a3045185ccf78e81ebd473cafb8069279b898836fd768c78de76a3d8e5/book/8658/volume/12/page/639?database_sha256=72fa72e670a63139b624db32c1e3752a5b3d10c862b3245339d4eadd5995f23a&segment_id=4095,UNCLASSIFIED_SOURCE_PASSAGE_CANDIDATE,PRE_BOUNDARY_OR_NOT_APPLICABLE,,NO_ISNAD_PREFIX_DETECTED,0,,,,,,,
adam_report_candidate_7dbf3a23b385495c4dfba259,d368f80616cf6599c0096881,SRC-TAFSIR-IBN-ABI-HATIM-ADAM,8658,shamela://local/5ac170a3045185ccf78e81ebd473cafb8069279b898836fd768c78de76a3d8e5/book/8658/volume/12/page/640?database_sha256=72fa72e670a63139b624db32c1e3752a5b3d10c862b3245339d4eadd5995f23a&segment_id=4096,UNCLASSIFIED_SOURCE_PASSAGE_CANDIDATE,PRE_BOUNDARY_OR_NOT_APPLICABLE,,NO_ISNAD_PREFIX_DETECTED,0,,,,,,,
adam_report_candidate_114b3240b4037b6348ab6e86,654e3a6f1897e0ccb4fcee7e,SRC-TAFSIR-IBN-ABI-HATIM-ADAM,8658,shamela://local/5ac170a3045185ccf78e81ebd473cafb8069279b898836fd768c78de76a3d8e5/book/8658/volume/7/page/2333?database_sha256=72fa72e670a63139b624db32c1e3752a5b3d10c862b3245339d4eadd5995f23a&segment_id=2323,UNCLASSIFIED_SOURCE_PASSAGE_CANDIDATE,PRE_BOUNDARY_OR_NOT_APPLICABLE,,NO_ISNAD_PREFIX_DETECTED,0,EV-ADAM-050 | EV-ADAM-051 | EV-ADAM-052 | EV-ADAM-053 | EV-ADAM-054 | EV-ADAM-055,RQ-ADAM-017 | RQ-ADAM-018 | RQ-ADAM-019 | RQ-ADAM-020,,,,,
adam_report_candidate_33a408750381e753a4502821,654e3a6f1897e0ccb4fcee7e,SRC-TAFSIR-IBN-ABI-HATIM-ADAM,8658,shamela://local/5ac170a3045185ccf78e81ebd473cafb8069279b898836fd768c78de76a3d8e5/book/8658/volume/7/page/2334?database_sha256=72fa72e670a63139b624db32c1e3752a5b3d10c862b3245339d4eadd5995f23a&segment_id=2324,PROPHETIC_HADITH_CANDIDATE,PRE_BOUNDARY_OR_NOT_APPLICABLE,,CANDIDATE_PREFIX_EXTRACTED,0,EV-ADAM-050 | EV-ADAM-051 | EV-ADAM-052 | EV-ADAM-053 | EV-ADAM-054 | EV-ADAM-055,RQ-ADAM-017 | RQ-ADAM-018 | RQ-ADAM-019 | RQ-ADAM-020,,,,,
adam_report_candidate_908cc7cd3bbf3364cd9f1cef,654e3a6f1897e0ccb4fcee7e,SRC-TAFSIR-IBN-ABI-HATIM-ADAM,8658,shamela://local/5ac170a3045185ccf78e81ebd473cafb8069279b898836fd768c78de76a3d8e5/book/8658/volume/7/page/2335?database_sha256=72fa72e670a63139b624db32c1e3752a5b3d10c862b3245339d4eadd5995f23a&segment_id=2325,UNCLASSIFIED_SOURCE_PASSAGE_CANDIDATE,PRE_BOUNDARY_OR_NOT_APPLICABLE,,NO_ISNAD_PREFIX_DETECTED,0,EV-ADAM-050 | EV-ADAM-051 | EV-ADAM-052 | EV-ADAM-053 | EV-ADAM-054 | EV-ADAM-055,RQ-ADAM-017 | RQ-ADAM-018 | RQ-ADAM-019 | RQ-ADAM-020,,,,,
adam_report_candidate_3deac6e96e84a7bcb1d08586,654e3a6f1897e0ccb4fcee7e,SRC-TAFSIR-IBN-ABI-HATIM-ADAM,8658,shamela://local/5ac170a3045185ccf78e81ebd473cafb8069279b898836fd768c78de76a3d8e5/book/8658/volume/7/page/2336?database_sha256=72fa72e670a63139b624db32c1e3752a5b3d10c862b3245339d4eadd5995f23a&segment_id=2326,PROPHETIC_HADITH_CANDIDATE,PRE_BOUNDARY_OR_NOT_APPLICABLE,,CANDIDATE_PREFIX_EXTRACTED,1,EV-ADAM-050 | EV-ADAM-051 | EV-ADAM-052 | EV-ADAM-053 | EV-ADAM-054 | EV-ADAM-055,RQ-ADAM-017 | RQ-ADAM-018 | RQ-ADAM-019 | RQ-ADAM-020,,,,,
adam_report_candidate_ecb54d0faef9b3fb2723d9dd,654e3a6f1897e0ccb4fcee7e,SRC-TAFSIR-IBN-ABI-HATIM-ADAM,8658,shamela://local/5ac170a3045185ccf78e81ebd473cafb8069279b898836fd768c78de76a3d8e5/book/8658/volume/7/page/2337?database_sha256=72fa72e670a63139b624db32c1e3752a5b3d10c862b3245339d4eadd5995f23a&segment_id=2327,UNCLASSIFIED_SOURCE_PASSAGE_CANDIDATE,PRE_BOUNDARY_OR_NOT_APPLICABLE,,NO_ISNAD_PREFIX_DETECTED,0,EV-ADAM-050 | EV-ADAM-051 | EV-ADAM-052 | EV-ADAM-053 | EV-ADAM-054 | EV-ADAM-055,RQ-ADAM-017 | RQ-ADAM-018 | RQ-ADAM-019 | RQ-ADAM-020,,,,,
adam_report_candidate_04c906a1504852c1c2dc7701,654e3a6f1897e0ccb4fcee7e,SRC-TAFSIR-IBN-ABI-HATIM-ADAM,8658,shamela://local/5ac170a3045185ccf78e81ebd473cafb8069279b898836fd768c78de76a3d8e5/book/8658/volume/7/page/2338?database_sha256=72fa72e670a63139b624db32c1e3752a5b3d10c862b3245339d4eadd5995f23a&segment_id=2328,UNCLASSIFIED_SOURCE_PASSAGE_CANDIDATE,PRE_BOUNDARY_OR_NOT_APPLICABLE,,NO_ISNAD_PREFIX_DETECTED,0,EV-ADAM-050 | EV-ADAM-051 | EV-ADAM-052 | EV-ADAM-053 | EV-ADAM-054 | EV-ADAM-055,RQ-ADAM-017 | RQ-ADAM-018 | RQ-ADAM-019 | RQ-ADAM-020,,,,,
adam_report_candidate_e8dee4a785b7c8be0c5cd198,654e3a6f1897e0ccb4fcee7e,SRC-TAFSIR-IBN-ABI-HATIM-ADAM,8658,shamela://local/5ac170a3045185ccf78e81ebd473cafb8069279b898836fd768c78de76a3d8e5/book/8658/volume/7/page/2339?database_sha256=72fa72e670a63139b624db32c1e3752a5b3d10c862b3245339d4eadd5995f23a&segment_id=2329,PROPHETIC_HADITH_CANDIDATE,PRE_BOUNDARY_OR_NOT_APPLICABLE,,CANDIDATE_PREFIX_EXTRACTED,0,EV-ADAM-050 | EV-ADAM-051 | EV-ADAM-052 | EV-ADAM-053 | EV-ADAM-054 | EV-ADAM-055,RQ-ADAM-017 | RQ-ADAM-018 | RQ-ADAM-019 | RQ-ADAM-020,,,,,
adam_report_candidate_113cc737cff28b5bb0dfa84f,654e3a6f1897e0ccb4fcee7e,SRC-TAFSIR-IBN-ABI-HATIM-ADAM,8658,shamela://local/5ac170a3045185ccf78e81ebd473cafb8069279b898836fd768c78de76a3d8e5/book/8658/volume/7/page/2340?database_sha256=72fa72e670a63139b624db32c1e3752a5b3d10c862b3245339d4eadd5995f23a&segment_id=2330,PROPHETIC_HADITH_CANDIDATE,PRE_BOUNDARY_OR_NOT_APPLICABLE,,CANDIDATE_PREFIX_EXTRACTED,0,EV-ADAM-050 | EV-ADAM-051 | EV-ADAM-052 | EV-ADAM-053 | EV-ADAM-054 | EV-ADAM-055,RQ-ADAM-017 | RQ-ADAM-018 | RQ-ADAM-019 | RQ-ADAM-020,,,,,
adam_report_candidate_9bd557f8eae0caccd77c3054,5c38af7ad19e570771822202,SRC-TAFSIR-IBN-ABI-HATIM-ADAM,8658,shamela://local/5ac170a3045185ccf78e81ebd473cafb8069279b898836fd768c78de76a3d8e5/book/8658/volume/5/page/1442?database_sha256=72fa72e670a63139b624db32c1e3752a5b3d10c862b3245339d4eadd5995f23a&segment_id=1432,EARLY_REPORT_CANDIDATE,PRE_BOUNDARY_OR_NOT_APPLICABLE,,NO_ISNAD_PREFIX_DETECTED,2,,,,,,,
adam_report_candidate_50b5dfb76b444383e534f060,5c38af7ad19e570771822202,SRC-TAFSIR-IBN-ABI-HATIM-ADAM,8658,shamela://local/5ac170a3045185ccf78e81ebd473cafb8069279b898836fd768c78de76a3d8e5/book/8658/volume/5/page/1442?database_sha256=72fa72e670a63139b624db32c1e3752a5b3d10c862b3245339d4eadd5995f23a&segment_id=1432,UNCLASSIFIED_SOURCE_PASSAGE_CANDIDATE,PRE_BOUNDARY_OR_NOT_APPLICABLE,,NO_ISNAD_PREFIX_DETECTED,0,,,,,,,
adam_report_candidate_c1c04c27615915d4b78f037d,5c38af7ad19e570771822202,SRC-TAFSIR-IBN-ABI-HATIM-ADAM,8658,shamela://local/5ac170a3045185ccf78e81ebd473cafb8069279b898836fd768c78de76a3d8e5/book/8658/volume/5/page/1442?database_sha256=72fa72e670a63139b624db32c1e3752a5b3d10c862b3245339d4eadd5995f23a&segment_id=1432,EARLY_REPORT_CANDIDATE,PRE_BOUNDARY_OR_NOT_APPLICABLE,,NO_ISNAD_PREFIX_DETECTED,3,,,,,,,
adam_report_candidate_0707b66baf8279fb0c171636,5c38af7ad19e570771822202,SRC-TAFSIR-IBN-ABI-HATIM-ADAM,8658,shamela://local/5ac170a3045185ccf78e81ebd473cafb8069279b898836fd768c78de76a3d8e5/book/8658/volume/5/page/1442?database_sha256=72fa72e670a63139b624db32c1e3752a5b3d10c862b3245339d4eadd5995f23a&segment_id=1432,EARLY_REPORT_CANDIDATE,PRE_BOUNDARY_OR_NOT_APPLICABLE,,NO_ISNAD_PREFIX_DETECTED,4,,,,,,,
adam_report_candidate_c0070e1abc1c3075d71ba190,5c38af7ad19e570771822202,SRC-TAFSIR-IBN-ABI-HATIM-ADAM,8658,shamela://local/5ac170a3045185ccf78e81ebd473cafb8069279b898836fd768c78de76a3d8e5/book/8658/volume/5/page/1442?database_sha256=72fa72e670a63139b624db32c1e3752a5b3d10c862b3245339d4eadd5995f23a&segment_id=1432,EARLY_REPORT_CANDIDATE,PRE_BOUNDARY_OR_NOT_APPLICABLE,,NO_ISNAD_PREFIX_DETECTED,2,,,,,,,
adam_report_candidate_0379ab44e4171815ec5adce4,5c38af7ad19e570771822202,SRC-TAFSIR-IBN-ABI-HATIM-ADAM,8658,shamela://local/5ac170a3045185ccf78e81ebd473cafb8069279b898836fd768c78de76a3d8e5/book/8658/volume/5/page/1443?database_sha256=72fa72e670a63139b624db32c1e3752a5b3d10c862b3245339d4eadd5995f23a&segment_id=1433,EARLY_REPORT_CANDIDATE,PRE_BOUNDARY_OR_NOT_APPLICABLE,,NO_ISNAD_PREFIX_DETECTED,7,,,,,,,
adam_report_candidate_7291f4c8ff8e489aa58f0760,5c38af7ad19e570771822202,SRC-TAFSIR-IBN-ABI-HATIM-ADAM,8658,shamela://local/5ac170a3045185ccf78e81ebd473cafb8069279b898836fd768c78de76a3d8e5/book/8658/volume/5/page/1443?database_sha256=72fa72e670a63139b624db32c1e3752a5b3d10c862b3245339d4eadd5995f23a&segment_id=1433,EARLY_REPORT_CANDIDATE,PRE_BOUNDARY_OR_NOT_APPLICABLE,,NO_ISNAD_PREFIX_DETECTED,3,,,,,,,
adam_report_candidate_44caf6f3779e7f9f88c33946,5c38af7ad19e570771822202,SRC-TAFSIR-IBN-ABI-HATIM-ADAM,8658,shamela://local/5ac170a3045185ccf78e81ebd473cafb8069279b898836fd768c78de76a3d8e5/book/8658/volume/5/page/1443?database_sha256=72fa72e670a63139b624db32c1e3752a5b3d10c862b3245339d4eadd5995f23a&segment_id=1433,UNCLASSIFIED_SOURCE_PASSAGE_CANDIDATE,PRE_BOUNDARY_OR_NOT_APPLICABLE,,NO_ISNAD_PREFIX_DETECTED,0,,,,,,,
adam_report_candidate_bd7e0e503b680fb4d701449a,5c38af7ad19e570771822202,SRC-TAFSIR-IBN-ABI-HATIM-ADAM,8658,shamela://local/5ac170a3045185ccf78e81ebd473cafb8069279b898836fd768c78de76a3d8e5/book/8658/volume/5/page/1444?database_sha256=72fa72e670a63139b624db32c1e3752a5b3d10c862b3245339d4eadd5995f23a&segment_id=1434,UNCLASSIFIED_SOURCE_PASSAGE_CANDIDATE,PRE_BOUNDARY_OR_NOT_APPLICABLE,,NO_ISNAD_PREFIX_DETECTED,0,,,,,,,
adam_report_candidate_9c3cb7488dce2b1f5849b68e,5c38af7ad19e570771822202,SRC-TAFSIR-IBN-ABI-HATIM-ADAM,8658,shamela://local/5ac170a3045185ccf78e81ebd473cafb8069279b898836fd768c78de76a3d8e5/book/8658/volume/5/page/1444?database_sha256=72fa72e670a63139b624db32c1e3752a5b3d10c862b3245339d4eadd5995f23a&segment_id=1434,EARLY_REPORT_CANDIDATE,PRE_BOUNDARY_OR_NOT_APPLICABLE,,NO_ISNAD_PREFIX_DETECTED,2,,,,,,,
adam_report_candidate_7787466507ebe4d7b190945a,5c38af7ad19e570771822202,SRC-TAFSIR-IBN-ABI-HATIM-ADAM,8658,shamela://local/5ac170a3045185ccf78e81ebd473cafb8069279b898836fd768c78de76a3d8e5/book/8658/volume/5/page/1444?database_sha256=72fa72e670a63139b624db32c1e3752a5b3d10c862b3245339d4eadd5995f23a&segment_id=1434,UNCLASSIFIED_SOURCE_PASSAGE_CANDIDATE,PRE_BOUNDARY_OR_NOT_APPLICABLE,,NO_ISNAD_PREFIX_DETECTED,0,,,,,,,
adam_report_candidate_97232c91443f36874a28647a,5c38af7ad19e570771822202,SRC-TAFSIR-IBN-ABI-HATIM-ADAM,8658,shamela://local/5ac170a3045185ccf78e81ebd473cafb8069279b898836fd768c78de76a3d8e5/book/8658/volume/5/page/1444?database_sha256=72fa72e670a63139b624db32c1e3752a5b3d10c862b3245339d4eadd5995f23a&segment_id=1434,EARLY_REPORT_CANDIDATE,PRE_BOUNDARY_OR_NOT_APPLICABLE,,NO_ISNAD_PREFIX_DETECTED,1,,,,,,,
adam_report_candidate_87109d8ac8907625b4167fa5,253f8f7aa4a315ef9370aade,SRC-TAFSIR-IBN-ABI-HATIM-ADAM,8658,shamela://local/5ac170a3045185ccf78e81ebd473cafb8069279b898836fd768c78de76a3d8e5/book/8658/volume/5/page/1629?database_sha256=72fa72e670a63139b624db32c1e3752a5b3d10c862b3245339d4eadd5995f23a&segment_id=1619,EARLY_REPORT_CANDIDATE,PRE_BOUNDARY_OR_NOT_APPLICABLE,,NO_ISNAD_PREFIX_DETECTED,15,EV-ADAM-070 | EV-ADAM-071,RQ-ADAM-025 | RQ-ADAM-026 | RQ-ADAM-027,,,,,
adam_report_candidate_4466f88bfab62f25ae773a61,253f8f7aa4a315ef9370aade,SRC-TAFSIR-IBN-ABI-HATIM-ADAM,8658,shamela://local/5ac170a3045185ccf78e81ebd473cafb8069279b898836fd768c78de76a3d8e5/book/8658/volume/5/page/1630?database_sha256=72fa72e670a63139b624db32c1e3752a5b3d10c862b3245339d4eadd5995f23a&segment_id=1620,EARLY_REPORT_CANDIDATE,PRE_BOUNDARY_OR_NOT_APPLICABLE,,NO_ISNAD_PREFIX_DETECTED,14,EV-ADAM-070 | EV-ADAM-071,RQ-ADAM-025 | RQ-ADAM-026 | RQ-ADAM-027,,,,,
adam_report_candidate_8fe642847671f7040f910e82,253f8f7aa4a315ef9370aade,SRC-TAFSIR-IBN-ABI-HATIM-ADAM,8658,shamela://local/5ac170a3045185ccf78e81ebd473cafb8069279b898836fd768c78de76a3d8e5/book/8658/volume/5/page/1631?database_sha256=72fa72e670a63139b624db32c1e3752a5b3d10c862b3245339d4eadd5995f23a&segment_id=1621,PROPHETIC_HADITH_CANDIDATE,PRE_BOUNDARY_OR_NOT_APPLICABLE,,CANDIDATE_PREFIX_EXTRACTED,16,EV-ADAM-070 | EV-ADAM-071,RQ-ADAM-025 | RQ-ADAM-026 | RQ-ADAM-027,,,,,
adam_report_candidate_55c7e00c511244206b8979e6,253f8f7aa4a315ef9370aade,SRC-TAFSIR-IBN-ABI-HATIM-ADAM,8658,shamela://local/5ac170a3045185ccf78e81ebd473cafb8069279b898836fd768c78de76a3d8e5/book/8658/volume/5/page/1632?database_sha256=72fa72e670a63139b624db32c1e3752a5b3d10c862b3245339d4eadd5995f23a&segment_id=1622,EARLY_REPORT_CANDIDATE,PRE_BOUNDARY_OR_NOT_APPLICABLE,,NO_ISNAD_PREFIX_DETECTED,12,EV-ADAM-070 | EV-ADAM-071,RQ-ADAM-025 | RQ-ADAM-026 | RQ-ADAM-027,,,,,
adam_report_candidate_10c2217e195f2a5e4c4c000a,253f8f7aa4a315ef9370aade,SRC-TAFSIR-IBN-ABI-HATIM-ADAM,8658,shamela://local/5ac170a3045185ccf78e81ebd473cafb8069279b898836fd768c78de76a3d8e5/book/8658/volume/5/page/1633?database_sha256=72fa72e670a63139b624db32c1e3752a5b3d10c862b3245339d4eadd5995f23a&segment_id=1623,EARLY_REPORT_CANDIDATE,PRE_BOUNDARY_OR_NOT_APPLICABLE,,NO_ISNAD_PREFIX_DETECTED,2,EV-ADAM-070 | EV-ADAM-071,RQ-ADAM-025 | RQ-ADAM-026 | RQ-ADAM-027,,,,,
adam_report_candidate_6a3327969c131159f50585be,253f8f7aa4a315ef9370aade,SRC-TAFSIR-IBN-ABI-HATIM-ADAM,8658,shamela://local/5ac170a3045185ccf78e81ebd473cafb8069279b898836fd768c78de76a3d8e5/book/8658/volume/5/page/1633?database_sha256=72fa72e670a63139b624db32c1e3752a5b3d10c862b3245339d4eadd5995f23a&segment_id=1623,EARLY_REPORT_CANDIDATE,PRE_BOUNDARY_OR_NOT_APPLICABLE,,NO_ISNAD_PREFIX_DETECTED,7,EV-ADAM-070 | EV-ADAM-071,RQ-ADAM-025 | RQ-ADAM-026 | RQ-ADAM-027,,,,,
adam_report_candidate_1360f01dca3a822f6bc51f09,253f8f7aa4a315ef9370aade,SRC-TAFSIR-IBN-ABI-HATIM-ADAM,8658,shamela://local/5ac170a3045185ccf78e81ebd473cafb8069279b898836fd768c78de76a3d8e5/book/8658/volume/5/page/1634?database_sha256=72fa72e670a63139b624db32c1e3752a5b3d10c862b3245339d4eadd5995f23a&segment_id=1624,EARLY_REPORT_CANDIDATE,PRE_BOUNDARY_OR_NOT_APPLICABLE,,NO_ISNAD_PREFIX_DETECTED,6,EV-ADAM-070 | EV-ADAM-071,RQ-ADAM-025 | RQ-ADAM-026 | RQ-ADAM-027,,,,,
adam_report_candidate_152e4e52f3187c80ff5a42f7,253f8f7aa4a315ef9370aade,SRC-TAFSIR-IBN-ABI-HATIM-ADAM,8658,shamela://local/5ac170a3045185ccf78e81ebd473cafb8069279b898836fd768c78de76a3d8e5/book/8658/volume/5/page/1635?database_sha256=72fa72e670a63139b624db32c1e3752a5b3d10c862b3245339d4eadd5995f23a&segment_id=1625,PROPHETIC_HADITH_CANDIDATE,PRE_BOUNDARY_OR_NOT_APPLICABLE,,CANDIDATE_PREFIX_EXTRACTED,8,EV-ADAM-070 | EV-ADAM-071,RQ-ADAM-025 | RQ-ADAM-026 | RQ-ADAM-027,,,,,
adam_report_candidate_6bd0bde0a95e07ba65385a95,253f8f7aa4a315ef9370aade,SRC-TAFSIR-IBN-ABI-HATIM-ADAM,8658,shamela://local/5ac170a3045185ccf78e81ebd473cafb8069279b898836fd768c78de76a3d8e5/book/8658/volume/5/page/1636?database_sha256=72fa72e670a63139b624db32c1e3752a5b3d10c862b3245339d4eadd5995f23a&segment_id=1626,EARLY_REPORT_CANDIDATE,PRE_BOUNDARY_OR_NOT_APPLICABLE,,NO_ISNAD_PREFIX_DETECTED,11,EV-ADAM-070 | EV-ADAM-071,RQ-ADAM-025 | RQ-ADAM-026 | RQ-ADAM-027,,,,,
adam_report_candidate_3c8d5e7af0047712e96bb91a,01586af221aa5f58f23b4b89,SRC-TAFSIR-IBN-ABI-HATIM-ADAM,8658,shamela://local/5ac170a3045185ccf78e81ebd473cafb8069279b898836fd768c78de76a3d8e5/book/8658/volume/13/page/949?database_sha256=72fa72e670a63139b624db32c1e3752a5b3d10c862b3245339d4eadd5995f23a&segment_id=4398,UNCLASSIFIED_SOURCE_PASSAGE_CANDIDATE,PRE_BOUNDARY_OR_NOT_APPLICABLE,,NO_ISNAD_PREFIX_DETECTED,0,,,,,,,
adam_report_candidate_e4f7d3b3a5053adfc5a3aa01,01586af221aa5f58f23b4b89,SRC-TAFSIR-IBN-ABI-HATIM-ADAM,8658,shamela://local/5ac170a3045185ccf78e81ebd473cafb8069279b898836fd768c78de76a3d8e5/book/8658/volume/13/page/950?database_sha256=72fa72e670a63139b624db32c1e3752a5b3d10c862b3245339d4eadd5995f23a&segment_id=4399,EARLY_REPORT_CANDIDATE,PRE_BOUNDARY_OR_NOT_APPLICABLE,,NO_ISNAD_PREFIX_DETECTED,2,,,,,,,
adam_report_candidate_6e0af8efac52009b4aaf6762,01586af221aa5f58f23b4b89,SRC-TAFSIR-IBN-ABI-HATIM-ADAM,8658,shamela://local/5ac170a3045185ccf78e81ebd473cafb8069279b898836fd768c78de76a3d8e5/book/8658/volume/13/page/951?database_sha256=72fa72e670a63139b624db32c1e3752a5b3d10c862b3245339d4eadd5995f23a&segment_id=4400,UNCLASSIFIED_SOURCE_PASSAGE_CANDIDATE,MIXED_BOUNDARY_PRE_SECTION,,NO_ISNAD_PREFIX_DETECTED,0,,,,,,,
adam_report_candidate_a734453759a42628dcc47d14,b998c1741b602f5e6ab7c25e,SRC-TAFSIR-IBN-ABI-HATIM-ADAM,8658,shamela://local/5ac170a3045185ccf78e81ebd473cafb8069279b898836fd768c78de76a3d8e5/book/8658/volume/2/page/482?database_sha256=72fa72e670a63139b624db32c1e3752a5b3d10c862b3245339d4eadd5995f23a&segment_id=472,EARLY_REPORT_CANDIDATE,PRE_BOUNDARY_OR_NOT_APPLICABLE,,NO_ISNAD_PREFIX_DETECTED,20,,,,,,,
adam_report_candidate_68ab4b44e7c7ae787211e0a3,b998c1741b602f5e6ab7c25e,SRC-TAFSIR-IBN-ABI-HATIM-ADAM,8658,shamela://local/5ac170a3045185ccf78e81ebd473cafb8069279b898836fd768c78de76a3d8e5/book/8658/volume/2/page/483?database_sha256=72fa72e670a63139b624db32c1e3752a5b3d10c862b3245339d4eadd5995f23a&segment_id=473,EARLY_REPORT_CANDIDATE,PRE_BOUNDARY_OR_NOT_APPLICABLE,,NO_ISNAD_PREFIX_DETECTED,7,,,,,,,
adam_report_candidate_dc43bf15e65505d54cdc8dd7,b998c1741b602f5e6ab7c25e,SRC-TAFSIR-IBN-ABI-HATIM-ADAM,8658,shamela://local/5ac170a3045185ccf78e81ebd473cafb8069279b898836fd768c78de76a3d8e5/book/8658/volume/2/page/483?database_sha256=72fa72e670a63139b624db32c1e3752a5b3d10c862b3245339d4eadd5995f23a&segment_id=473,EARLY_REPORT_CANDIDATE,PRE_BOUNDARY_OR_NOT_APPLICABLE,,NO_ISNAD_PREFIX_DETECTED,7,,,,,,,
adam_report_candidate_924ed372b8f9eed4dc2db8ea,b998c1741b602f5e6ab7c25e,SRC-TAFSIR-IBN-ABI-HATIM-ADAM,8658,shamela://local/5ac170a3045185ccf78e81ebd473cafb8069279b898836fd768c78de76a3d8e5/book/8658/volume/2/page/484?database_sha256=72fa72e670a63139b624db32c1e3752a5b3d10c862b3245339d4eadd5995f23a&segment_id=474,EARLY_REPORT_CANDIDATE,PRE_BOUNDARY_OR_NOT_APPLICABLE,,NO_ISNAD_PREFIX_DETECTED,20,,,,,,,
adam_report_candidate_b8416273e0b6bf7a136056bb,b40c562d3415e312c9f7a4c7,SRC-TAFSIR-IBN-ABI-HATIM-ADAM,8658,shamela://local/5ac170a3045185ccf78e81ebd473cafb8069279b898836fd768c78de76a3d8e5/book/8658/volume/5/page/1611?database_sha256=72fa72e670a63139b624db32c1e3752a5b3d10c862b3245339d4eadd5995f23a&segment_id=1601,EARLY_REPORT_CANDIDATE,PRE_BOUNDARY_OR_NOT_APPLICABLE,,NO_ISNAD_PREFIX_DETECTED,20,,,,,,,
adam_report_candidate_19ec3ed4a179355b2a2bb3f0,b40c562d3415e312c9f7a4c7,SRC-TAFSIR-IBN-ABI-HATIM-ADAM,8658,shamela://local/5ac170a3045185ccf78e81ebd473cafb8069279b898836fd768c78de76a3d8e5/book/8658/volume/5/page/1612?database_sha256=72fa72e670a63139b624db32c1e3752a5b3d10c862b3245339d4eadd5995f23a&segment_id=1602,EARLY_REPORT_CANDIDATE,PRE_BOUNDARY_OR_NOT_APPLICABLE,,NO_ISNAD_PREFIX_DETECTED,11,,,,,,,
adam_report_candidate_bff09575256d06b0f05400c0,b40c562d3415e312c9f7a4c7,SRC-TAFSIR-IBN-ABI-HATIM-ADAM,8658,shamela://local/5ac170a3045185ccf78e81ebd473cafb8069279b898836fd768c78de76a3d8e5/book/8658/volume/5/page/1612?database_sha256=72fa72e670a63139b624db32c1e3752a5b3d10c862b3245339d4eadd5995f23a&segment_id=1602,PROPHETIC_HADITH_CANDIDATE,PRE_BOUNDARY_OR_NOT_APPLICABLE,WAHB_IBN_MUNABBIH,CANDIDATE_PREFIX_EXTRACTED,3,,,,,,,
adam_report_candidate_a629cdc89773b6c223aecf65,b40c562d3415e312c9f7a4c7,SRC-TAFSIR-IBN-ABI-HATIM-ADAM,8658,shamela://local/5ac170a3045185ccf78e81ebd473cafb8069279b898836fd768c78de76a3d8e5/book/8658/volume/5/page/1613?database_sha256=72fa72e670a63139b624db32c1e3752a5b3d10c862b3245339d4eadd5995f23a&segment_id=1603,EARLY_REPORT_CANDIDATE,PRE_BOUNDARY_OR_NOT_APPLICABLE,,NO_ISNAD_PREFIX_DETECTED,20,,,,,,,
adam_report_candidate_7659f6964598321e355f1886,b40c562d3415e312c9f7a4c7,SRC-TAFSIR-IBN-ABI-HATIM-ADAM,8658,shamela://local/5ac170a3045185ccf78e81ebd473cafb8069279b898836fd768c78de76a3d8e5/book/8658/volume/5/page/1614?database_sha256=72fa72e670a63139b624db32c1e3752a5b3d10c862b3245339d4eadd5995f23a&segment_id=1604,PROPHETIC_HADITH_CANDIDATE,PRE_BOUNDARY_OR_NOT_APPLICABLE,,CANDIDATE_PREFIX_EXTRACTED,8,,,,,,,
adam_report_candidate_75c070e38474e422403b1585,b40c562d3415e312c9f7a4c7,SRC-TAFSIR-IBN-ABI-HATIM-ADAM,8658,shamela://local/5ac170a3045185ccf78e81ebd473cafb8069279b898836fd768c78de76a3d8e5/book/8658/volume/5/page/1614?database_sha256=72fa72e670a63139b624db32c1e3752a5b3d10c862b3245339d4eadd5995f23a&segment_id=1604,EARLY_REPORT_CANDIDATE,PRE_BOUNDARY_OR_NOT_APPLICABLE,,CANDIDATE_PREFIX_EXTRACTED,5,,,,,,,
adam_report_candidate_799cf7fec3ecda088824fcb9,b40c562d3415e312c9f7a4c7,SRC-TAFSIR-IBN-ABI-HATIM-ADAM,8658,shamela://local/5ac170a3045185ccf78e81ebd473cafb8069279b898836fd768c78de76a3d8e5/book/8658/volume/5/page/1615?database_sha256=72fa72e670a63139b624db32c1e3752a5b3d10c862b3245339d4eadd5995f23a&segment_id=1605,EARLY_REPORT_CANDIDATE,PRE_BOUNDARY_OR_NOT_APPLICABLE,,NO_ISNAD_PREFIX_DETECTED,7,,,,,,,
adam_report_candidate_0999b8ef0c7ba200e3a820ed,ba50ff734ac7f1afa95ce2a4,SRC-TAFSIR-IBN-ABI-HATIM-ADAM,8658,shamela://local/5ac170a3045185ccf78e81ebd473cafb8069279b898836fd768c78de76a3d8e5/book/8658/volume/7/page/2259?database_sha256=72fa72e670a63139b624db32c1e3752a5b3d10c862b3245339d4eadd5995f23a&segment_id=2249,UNCLASSIFIED_SOURCE_PASSAGE_CANDIDATE,PRE_BOUNDARY_OR_NOT_APPLICABLE,,NO_ISNAD_PREFIX_DETECTED,0,,,,,,,
adam_report_candidate_2f60b229ce697ca3f99880e0,ba50ff734ac7f1afa95ce2a4,SRC-TAFSIR-IBN-ABI-HATIM-ADAM,8658,shamela://local/5ac170a3045185ccf78e81ebd473cafb8069279b898836fd768c78de76a3d8e5/book/8658/volume/7/page/2260?database_sha256=72fa72e670a63139b624db32c1e3752a5b3d10c862b3245339d4eadd5995f23a&segment_id=2250,UNCLASSIFIED_SOURCE_PASSAGE_CANDIDATE,PRE_BOUNDARY_OR_NOT_APPLICABLE,,NO_ISNAD_PREFIX_DETECTED,0,,,,,,,
adam_report_candidate_2c189fffac2924325510ac63,ba50ff734ac7f1afa95ce2a4,SRC-TAFSIR-IBN-ABI-HATIM-ADAM,8658,shamela://local/5ac170a3045185ccf78e81ebd473cafb8069279b898836fd768c78de76a3d8e5/book/8658/volume/7/page/2261?database_sha256=72fa72e670a63139b624db32c1e3752a5b3d10c862b3245339d4eadd5995f23a&segment_id=2251,EARLY_REPORT_CANDIDATE,PRE_BOUNDARY_OR_NOT_APPLICABLE,,NO_ISNAD_PREFIX_DETECTED,2,,,,,,,
adam_report_candidate_642140bf410748c42bb19678,ba50ff734ac7f1afa95ce2a4,SRC-TAFSIR-IBN-ABI-HATIM-ADAM,8658,shamela://local/5ac170a3045185ccf78e81ebd473cafb8069279b898836fd768c78de76a3d8e5/book/8658/volume/7/page/2262?database_sha256=72fa72e670a63139b624db32c1e3752a5b3d10c862b3245339d4eadd5995f23a&segment_id=2252,UNCLASSIFIED_SOURCE_PASSAGE_CANDIDATE,PRE_BOUNDARY_OR_NOT_APPLICABLE,,NO_ISNAD_PREFIX_DETECTED,0,,,,,,,
adam_report_candidate_0d233144b2cfd16cac40301a,ba50ff734ac7f1afa95ce2a4,SRC-TAFSIR-IBN-ABI-HATIM-ADAM,8658,shamela://local/5ac170a3045185ccf78e81ebd473cafb8069279b898836fd768c78de76a3d8e5/book/8658/volume/7/page/2263?database_sha256=72fa72e670a63139b624db32c1e3752a5b3d10c862b3245339d4eadd5995f23a&segment_id=2253,UNCLASSIFIED_SOURCE_PASSAGE_CANDIDATE,PRE_BOUNDARY_OR_NOT_APPLICABLE,,NO_ISNAD_PREFIX_DETECTED,0,,,,,,,
adam_report_candidate_89a1996e1b4762845889c467,baef7d8161e82647c4f67da2,SRC-TAFSIR-IBN-ABI-HATIM-ADAM,8658,shamela://local/5ac170a3045185ccf78e81ebd473cafb8069279b898836fd768c78de76a3d8e5/book/8658/volume/7/page/2365?database_sha256=72fa72e670a63139b624db32c1e3752a5b3d10c862b3245339d4eadd5995f23a&segment_id=2355,EARLY_REPORT_CANDIDATE,PRE_BOUNDARY_OR_NOT_APPLICABLE,,NO_ISNAD_PREFIX_DETECTED,1,,,,,,,
adam_report_candidate_21189888331e667d8184db55,baef7d8161e82647c4f67da2,SRC-TAFSIR-IBN-ABI-HATIM-ADAM,8658,shamela://local/5ac170a3045185ccf78e81ebd473cafb8069279b898836fd768c78de76a3d8e5/book/8658/volume/7/page/2366?database_sha256=72fa72e670a63139b624db32c1e3752a5b3d10c862b3245339d4eadd5995f23a&segment_id=2356,UNCLASSIFIED_SOURCE_PASSAGE_CANDIDATE,PRE_BOUNDARY_OR_NOT_APPLICABLE,,NO_ISNAD_PREFIX_DETECTED,0,,,,,,,
adam_report_candidate_75f4486852e3982dd0db60ae,baef7d8161e82647c4f67da2,SRC-TAFSIR-IBN-ABI-HATIM-ADAM,8658,shamela://local/5ac170a3045185ccf78e81ebd473cafb8069279b898836fd768c78de76a3d8e5/book/8658/volume/7/page/2367?database_sha256=72fa72e670a63139b624db32c1e3752a5b3d10c862b3245339d4eadd5995f23a&segment_id=2357,EARLY_REPORT_CANDIDATE,PRE_BOUNDARY_OR_NOT_APPLICABLE,,NO_ISNAD_PREFIX_DETECTED,1,,,,,,,
adam_report_candidate_08b3a0caff1f225ede0ab6f2,baef7d8161e82647c4f67da2,SRC-TAFSIR-IBN-ABI-HATIM-ADAM,8658,shamela://local/5ac170a3045185ccf78e81ebd473cafb8069279b898836fd768c78de76a3d8e5/book/8658/volume/7/page/2368?database_sha256=72fa72e670a63139b624db32c1e3752a5b3d10c862b3245339d4eadd5995f23a&segment_id=2358,PROPHETIC_HADITH_CANDIDATE,PRE_BOUNDARY_OR_NOT_APPLICABLE,,CANDIDATE_PREFIX_EXTRACTED,0,,,,,,,
adam_report_candidate_59547a0defc011b702e4eb59,2d788a922721242d7c99035f,SRC-TAFSIR-IBN-ABI-HATIM-ADAM,8658,shamela://local/5ac170a3045185ccf78e81ebd473cafb8069279b898836fd768c78de76a3d8e5/book/8658/volume/12/page/411?database_sha256=72fa72e670a63139b624db32c1e3752a5b3d10c862b3245339d4eadd5995f23a&segment_id=3869,UNCLASSIFIED_SOURCE_PASSAGE_CANDIDATE,PRE_BOUNDARY_OR_NOT_APPLICABLE,,NO_ISNAD_PREFIX_DETECTED,0,,,,,,,
adam_report_candidate_e0b93f281a0d59c3c2b687f6,2d788a922721242d7c99035f,SRC-TAFSIR-IBN-ABI-HATIM-ADAM,8658,shamela://local/5ac170a3045185ccf78e81ebd473cafb8069279b898836fd768c78de76a3d8e5/book/8658/volume/12/page/411?database_sha256=72fa72e670a63139b624db32c1e3752a5b3d10c862b3245339d4eadd5995f23a&segment_id=3869,PROPHETIC_HADITH_CANDIDATE,PRE_BOUNDARY_OR_NOT_APPLICABLE,,CANDIDATE_PREFIX_EXTRACTED,11,,,,,,,
adam_report_candidate_0227906d09a084dadf04eaa1,2d788a922721242d7c99035f,SRC-TAFSIR-IBN-ABI-HATIM-ADAM,8658,shamela://local/5ac170a3045185ccf78e81ebd473cafb8069279b898836fd768c78de76a3d8e5/book/8658/volume/12/page/412?database_sha256=72fa72e670a63139b624db32c1e3752a5b3d10c862b3245339d4eadd5995f23a&segment_id=3870,EARLY_REPORT_CANDIDATE,MIXED_BOUNDARY_PRE_SECTION,,NO_ISNAD_PREFIX_DETECTED,3,,,,,,,
adam_report_candidate_922d822264d7a0a524287c28,404b0fc80d53c49fa2345e97,SRC-TAFSIR-IBN-ABI-HATIM-ADAM,8658,shamela://local/5ac170a3045185ccf78e81ebd473cafb8069279b898836fd768c78de76a3d8e5/book/8658/volume/11/page/182?database_sha256=72fa72e670a63139b624db32c1e3752a5b3d10c862b3245339d4eadd5995f23a&segment_id=3644,UNCLASSIFIED_SOURCE_PASSAGE_CANDIDATE,PRE_BOUNDARY_OR_NOT_APPLICABLE,,NO_ISNAD_PREFIX_DETECTED,0,,,,,,,
adam_report_candidate_3aa147db39630840df2d136a,404b0fc80d53c49fa2345e97,SRC-TAFSIR-IBN-ABI-HATIM-ADAM,8658,shamela://local/5ac170a3045185ccf78e81ebd473cafb8069279b898836fd768c78de76a3d8e5/book/8658/volume/11/page/182?database_sha256=72fa72e670a63139b624db32c1e3752a5b3d10c862b3245339d4eadd5995f23a&segment_id=3644,PROPHETIC_HADITH_CANDIDATE,PRE_BOUNDARY_OR_NOT_APPLICABLE,,CANDIDATE_PREFIX_EXTRACTED,6,,,,,,,
adam_report_candidate_99638e5675bc7b8286a0e126,404b0fc80d53c49fa2345e97,SRC-TAFSIR-IBN-ABI-HATIM-ADAM,8658,shamela://local/5ac170a3045185ccf78e81ebd473cafb8069279b898836fd768c78de76a3d8e5/book/8658/volume/11/page/182?database_sha256=72fa72e670a63139b624db32c1e3752a5b3d10c862b3245339d4eadd5995f23a&segment_id=3644,EARLY_REPORT_CANDIDATE,PRE_BOUNDARY_OR_NOT_APPLICABLE,,CANDIDATE_PREFIX_EXTRACTED,1,,,,,,,
adam_report_candidate_a3f9f4df517ec8cf6037d87c,404b0fc80d53c49fa2345e97,SRC-TAFSIR-IBN-ABI-HATIM-ADAM,8658,shamela://local/5ac170a3045185ccf78e81ebd473cafb8069279b898836fd768c78de76a3d8e5/book/8658/volume/11/page/183?database_sha256=72fa72e670a63139b624db32c1e3752a5b3d10c862b3245339d4eadd5995f23a&segment_id=3645,PROPHETIC_HADITH_CANDIDATE,PRE_BOUNDARY_OR_NOT_APPLICABLE,,CANDIDATE_PREFIX_EXTRACTED,0,,,,,,,
adam_report_candidate_5ba93caa75f343dffc2edfb2,404b0fc80d53c49fa2345e97,SRC-TAFSIR-IBN-ABI-HATIM-ADAM,8658,shamela://local/5ac170a3045185ccf78e81ebd473cafb8069279b898836fd768c78de76a3d8e5/book/8658/volume/11/page/184?database_sha256=72fa72e670a63139b624db32c1e3752a5b3d10c862b3245339d4eadd5995f23a&segment_id=3646,UNCLASSIFIED_SOURCE_PASSAGE_CANDIDATE,PRE_BOUNDARY_OR_NOT_APPLICABLE,,NO_ISNAD_PREFIX_DETECTED,0,,,,,,,
adam_report_candidate_cc8004c4b83428b07ea9c9f1,404b0fc80d53c49fa2345e97,SRC-TAFSIR-IBN-ABI-HATIM-ADAM,8658,shamela://local/5ac170a3045185ccf78e81ebd473cafb8069279b898836fd768c78de76a3d8e5/book/8658/volume/11/page/184?database_sha256=72fa72e670a63139b624db32c1e3752a5b3d10c862b3245339d4eadd5995f23a&segment_id=3646,AUTHORIAL_COMMENTARY_CANDIDATE,PRE_BOUNDARY_OR_NOT_APPLICABLE,,NO_ISNAD_PREFIX_DETECTED,1,,,,,,,
adam_report_candidate_c569b7162aa36407f13f900d,4758e5ff4159f946e60c45a2,SRC-TAFSIR-IBN-KATHIR-ADAM,1503,shamela://local/5ac170a3045185ccf78e81ebd473cafb8069279b898836fd768c78de76a3d8e5/book/1503/volume/1/page/318?database_sha256=e81a1a6fa62cc5dfa224bc326728ab924456e6a77cdb10e17e887ab19a8081d8&segment_id=373,PROPHETIC_HADITH_CANDIDATE,PRE_BOUNDARY_OR_NOT_APPLICABLE,KAB_AL_AHBAR,CANDIDATE_PREFIX_EXTRACTED,1,EV-ADAM-010 | EV-ADAM-011 | EV-ADAM-020 | EV-ADAM-021 | EV-ADAM-022 | EV-ADAM-023 | EV-ADAM-024 | EV-ADAM-030 | EV-ADAM-031 | EV-ADAM-032 | EV-ADAM-033 | EV-ADAM-040 | EV-ADAM-041 | EV-ADAM-042 | EV-ADAM-050 | EV-ADAM-051 | EV-ADAM-052 | EV-ADAM-053 | EV-ADAM-054 | EV-ADAM-055 | EV-ADAM-070 | EV-ADAM-071 | EV-ADAM-080 | EV-ADAM-081 | EV-ADAM-082 | EV-ADAM-090 | EV-ADAM-091 | EV-ADAM-099,RQ-ADAM-007 | RQ-ADAM-008 | RQ-ADAM-009 | RQ-ADAM-010 | RQ-ADAM-011 | RQ-ADAM-012 | RQ-ADAM-013 | RQ-ADAM-014 | RQ-ADAM-015 | RQ-ADAM-016 | RQ-ADAM-017 | RQ-ADAM-018 | RQ-ADAM-019 | RQ-ADAM-020 | RQ-ADAM-025 | RQ-ADAM-026 | RQ-ADAM-027 | RQ-ADAM-028 | RQ-ADAM-029 | RQ-ADAM-030 | RQ-ADAM-032,,,,,
adam_report_candidate_bb145a09505afbcbb38a8faf,4758e5ff4159f946e60c45a2,SRC-TAFSIR-IBN-KATHIR-ADAM,1503,shamela://local/5ac170a3045185ccf78e81ebd473cafb8069279b898836fd768c78de76a3d8e5/book/1503/volume/1/page/319?database_sha256=e81a1a6fa62cc5dfa224bc326728ab924456e6a77cdb10e17e887ab19a8081d8&segment_id=374,UNCLASSIFIED_SOURCE_PASSAGE_CANDIDATE,PRE_BOUNDARY_OR_NOT_APPLICABLE,KAB_AL_AHBAR,NO_ISNAD_PREFIX_DETECTED,0,EV-ADAM-010 | EV-ADAM-011 | EV-ADAM-020 | EV-ADAM-021 | EV-ADAM-022 | EV-ADAM-023 | EV-ADAM-024 | EV-ADAM-030 | EV-ADAM-031 | EV-ADAM-032 | EV-ADAM-033 | EV-ADAM-040 | EV-ADAM-041 | EV-ADAM-042 | EV-ADAM-050 | EV-ADAM-051 | EV-ADAM-052 | EV-ADAM-053 | EV-ADAM-054 | EV-ADAM-055 | EV-ADAM-070 | EV-ADAM-071 | EV-ADAM-080 | EV-ADAM-081 | EV-ADAM-082 | EV-ADAM-090 | EV-ADAM-091 | EV-ADAM-099,RQ-ADAM-007 | RQ-ADAM-008 | RQ-ADAM-009 | RQ-ADAM-010 | RQ-ADAM-011 | RQ-ADAM-012 | RQ-ADAM-013 | RQ-ADAM-014 | RQ-ADAM-015 | RQ-ADAM-016 | RQ-ADAM-017 | RQ-ADAM-018 | RQ-ADAM-019 | RQ-ADAM-020 | RQ-ADAM-025 | RQ-ADAM-026 | RQ-ADAM-027 | RQ-ADAM-028 | RQ-ADAM-029 | RQ-ADAM-030 | RQ-ADAM-032,,,,,
adam_report_candidate_6aa789d7611165a3cf9f1742,4758e5ff4159f946e60c45a2,SRC-TAFSIR-IBN-KATHIR-ADAM,1503,shamela://local/5ac170a3045185ccf78e81ebd473cafb8069279b898836fd768c78de76a3d8e5/book/1503/volume/1/page/319?database_sha256=e81a1a6fa62cc5dfa224bc326728ab924456e6a77cdb10e17e887ab19a8081d8&segment_id=374,EARLY_REPORT_CANDIDATE,PRE_BOUNDARY_OR_NOT_APPLICABLE,KAB_AL_AHBAR,NO_ISNAD_PREFIX_DETECTED,2,EV-ADAM-010 | EV-ADAM-011 | EV-ADAM-020 | EV-ADAM-021 | EV-ADAM-022 | EV-ADAM-023 | EV-ADAM-024 | EV-ADAM-030 | EV-ADAM-031 | EV-ADAM-032 | EV-ADAM-033 | EV-ADAM-040 | EV-ADAM-041 | EV-ADAM-042 | EV-ADAM-050 | EV-ADAM-051 | EV-ADAM-052 | EV-ADAM-053 | EV-ADAM-054 | EV-ADAM-055 | EV-ADAM-070 | EV-ADAM-071 | EV-ADAM-080 | EV-ADAM-081 | EV-ADAM-082 | EV-ADAM-090 | EV-ADAM-091 | EV-ADAM-099,RQ-ADAM-007 | RQ-ADAM-008 | RQ-ADAM-009 | RQ-ADAM-010 | RQ-ADAM-011 | RQ-ADAM-012 | RQ-ADAM-013 | RQ-ADAM-014 | RQ-ADAM-015 | RQ-ADAM-016 | RQ-ADAM-017 | RQ-ADAM-018 | RQ-ADAM-019 | RQ-ADAM-020 | RQ-ADAM-025 | RQ-ADAM-026 | RQ-ADAM-027 | RQ-ADAM-028 | RQ-ADAM-029 | RQ-ADAM-030 | RQ-ADAM-032,,,,,
adam_report_candidate_69b56161d68c7c1e449437e3,4758e5ff4159f946e60c45a2,SRC-TAFSIR-IBN-KATHIR-ADAM,1503,shamela://local/5ac170a3045185ccf78e81ebd473cafb8069279b898836fd768c78de76a3d8e5/book/1503/volume/1/page/320?database_sha256=e81a1a6fa62cc5dfa224bc326728ab924456e6a77cdb10e17e887ab19a8081d8&segment_id=375,EARLY_REPORT_CANDIDATE,PRE_BOUNDARY_OR_NOT_APPLICABLE,KAB_AL_AHBAR,NO_ISNAD_PREFIX_DETECTED,4,EV-ADAM-010 | EV-ADAM-011 | EV-ADAM-020 | EV-ADAM-021 | EV-ADAM-022 | EV-ADAM-023 | EV-ADAM-024 | EV-ADAM-030 | EV-ADAM-031 | EV-ADAM-032 | EV-ADAM-033 | EV-ADAM-040 | EV-ADAM-041 | EV-ADAM-042 | EV-ADAM-050 | EV-ADAM-051 | EV-ADAM-052 | EV-ADAM-053 | EV-ADAM-054 | EV-ADAM-055 | EV-ADAM-070 | EV-ADAM-071 | EV-ADAM-080 | EV-ADAM-081 | EV-ADAM-082 | EV-ADAM-090 | EV-ADAM-091 | EV-ADAM-099,RQ-ADAM-007 | RQ-ADAM-008 | RQ-ADAM-009 | RQ-ADAM-010 | RQ-ADAM-011 | RQ-ADAM-012 | RQ-ADAM-013 | RQ-ADAM-014 | RQ-ADAM-015 | RQ-ADAM-016 | RQ-ADAM-017 | RQ-ADAM-018 | RQ-ADAM-019 | RQ-ADAM-020 | RQ-ADAM-025 | RQ-ADAM-026 | RQ-ADAM-027 | RQ-ADAM-028 | RQ-ADAM-029 | RQ-ADAM-030 | RQ-ADAM-032,,,,,
adam_report_candidate_ceaff5af141155fd07f8079e,4758e5ff4159f946e60c45a2,SRC-TAFSIR-IBN-KATHIR-ADAM,1503,shamela://local/5ac170a3045185ccf78e81ebd473cafb8069279b898836fd768c78de76a3d8e5/book/1503/volume/1/page/321?database_sha256=e81a1a6fa62cc5dfa224bc326728ab924456e6a77cdb10e17e887ab19a8081d8&segment_id=376,EARLY_REPORT_CANDIDATE,PRE_BOUNDARY_OR_NOT_APPLICABLE,KAB_AL_AHBAR | WAHB_IBN_MUNABBIH,NO_ISNAD_PREFIX_DETECTED,10,EV-ADAM-010 | EV-ADAM-011 | EV-ADAM-020 | EV-ADAM-021 | EV-ADAM-022 | EV-ADAM-023 | EV-ADAM-024 | EV-ADAM-030 | EV-ADAM-031 | EV-ADAM-032 | EV-ADAM-033 | EV-ADAM-040 | EV-ADAM-041 | EV-ADAM-042 | EV-ADAM-050 | EV-ADAM-051 | EV-ADAM-052 | EV-ADAM-053 | EV-ADAM-054 | EV-ADAM-055 | EV-ADAM-070 | EV-ADAM-071 | EV-ADAM-080 | EV-ADAM-081 | EV-ADAM-082 | EV-ADAM-090 | EV-ADAM-091 | EV-ADAM-099,RQ-ADAM-007 | RQ-ADAM-008 | RQ-ADAM-009 | RQ-ADAM-010 | RQ-ADAM-011 | RQ-ADAM-012 | RQ-ADAM-013 | RQ-ADAM-014 | RQ-ADAM-015 | RQ-ADAM-016 | RQ-ADAM-017 | RQ-ADAM-018 | RQ-ADAM-019 | RQ-ADAM-020 | RQ-ADAM-025 | RQ-ADAM-026 | RQ-ADAM-027 | RQ-ADAM-028 | RQ-ADAM-029 | RQ-ADAM-030 | RQ-ADAM-032,,,,,
adam_report_candidate_113a52e93b9814ce2f582db0,4758e5ff4159f946e60c45a2,SRC-TAFSIR-IBN-KATHIR-ADAM,1503,shamela://local/5ac170a3045185ccf78e81ebd473cafb8069279b898836fd768c78de76a3d8e5/book/1503/volume/1/page/322?database_sha256=e81a1a6fa62cc5dfa224bc326728ab924456e6a77cdb10e17e887ab19a8081d8&segment_id=377,EARLY_REPORT_CANDIDATE,PRE_BOUNDARY_OR_NOT_APPLICABLE,KAB_AL_AHBAR,NO_ISNAD_PREFIX_DETECTED,3,EV-ADAM-010 | EV-ADAM-011 | EV-ADAM-020 | EV-ADAM-021 | EV-ADAM-022 | EV-ADAM-023 | EV-ADAM-024 | EV-ADAM-030 | EV-ADAM-031 | EV-ADAM-032 | EV-ADAM-033 | EV-ADAM-040 | EV-ADAM-041 | EV-ADAM-042 | EV-ADAM-050 | EV-ADAM-051 | EV-ADAM-052 | EV-ADAM-053 | EV-ADAM-054 | EV-ADAM-055 | EV-ADAM-070 | EV-ADAM-071 | EV-ADAM-080 | EV-ADAM-081 | EV-ADAM-082 | EV-ADAM-090 | EV-ADAM-091 | EV-ADAM-099,RQ-ADAM-007 | RQ-ADAM-008 | RQ-ADAM-009 | RQ-ADAM-010 | RQ-ADAM-011 | RQ-ADAM-012 | RQ-ADAM-013 | RQ-ADAM-014 | RQ-ADAM-015 | RQ-ADAM-016 | RQ-ADAM-017 | RQ-ADAM-018 | RQ-ADAM-019 | RQ-ADAM-020 | RQ-ADAM-025 | RQ-ADAM-026 | RQ-ADAM-027 | RQ-ADAM-028 | RQ-ADAM-029 | RQ-ADAM-030 | RQ-ADAM-032,,,,,
adam_report_candidate_165199f892f8a5ec0c350a70,4758e5ff4159f946e60c45a2,SRC-TAFSIR-IBN-KATHIR-ADAM,1503,shamela://local/5ac170a3045185ccf78e81ebd473cafb8069279b898836fd768c78de76a3d8e5/book/1503/volume/1/page/323?database_sha256=e81a1a6fa62cc5dfa224bc326728ab924456e6a77cdb10e17e887ab19a8081d8&segment_id=378,EARLY_REPORT_CANDIDATE,PRE_BOUNDARY_OR_NOT_APPLICABLE,KAB_AL_AHBAR,NO_ISNAD_PREFIX_DETECTED,5,EV-ADAM-010 | EV-ADAM-011 | EV-ADAM-020 | EV-ADAM-021 | EV-ADAM-022 | EV-ADAM-023 | EV-ADAM-024 | EV-ADAM-030 | EV-ADAM-031 | EV-ADAM-032 | EV-ADAM-033 | EV-ADAM-040 | EV-ADAM-041 | EV-ADAM-042 | EV-ADAM-050 | EV-ADAM-051 | EV-ADAM-052 | EV-ADAM-053 | EV-ADAM-054 | EV-ADAM-055 | EV-ADAM-070 | EV-ADAM-071 | EV-ADAM-080 | EV-ADAM-081 | EV-ADAM-082 | EV-ADAM-090 | EV-ADAM-091 | EV-ADAM-099,RQ-ADAM-007 | RQ-ADAM-008 | RQ-ADAM-009 | RQ-ADAM-010 | RQ-ADAM-011 | RQ-ADAM-012 | RQ-ADAM-013 | RQ-ADAM-014 | RQ-ADAM-015 | RQ-ADAM-016 | RQ-ADAM-017 | RQ-ADAM-018 | RQ-ADAM-019 | RQ-ADAM-020 | RQ-ADAM-025 | RQ-ADAM-026 | RQ-ADAM-027 | RQ-ADAM-028 | RQ-ADAM-029 | RQ-ADAM-030 | RQ-ADAM-032,,,,,
adam_report_candidate_dd78e681913919285a3f6b05,4758e5ff4159f946e60c45a2,SRC-TAFSIR-IBN-KATHIR-ADAM,1503,shamela://local/5ac170a3045185ccf78e81ebd473cafb8069279b898836fd768c78de76a3d8e5/book/1503/volume/1/page/324?database_sha256=e81a1a6fa62cc5dfa224bc326728ab924456e6a77cdb10e17e887ab19a8081d8&segment_id=379,EARLY_REPORT_CANDIDATE,PRE_BOUNDARY_OR_NOT_APPLICABLE,KAB_AL_AHBAR,NO_ISNAD_PREFIX_DETECTED,1,EV-ADAM-010 | EV-ADAM-011 | EV-ADAM-020 | EV-ADAM-021 | EV-ADAM-022 | EV-ADAM-023 | EV-ADAM-024 | EV-ADAM-030 | EV-ADAM-031 | EV-ADAM-032 | EV-ADAM-033 | EV-ADAM-040 | EV-ADAM-041 | EV-ADAM-042 | EV-ADAM-050 | EV-ADAM-051 | EV-ADAM-052 | EV-ADAM-053 | EV-ADAM-054 | EV-ADAM-055 | EV-ADAM-070 | EV-ADAM-071 | EV-ADAM-080 | EV-ADAM-081 | EV-ADAM-082 | EV-ADAM-090 | EV-ADAM-091 | EV-ADAM-099,RQ-ADAM-007 | RQ-ADAM-008 | RQ-ADAM-009 | RQ-ADAM-010 | RQ-ADAM-011 | RQ-ADAM-012 | RQ-ADAM-013 | RQ-ADAM-014 | RQ-ADAM-015 | RQ-ADAM-016 | RQ-ADAM-017 | RQ-ADAM-018 | RQ-ADAM-019 | RQ-ADAM-020 | RQ-ADAM-025 | RQ-ADAM-026 | RQ-ADAM-027 | RQ-ADAM-028 | RQ-ADAM-029 | RQ-ADAM-030 | RQ-ADAM-032,,,,,
adam_report_candidate_34e6aa2468325fa1c1d1cdb5,4758e5ff4159f946e60c45a2,SRC-TAFSIR-IBN-KATHIR-ADAM,1503,shamela://local/5ac170a3045185ccf78e81ebd473cafb8069279b898836fd768c78de76a3d8e5/book/1503/volume/1/page/325?database_sha256=e81a1a6fa62cc5dfa224bc326728ab924456e6a77cdb10e17e887ab19a8081d8&segment_id=380,QURAN_EXEGESIS_CONTEXT_CANDIDATE,PRE_BOUNDARY_OR_NOT_APPLICABLE,KAB_AL_AHBAR,NO_ISNAD_PREFIX_DETECTED,0,EV-ADAM-010 | EV-ADAM-011 | EV-ADAM-020 | EV-ADAM-021 | EV-ADAM-022 | EV-ADAM-023 | EV-ADAM-024 | EV-ADAM-030 | EV-ADAM-031 | EV-ADAM-032 | EV-ADAM-033 | EV-ADAM-040 | EV-ADAM-041 | EV-ADAM-042 | EV-ADAM-050 | EV-ADAM-051 | EV-ADAM-052 | EV-ADAM-053 | EV-ADAM-054 | EV-ADAM-055 | EV-ADAM-070 | EV-ADAM-071 | EV-ADAM-080 | EV-ADAM-081 | EV-ADAM-082 | EV-ADAM-090 | EV-ADAM-091 | EV-ADAM-099,RQ-ADAM-007 | RQ-ADAM-008 | RQ-ADAM-009 | RQ-ADAM-010 | RQ-ADAM-011 | RQ-ADAM-012 | RQ-ADAM-013 | RQ-ADAM-014 | RQ-ADAM-015 | RQ-ADAM-016 | RQ-ADAM-017 | RQ-ADAM-018 | RQ-ADAM-019 | RQ-ADAM-020 | RQ-ADAM-025 | RQ-ADAM-026 | RQ-ADAM-027 | RQ-ADAM-028 | RQ-ADAM-029 | RQ-ADAM-030 | RQ-ADAM-032,,,,,
adam_report_candidate_97f014d4355c49002531b344,4758e5ff4159f946e60c45a2,SRC-TAFSIR-IBN-KATHIR-ADAM,1503,shamela://local/5ac170a3045185ccf78e81ebd473cafb8069279b898836fd768c78de76a3d8e5/book/1503/volume/1/page/325?database_sha256=e81a1a6fa62cc5dfa224bc326728ab924456e6a77cdb10e17e887ab19a8081d8&segment_id=380,PROPHETIC_HADITH_CANDIDATE,PRE_BOUNDARY_OR_NOT_APPLICABLE,KAB_AL_AHBAR,CANDIDATE_PREFIX_EXTRACTED,4,EV-ADAM-010 | EV-ADAM-011 | EV-ADAM-020 | EV-ADAM-021 | EV-ADAM-022 | EV-ADAM-023 | EV-ADAM-024 | EV-ADAM-030 | EV-ADAM-031 | EV-ADAM-032 | EV-ADAM-033 | EV-ADAM-040 | EV-ADAM-041 | EV-ADAM-042 | EV-ADAM-050 | EV-ADAM-051 | EV-ADAM-052 | EV-ADAM-053 | EV-ADAM-054 | EV-ADAM-055 | EV-ADAM-070 | EV-ADAM-071 | EV-ADAM-080 | EV-ADAM-081 | EV-ADAM-082 | EV-ADAM-090 | EV-ADAM-091 | EV-ADAM-099,RQ-ADAM-007 | RQ-ADAM-008 | RQ-ADAM-009 | RQ-ADAM-010 | RQ-ADAM-011 | RQ-ADAM-012 | RQ-ADAM-013 | RQ-ADAM-014 | RQ-ADAM-015 | RQ-ADAM-016 | RQ-ADAM-017 | RQ-ADAM-018 | RQ-ADAM-019 | RQ-ADAM-020 | RQ-ADAM-025 | RQ-ADAM-026 | RQ-ADAM-027 | RQ-ADAM-028 | RQ-ADAM-029 | RQ-ADAM-030 | RQ-ADAM-032,,,,,
adam_report_candidate_749258cc38ba90aa7229977d,4758e5ff4159f946e60c45a2,SRC-TAFSIR-IBN-KATHIR-ADAM,1503,shamela://local/5ac170a3045185ccf78e81ebd473cafb8069279b898836fd768c78de76a3d8e5/book/1503/volume/1/page/326?database_sha256=e81a1a6fa62cc5dfa224bc326728ab924456e6a77cdb10e17e887ab19a8081d8&segment_id=381,EARLY_REPORT_CANDIDATE,PRE_BOUNDARY_OR_NOT_APPLICABLE,KAB_AL_AHBAR,NO_ISNAD_PREFIX_DETECTED,1,EV-ADAM-010 | EV-ADAM-011 | EV-ADAM-020 | EV-ADAM-021 | EV-ADAM-022 | EV-ADAM-023 | EV-ADAM-024 | EV-ADAM-030 | EV-ADAM-031 | EV-ADAM-032 | EV-ADAM-033 | EV-ADAM-040 | EV-ADAM-041 | EV-ADAM-042 | EV-ADAM-050 | EV-ADAM-051 | EV-ADAM-052 | EV-ADAM-053 | EV-ADAM-054 | EV-ADAM-055 | EV-ADAM-070 | EV-ADAM-071 | EV-ADAM-080 | EV-ADAM-081 | EV-ADAM-082 | EV-ADAM-090 | EV-ADAM-091 | EV-ADAM-099,RQ-ADAM-007 | RQ-ADAM-008 | RQ-ADAM-009 | RQ-ADAM-010 | RQ-ADAM-011 | RQ-ADAM-012 | RQ-ADAM-013 | RQ-ADAM-014 | RQ-ADAM-015 | RQ-ADAM-016 | RQ-ADAM-017 | RQ-ADAM-018 | RQ-ADAM-019 | RQ-ADAM-020 | RQ-ADAM-025 | RQ-ADAM-026 | RQ-ADAM-027 | RQ-ADAM-028 | RQ-ADAM-029 | RQ-ADAM-030 | RQ-ADAM-032,,,,,
adam_report_candidate_34708cabfe874a8fe0ce0e8f,4758e5ff4159f946e60c45a2,SRC-TAFSIR-IBN-KATHIR-ADAM,1503,shamela://local/5ac170a3045185ccf78e81ebd473cafb8069279b898836fd768c78de76a3d8e5/book/1503/volume/1/page/327?database_sha256=e81a1a6fa62cc5dfa224bc326728ab924456e6a77cdb10e17e887ab19a8081d8&segment_id=382,EARLY_REPORT_CANDIDATE,PRE_BOUNDARY_OR_NOT_APPLICABLE,KAB_AL_AHBAR,NO_ISNAD_PREFIX_DETECTED,3,EV-ADAM-010 | EV-ADAM-011 | EV-ADAM-020 | EV-ADAM-021 | EV-ADAM-022 | EV-ADAM-023 | EV-ADAM-024 | EV-ADAM-030 | EV-ADAM-031 | EV-ADAM-032 | EV-ADAM-033 | EV-ADAM-040 | EV-ADAM-041 | EV-ADAM-042 | EV-ADAM-050 | EV-ADAM-051 | EV-ADAM-052 | EV-ADAM-053 | EV-ADAM-054 | EV-ADAM-055 | EV-ADAM-070 | EV-ADAM-071 | EV-ADAM-080 | EV-ADAM-081 | EV-ADAM-082 | EV-ADAM-090 | EV-ADAM-091 | EV-ADAM-099,RQ-ADAM-007 | RQ-ADAM-008 | RQ-ADAM-009 | RQ-ADAM-010 | RQ-ADAM-011 | RQ-ADAM-012 | RQ-ADAM-013 | RQ-ADAM-014 | RQ-ADAM-015 | RQ-ADAM-016 | RQ-ADAM-017 | RQ-ADAM-018 | RQ-ADAM-019 | RQ-ADAM-020 | RQ-ADAM-025 | RQ-ADAM-026 | RQ-ADAM-027 | RQ-ADAM-028 | RQ-ADAM-029 | RQ-ADAM-030 | RQ-ADAM-032,,,,,
adam_report_candidate_6cf0797796e880fd68b20cf7,4758e5ff4159f946e60c45a2,SRC-TAFSIR-IBN-KATHIR-ADAM,1503,shamela://local/5ac170a3045185ccf78e81ebd473cafb8069279b898836fd768c78de76a3d8e5/book/1503/volume/1/page/327?database_sha256=e81a1a6fa62cc5dfa224bc326728ab924456e6a77cdb10e17e887ab19a8081d8&segment_id=382,EARLY_REPORT_CANDIDATE,PRE_BOUNDARY_OR_NOT_APPLICABLE,KAB_AL_AHBAR,CANDIDATE_PREFIX_EXTRACTED,4,EV-ADAM-010 | EV-ADAM-011 | EV-ADAM-020 | EV-ADAM-021 | EV-ADAM-022 | EV-ADAM-023 | EV-ADAM-024 | EV-ADAM-030 | EV-ADAM-031 | EV-ADAM-032 | EV-ADAM-033 | EV-ADAM-040 | EV-ADAM-041 | EV-ADAM-042 | EV-ADAM-050 | EV-ADAM-051 | EV-ADAM-052 | EV-ADAM-053 | EV-ADAM-054 | EV-ADAM-055 | EV-ADAM-070 | EV-ADAM-071 | EV-ADAM-080 | EV-ADAM-081 | EV-ADAM-082 | EV-ADAM-090 | EV-ADAM-091 | EV-ADAM-099,RQ-ADAM-007 | RQ-ADAM-008 | RQ-ADAM-009 | RQ-ADAM-010 | RQ-ADAM-011 | RQ-ADAM-012 | RQ-ADAM-013 | RQ-ADAM-014 | RQ-ADAM-015 | RQ-ADAM-016 | RQ-ADAM-017 | RQ-ADAM-018 | RQ-ADAM-019 | RQ-ADAM-020 | RQ-ADAM-025 | RQ-ADAM-026 | RQ-ADAM-027 | RQ-ADAM-028 | RQ-ADAM-029 | RQ-ADAM-030 | RQ-ADAM-032,,,,,
adam_report_candidate_5bc9e8950dc133f41bcc155a,4758e5ff4159f946e60c45a2,SRC-TAFSIR-IBN-KATHIR-ADAM,1503,shamela://local/5ac170a3045185ccf78e81ebd473cafb8069279b898836fd768c78de76a3d8e5/book/1503/volume/1/page/327?database_sha256=e81a1a6fa62cc5dfa224bc326728ab924456e6a77cdb10e17e887ab19a8081d8&segment_id=382,UNCLASSIFIED_SOURCE_PASSAGE_CANDIDATE,PRE_BOUNDARY_OR_NOT_APPLICABLE,KAB_AL_AHBAR,NO_ISNAD_PREFIX_DETECTED,0,EV-ADAM-010 | EV-ADAM-011 | EV-ADAM-020 | EV-ADAM-021 | EV-ADAM-022 | EV-ADAM-023 | EV-ADAM-024 | EV-ADAM-030 | EV-ADAM-031 | EV-ADAM-032 | EV-ADAM-033 | EV-ADAM-040 | EV-ADAM-041 | EV-ADAM-042 | EV-ADAM-050 | EV-ADAM-051 | EV-ADAM-052 | EV-ADAM-053 | EV-ADAM-054 | EV-ADAM-055 | EV-ADAM-070 | EV-ADAM-071 | EV-ADAM-080 | EV-ADAM-081 | EV-ADAM-082 | EV-ADAM-090 | EV-ADAM-091 | EV-ADAM-099,RQ-ADAM-007 | RQ-ADAM-008 | RQ-ADAM-009 | RQ-ADAM-010 | RQ-ADAM-011 | RQ-ADAM-012 | RQ-ADAM-013 | RQ-ADAM-014 | RQ-ADAM-015 | RQ-ADAM-016 | RQ-ADAM-017 | RQ-ADAM-018 | RQ-ADAM-019 | RQ-ADAM-020 | RQ-ADAM-025 | RQ-ADAM-026 | RQ-ADAM-027 | RQ-ADAM-028 | RQ-ADAM-029 | RQ-ADAM-030 | RQ-ADAM-032,,,,,
adam_report_candidate_da994d9bbeb717a631e8f6a8,4758e5ff4159f946e60c45a2,SRC-TAFSIR-IBN-KATHIR-ADAM,1503,shamela://local/5ac170a3045185ccf78e81ebd473cafb8069279b898836fd768c78de76a3d8e5/book/1503/volume/1/page/328?database_sha256=e81a1a6fa62cc5dfa224bc326728ab924456e6a77cdb10e17e887ab19a8081d8&segment_id=383,PROPHETIC_HADITH_CANDIDATE,PRE_BOUNDARY_OR_NOT_APPLICABLE,KAB_AL_AHBAR,CANDIDATE_PREFIX_EXTRACTED,6,EV-ADAM-010 | EV-ADAM-011 | EV-ADAM-020 | EV-ADAM-021 | EV-ADAM-022 | EV-ADAM-023 | EV-ADAM-024 | EV-ADAM-030 | EV-ADAM-031 | EV-ADAM-032 | EV-ADAM-033 | EV-ADAM-040 | EV-ADAM-041 | EV-ADAM-042 | EV-ADAM-050 | EV-ADAM-051 | EV-ADAM-052 | EV-ADAM-053 | EV-ADAM-054 | EV-ADAM-055 | EV-ADAM-070 | EV-ADAM-071 | EV-ADAM-080 | EV-ADAM-081 | EV-ADAM-082 | EV-ADAM-090 | EV-ADAM-091 | EV-ADAM-099,RQ-ADAM-007 | RQ-ADAM-008 | RQ-ADAM-009 | RQ-ADAM-010 | RQ-ADAM-011 | RQ-ADAM-012 | RQ-ADAM-013 | RQ-ADAM-014 | RQ-ADAM-015 | RQ-ADAM-016 | RQ-ADAM-017 | RQ-ADAM-018 | RQ-ADAM-019 | RQ-ADAM-020 | RQ-ADAM-025 | RQ-ADAM-026 | RQ-ADAM-027 | RQ-ADAM-028 | RQ-ADAM-029 | RQ-ADAM-030 | RQ-ADAM-032,,,,,
adam_report_candidate_efaa28f45fff02c101e6cea3,4758e5ff4159f946e60c45a2,SRC-TAFSIR-IBN-KATHIR-ADAM,1503,shamela://local/5ac170a3045185ccf78e81ebd473cafb8069279b898836fd768c78de76a3d8e5/book/1503/volume/1/page/328?database_sha256=e81a1a6fa62cc5dfa224bc326728ab924456e6a77cdb10e17e887ab19a8081d8&segment_id=383,AUTHORIAL_COMMENTARY_CANDIDATE,PRE_BOUNDARY_OR_NOT_APPLICABLE,KAB_AL_AHBAR,NO_ISNAD_PREFIX_DETECTED,1,EV-ADAM-010 | EV-ADAM-011 | EV-ADAM-020 | EV-ADAM-021 | EV-ADAM-022 | EV-ADAM-023 | EV-ADAM-024 | EV-ADAM-030 | EV-ADAM-031 | EV-ADAM-032 | EV-ADAM-033 | EV-ADAM-040 | EV-ADAM-041 | EV-ADAM-042 | EV-ADAM-050 | EV-ADAM-051 | EV-ADAM-052 | EV-ADAM-053 | EV-ADAM-054 | EV-ADAM-055 | EV-ADAM-070 | EV-ADAM-071 | EV-ADAM-080 | EV-ADAM-081 | EV-ADAM-082 | EV-ADAM-090 | EV-ADAM-091 | EV-ADAM-099,RQ-ADAM-007 | RQ-ADAM-008 | RQ-ADAM-009 | RQ-ADAM-010 | RQ-ADAM-011 | RQ-ADAM-012 | RQ-ADAM-013 | RQ-ADAM-014 | RQ-ADAM-015 | RQ-ADAM-016 | RQ-ADAM-017 | RQ-ADAM-018 | RQ-ADAM-019 | RQ-ADAM-020 | RQ-ADAM-025 | RQ-ADAM-026 | RQ-ADAM-027 | RQ-ADAM-028 | RQ-ADAM-029 | RQ-ADAM-030 | RQ-ADAM-032,,,,,
adam_report_candidate_7fa2afa0b58f553c33f0551f,4758e5ff4159f946e60c45a2,SRC-TAFSIR-IBN-KATHIR-ADAM,1503,shamela://local/5ac170a3045185ccf78e81ebd473cafb8069279b898836fd768c78de76a3d8e5/book/1503/volume/1/page/328?database_sha256=e81a1a6fa62cc5dfa224bc326728ab924456e6a77cdb10e17e887ab19a8081d8&segment_id=383,AUTHORIAL_COMMENTARY_CANDIDATE,PRE_BOUNDARY_OR_NOT_APPLICABLE,KAB_AL_AHBAR,NO_ISNAD_PREFIX_DETECTED,6,EV-ADAM-010 | EV-ADAM-011 | EV-ADAM-020 | EV-ADAM-021 | EV-ADAM-022 | EV-ADAM-023 | EV-ADAM-024 | EV-ADAM-030 | EV-ADAM-031 | EV-ADAM-032 | EV-ADAM-033 | EV-ADAM-040 | EV-ADAM-041 | EV-ADAM-042 | EV-ADAM-050 | EV-ADAM-051 | EV-ADAM-052 | EV-ADAM-053 | EV-ADAM-054 | EV-ADAM-055 | EV-ADAM-070 | EV-ADAM-071 | EV-ADAM-080 | EV-ADAM-081 | EV-ADAM-082 | EV-ADAM-090 | EV-ADAM-091 | EV-ADAM-099,RQ-ADAM-007 | RQ-ADAM-008 | RQ-ADAM-009 | RQ-ADAM-010 | RQ-ADAM-011 | RQ-ADAM-012 | RQ-ADAM-013 | RQ-ADAM-014 | RQ-ADAM-015 | RQ-ADAM-016 | RQ-ADAM-017 | RQ-ADAM-018 | RQ-ADAM-019 | RQ-ADAM-020 | RQ-ADAM-025 | RQ-ADAM-026 | RQ-ADAM-027 | RQ-ADAM-028 | RQ-ADAM-029 | RQ-ADAM-030 | RQ-ADAM-032,,,,,
adam_report_candidate_f5d3f643f67cd44d08a60c86,4758e5ff4159f946e60c45a2,SRC-TAFSIR-IBN-KATHIR-ADAM,1503,shamela://local/5ac170a3045185ccf78e81ebd473cafb8069279b898836fd768c78de76a3d8e5/book/1503/volume/1/page/329?database_sha256=e81a1a6fa62cc5dfa224bc326728ab924456e6a77cdb10e17e887ab19a8081d8&segment_id=384,EARLY_REPORT_CANDIDATE,PRE_BOUNDARY_OR_NOT_APPLICABLE,KAB_AL_AHBAR,NO_ISNAD_PREFIX_DETECTED,5,EV-ADAM-010 | EV-ADAM-011 | EV-ADAM-020 | EV-ADAM-021 | EV-ADAM-022 | EV-ADAM-023 | EV-ADAM-024 | EV-ADAM-030 | EV-ADAM-031 | EV-ADAM-032 | EV-ADAM-033 | EV-ADAM-040 | EV-ADAM-041 | EV-ADAM-042 | EV-ADAM-050 | EV-ADAM-051 | EV-ADAM-052 | EV-ADAM-053 | EV-ADAM-054 | EV-ADAM-055 | EV-ADAM-070 | EV-ADAM-071 | EV-ADAM-080 | EV-ADAM-081 | EV-ADAM-082 | EV-ADAM-090 | EV-ADAM-091 | EV-ADAM-099,RQ-ADAM-007 | RQ-ADAM-008 | RQ-ADAM-009 | RQ-ADAM-010 | RQ-ADAM-011 | RQ-ADAM-012 | RQ-ADAM-013 | RQ-ADAM-014 | RQ-ADAM-015 | RQ-ADAM-016 | RQ-ADAM-017 | RQ-ADAM-018 | RQ-ADAM-019 | RQ-ADAM-020 | RQ-ADAM-025 | RQ-ADAM-026 | RQ-ADAM-027 | RQ-ADAM-028 | RQ-ADAM-029 | RQ-ADAM-030 | RQ-ADAM-032,,,,,
adam_report_candidate_cbe70c1adc1a8c20de1f94e9,4758e5ff4159f946e60c45a2,SRC-TAFSIR-IBN-KATHIR-ADAM,1503,shamela://local/5ac170a3045185ccf78e81ebd473cafb8069279b898836fd768c78de76a3d8e5/book/1503/volume/1/page/329?database_sha256=e81a1a6fa62cc5dfa224bc326728ab924456e6a77cdb10e17e887ab19a8081d8&segment_id=384,EARLY_REPORT_CANDIDATE,PRE_BOUNDARY_OR_NOT_APPLICABLE,KAB_AL_AHBAR,CANDIDATE_PREFIX_EXTRACTED,9,EV-ADAM-010 | EV-ADAM-011 | EV-ADAM-020 | EV-ADAM-021 | EV-ADAM-022 | EV-ADAM-023 | EV-ADAM-024 | EV-ADAM-030 | EV-ADAM-031 | EV-ADAM-032 | EV-ADAM-033 | EV-ADAM-040 | EV-ADAM-041 | EV-ADAM-042 | EV-ADAM-050 | EV-ADAM-051 | EV-ADAM-052 | EV-ADAM-053 | EV-ADAM-054 | EV-ADAM-055 | EV-ADAM-070 | EV-ADAM-071 | EV-ADAM-080 | EV-ADAM-081 | EV-ADAM-082 | EV-ADAM-090 | EV-ADAM-091 | EV-ADAM-099,RQ-ADAM-007 | RQ-ADAM-008 | RQ-ADAM-009 | RQ-ADAM-010 | RQ-ADAM-011 | RQ-ADAM-012 | RQ-ADAM-013 | RQ-ADAM-014 | RQ-ADAM-015 | RQ-ADAM-016 | RQ-ADAM-017 | RQ-ADAM-018 | RQ-ADAM-019 | RQ-ADAM-020 | RQ-ADAM-025 | RQ-ADAM-026 | RQ-ADAM-027 | RQ-ADAM-028 | RQ-ADAM-029 | RQ-ADAM-030 | RQ-ADAM-032,,,,,
adam_report_candidate_8e78d172636dbddac2d49d96,4758e5ff4159f946e60c45a2,SRC-TAFSIR-IBN-KATHIR-ADAM,1503,shamela://local/5ac170a3045185ccf78e81ebd473cafb8069279b898836fd768c78de76a3d8e5/book/1503/volume/1/page/330?database_sha256=e81a1a6fa62cc5dfa224bc326728ab924456e6a77cdb10e17e887ab19a8081d8&segment_id=385,EARLY_REPORT_CANDIDATE,PRE_BOUNDARY_OR_NOT_APPLICABLE,KAB_AL_AHBAR,NO_ISNAD_PREFIX_DETECTED,6,EV-ADAM-010 | EV-ADAM-011 | EV-ADAM-020 | EV-ADAM-021 | EV-ADAM-022 | EV-ADAM-023 | EV-ADAM-024 | EV-ADAM-030 | EV-ADAM-031 | EV-ADAM-032 | EV-ADAM-033 | EV-ADAM-040 | EV-ADAM-041 | EV-ADAM-042 | EV-ADAM-050 | EV-ADAM-051 | EV-ADAM-052 | EV-ADAM-053 | EV-ADAM-054 | EV-ADAM-055 | EV-ADAM-070 | EV-ADAM-071 | EV-ADAM-080 | EV-ADAM-081 | EV-ADAM-082 | EV-ADAM-090 | EV-ADAM-091 | EV-ADAM-099,RQ-ADAM-007 | RQ-ADAM-008 | RQ-ADAM-009 | RQ-ADAM-010 | RQ-ADAM-011 | RQ-ADAM-012 | RQ-ADAM-013 | RQ-ADAM-014 | RQ-ADAM-015 | RQ-ADAM-016 | RQ-ADAM-017 | RQ-ADAM-018 | RQ-ADAM-019 | RQ-ADAM-020 | RQ-ADAM-025 | RQ-ADAM-026 | RQ-ADAM-027 | RQ-ADAM-028 | RQ-ADAM-029 | RQ-ADAM-030 | RQ-ADAM-032,,,,,
adam_report_candidate_cb0a101da9e493f638e51729,4758e5ff4159f946e60c45a2,SRC-TAFSIR-IBN-KATHIR-ADAM,1503,shamela://local/5ac170a3045185ccf78e81ebd473cafb8069279b898836fd768c78de76a3d8e5/book/1503/volume/1/page/330?database_sha256=e81a1a6fa62cc5dfa224bc326728ab924456e6a77cdb10e17e887ab19a8081d8&segment_id=385,EARLY_REPORT_CANDIDATE,PRE_BOUNDARY_OR_NOT_APPLICABLE,KAB_AL_AHBAR,CANDIDATE_PREFIX_EXTRACTED,4,EV-ADAM-010 | EV-ADAM-011 | EV-ADAM-020 | EV-ADAM-021 | EV-ADAM-022 | EV-ADAM-023 | EV-ADAM-024 | EV-ADAM-030 | EV-ADAM-031 | EV-ADAM-032 | EV-ADAM-033 | EV-ADAM-040 | EV-ADAM-041 | EV-ADAM-042 | EV-ADAM-050 | EV-ADAM-051 | EV-ADAM-052 | EV-ADAM-053 | EV-ADAM-054 | EV-ADAM-055 | EV-ADAM-070 | EV-ADAM-071 | EV-ADAM-080 | EV-ADAM-081 | EV-ADAM-082 | EV-ADAM-090 | EV-ADAM-091 | EV-ADAM-099,RQ-ADAM-007 | RQ-ADAM-008 | RQ-ADAM-009 | RQ-ADAM-010 | RQ-ADAM-011 | RQ-ADAM-012 | RQ-ADAM-013 | RQ-ADAM-014 | RQ-ADAM-015 | RQ-ADAM-016 | RQ-ADAM-017 | RQ-ADAM-018 | RQ-ADAM-019 | RQ-ADAM-020 | RQ-ADAM-025 | RQ-ADAM-026 | RQ-ADAM-027 | RQ-ADAM-028 | RQ-ADAM-029 | RQ-ADAM-030 | RQ-ADAM-032,,,,,
adam_report_candidate_afa0d54e831dcfda9b2b80a1,4758e5ff4159f946e60c45a2,SRC-TAFSIR-IBN-KATHIR-ADAM,1503,shamela://local/5ac170a3045185ccf78e81ebd473cafb8069279b898836fd768c78de76a3d8e5/book/1503/volume/1/page/330?database_sha256=e81a1a6fa62cc5dfa224bc326728ab924456e6a77cdb10e17e887ab19a8081d8&segment_id=385,EARLY_REPORT_CANDIDATE,PRE_BOUNDARY_OR_NOT_APPLICABLE,KAB_AL_AHBAR,CANDIDATE_PREFIX_EXTRACTED,4,EV-ADAM-010 | EV-ADAM-011 | EV-ADAM-020 | EV-ADAM-021 | EV-ADAM-022 | EV-ADAM-023 | EV-ADAM-024 | EV-ADAM-030 | EV-ADAM-031 | EV-ADAM-032 | EV-ADAM-033 | EV-ADAM-040 | EV-ADAM-041 | EV-ADAM-042 | EV-ADAM-050 | EV-ADAM-051 | EV-ADAM-052 | EV-ADAM-053 | EV-ADAM-054 | EV-ADAM-055 | EV-ADAM-070 | EV-ADAM-071 | EV-ADAM-080 | EV-ADAM-081 | EV-ADAM-082 | EV-ADAM-090 | EV-ADAM-091 | EV-ADAM-099,RQ-ADAM-007 | RQ-ADAM-008 | RQ-ADAM-009 | RQ-ADAM-010 | RQ-ADAM-011 | RQ-ADAM-012 | RQ-ADAM-013 | RQ-ADAM-014 | RQ-ADAM-015 | RQ-ADAM-016 | RQ-ADAM-017 | RQ-ADAM-018 | RQ-ADAM-019 | RQ-ADAM-020 | RQ-ADAM-025 | RQ-ADAM-026 | RQ-ADAM-027 | RQ-ADAM-028 | RQ-ADAM-029 | RQ-ADAM-030 | RQ-ADAM-032,,,,,
adam_report_candidate_0a880bbde90d8e71a794f7f4,4758e5ff4159f946e60c45a2,SRC-TAFSIR-IBN-KATHIR-ADAM,1503,shamela://local/5ac170a3045185ccf78e81ebd473cafb8069279b898836fd768c78de76a3d8e5/book/1503/volume/1/page/331?database_sha256=e81a1a6fa62cc5dfa224bc326728ab924456e6a77cdb10e17e887ab19a8081d8&segment_id=386,AUTHORIAL_COMMENTARY_CANDIDATE,PRE_BOUNDARY_OR_NOT_APPLICABLE,KAB_AL_AHBAR,NO_ISNAD_PREFIX_DETECTED,7,EV-ADAM-010 | EV-ADAM-011 | EV-ADAM-020 | EV-ADAM-021 | EV-ADAM-022 | EV-ADAM-023 | EV-ADAM-024 | EV-ADAM-030 | EV-ADAM-031 | EV-ADAM-032 | EV-ADAM-033 | EV-ADAM-040 | EV-ADAM-041 | EV-ADAM-042 | EV-ADAM-050 | EV-ADAM-051 | EV-ADAM-052 | EV-ADAM-053 | EV-ADAM-054 | EV-ADAM-055 | EV-ADAM-070 | EV-ADAM-071 | EV-ADAM-080 | EV-ADAM-081 | EV-ADAM-082 | EV-ADAM-090 | EV-ADAM-091 | EV-ADAM-099,RQ-ADAM-007 | RQ-ADAM-008 | RQ-ADAM-009 | RQ-ADAM-010 | RQ-ADAM-011 | RQ-ADAM-012 | RQ-ADAM-013 | RQ-ADAM-014 | RQ-ADAM-015 | RQ-ADAM-016 | RQ-ADAM-017 | RQ-ADAM-018 | RQ-ADAM-019 | RQ-ADAM-020 | RQ-ADAM-025 | RQ-ADAM-026 | RQ-ADAM-027 | RQ-ADAM-028 | RQ-ADAM-029 | RQ-ADAM-030 | RQ-ADAM-032,,,,,
adam_report_candidate_17b283d3b5a2e2a47af736cf,4758e5ff4159f946e60c45a2,SRC-TAFSIR-IBN-KATHIR-ADAM,1503,shamela://local/5ac170a3045185ccf78e81ebd473cafb8069279b898836fd768c78de76a3d8e5/book/1503/volume/1/page/332?database_sha256=e81a1a6fa62cc5dfa224bc326728ab924456e6a77cdb10e17e887ab19a8081d8&segment_id=387,PROPHETIC_HADITH_CANDIDATE,PRE_BOUNDARY_OR_NOT_APPLICABLE,KAB_AL_AHBAR,CANDIDATE_PREFIX_EXTRACTED,1,EV-ADAM-010 | EV-ADAM-011 | EV-ADAM-020 | EV-ADAM-021 | EV-ADAM-022 | EV-ADAM-023 | EV-ADAM-024 | EV-ADAM-030 | EV-ADAM-031 | EV-ADAM-032 | EV-ADAM-033 | EV-ADAM-040 | EV-ADAM-041 | EV-ADAM-042 | EV-ADAM-050 | EV-ADAM-051 | EV-ADAM-052 | EV-ADAM-053 | EV-ADAM-054 | EV-ADAM-055 | EV-ADAM-070 | EV-ADAM-071 | EV-ADAM-080 | EV-ADAM-081 | EV-ADAM-082 | EV-ADAM-090 | EV-ADAM-091 | EV-ADAM-099,RQ-ADAM-007 | RQ-ADAM-008 | RQ-ADAM-009 | RQ-ADAM-010 | RQ-ADAM-011 | RQ-ADAM-012 | RQ-ADAM-013 | RQ-ADAM-014 | RQ-ADAM-015 | RQ-ADAM-016 | RQ-ADAM-017 | RQ-ADAM-018 | RQ-ADAM-019 | RQ-ADAM-020 | RQ-ADAM-025 | RQ-ADAM-026 | RQ-ADAM-027 | RQ-ADAM-028 | RQ-ADAM-029 | RQ-ADAM-030 | RQ-ADAM-032,,,,,
adam_report_candidate_4cb082d461646e2fb7304463,4758e5ff4159f946e60c45a2,SRC-TAFSIR-IBN-KATHIR-ADAM,1503,shamela://local/5ac170a3045185ccf78e81ebd473cafb8069279b898836fd768c78de76a3d8e5/book/1503/volume/1/page/332?database_sha256=e81a1a6fa62cc5dfa224bc326728ab924456e6a77cdb10e17e887ab19a8081d8&segment_id=387,PROPHETIC_HADITH_CANDIDATE,PRE_BOUNDARY_OR_NOT_APPLICABLE,KAB_AL_AHBAR,CANDIDATE_PREFIX_EXTRACTED,0,EV-ADAM-010 | EV-ADAM-011 | EV-ADAM-020 | EV-ADAM-021 | EV-ADAM-022 | EV-ADAM-023 | EV-ADAM-024 | EV-ADAM-030 | EV-ADAM-031 | EV-ADAM-032 | EV-ADAM-033 | EV-ADAM-040 | EV-ADAM-041 | EV-ADAM-042 | EV-ADAM-050 | EV-ADAM-051 | EV-ADAM-052 | EV-ADAM-053 | EV-ADAM-054 | EV-ADAM-055 | EV-ADAM-070 | EV-ADAM-071 | EV-ADAM-080 | EV-ADAM-081 | EV-ADAM-082 | EV-ADAM-090 | EV-ADAM-091 | EV-ADAM-099,RQ-ADAM-007 | RQ-ADAM-008 | RQ-ADAM-009 | RQ-ADAM-010 | RQ-ADAM-011 | RQ-ADAM-012 | RQ-ADAM-013 | RQ-ADAM-014 | RQ-ADAM-015 | RQ-ADAM-016 | RQ-ADAM-017 | RQ-ADAM-018 | RQ-ADAM-019 | RQ-ADAM-020 | RQ-ADAM-025 | RQ-ADAM-026 | RQ-ADAM-027 | RQ-ADAM-028 | RQ-ADAM-029 | RQ-ADAM-030 | RQ-ADAM-032,,,,,
adam_report_candidate_bbbff94401a45c818e385f33,4758e5ff4159f946e60c45a2,SRC-TAFSIR-IBN-KATHIR-ADAM,1503,shamela://local/5ac170a3045185ccf78e81ebd473cafb8069279b898836fd768c78de76a3d8e5/book/1503/volume/1/page/333?database_sha256=e81a1a6fa62cc5dfa224bc326728ab924456e6a77cdb10e17e887ab19a8081d8&segment_id=388,QURAN_EXEGESIS_CONTEXT_CANDIDATE,PRE_BOUNDARY_OR_NOT_APPLICABLE,KAB_AL_AHBAR,NO_ISNAD_PREFIX_DETECTED,0,EV-ADAM-010 | EV-ADAM-011 | EV-ADAM-020 | EV-ADAM-021 | EV-ADAM-022 | EV-ADAM-023 | EV-ADAM-024 | EV-ADAM-030 | EV-ADAM-031 | EV-ADAM-032 | EV-ADAM-033 | EV-ADAM-040 | EV-ADAM-041 | EV-ADAM-042 | EV-ADAM-050 | EV-ADAM-051 | EV-ADAM-052 | EV-ADAM-053 | EV-ADAM-054 | EV-ADAM-055 | EV-ADAM-070 | EV-ADAM-071 | EV-ADAM-080 | EV-ADAM-081 | EV-ADAM-082 | EV-ADAM-090 | EV-ADAM-091 | EV-ADAM-099,RQ-ADAM-007 | RQ-ADAM-008 | RQ-ADAM-009 | RQ-ADAM-010 | RQ-ADAM-011 | RQ-ADAM-012 | RQ-ADAM-013 | RQ-ADAM-014 | RQ-ADAM-015 | RQ-ADAM-016 | RQ-ADAM-017 | RQ-ADAM-018 | RQ-ADAM-019 | RQ-ADAM-020 | RQ-ADAM-025 | RQ-ADAM-026 | RQ-ADAM-027 | RQ-ADAM-028 | RQ-ADAM-029 | RQ-ADAM-030 | RQ-ADAM-032,,,,,
adam_report_candidate_64d5e1cf18c4117cfca417df,4758e5ff4159f946e60c45a2,SRC-TAFSIR-IBN-KATHIR-ADAM,1503,shamela://local/5ac170a3045185ccf78e81ebd473cafb8069279b898836fd768c78de76a3d8e5/book/1503/volume/1/page/334?database_sha256=e81a1a6fa62cc5dfa224bc326728ab924456e6a77cdb10e17e887ab19a8081d8&segment_id=389,EARLY_REPORT_CANDIDATE,PRE_BOUNDARY_OR_NOT_APPLICABLE,KAB_AL_AHBAR,NO_ISNAD_PREFIX_DETECTED,2,EV-ADAM-010 | EV-ADAM-011 | EV-ADAM-020 | EV-ADAM-021 | EV-ADAM-022 | EV-ADAM-023 | EV-ADAM-024 | EV-ADAM-030 | EV-ADAM-031 | EV-ADAM-032 | EV-ADAM-033 | EV-ADAM-040 | EV-ADAM-041 | EV-ADAM-042 | EV-ADAM-050 | EV-ADAM-051 | EV-ADAM-052 | EV-ADAM-053 | EV-ADAM-054 | EV-ADAM-055 | EV-ADAM-070 | EV-ADAM-071 | EV-ADAM-080 | EV-ADAM-081 | EV-ADAM-082 | EV-ADAM-090 | EV-ADAM-091 | EV-ADAM-099,RQ-ADAM-007 | RQ-ADAM-008 | RQ-ADAM-009 | RQ-ADAM-010 | RQ-ADAM-011 | RQ-ADAM-012 | RQ-ADAM-013 | RQ-ADAM-014 | RQ-ADAM-015 | RQ-ADAM-016 | RQ-ADAM-017 | RQ-ADAM-018 | RQ-ADAM-019 | RQ-ADAM-020 | RQ-ADAM-025 | RQ-ADAM-026 | RQ-ADAM-027 | RQ-ADAM-028 | RQ-ADAM-029 | RQ-ADAM-030 | RQ-ADAM-032,,,,,
adam_report_candidate_54b5e931a62cbfa614a2d5f2,4758e5ff4159f946e60c45a2,SRC-TAFSIR-IBN-KATHIR-ADAM,1503,shamela://local/5ac170a3045185ccf78e81ebd473cafb8069279b898836fd768c78de76a3d8e5/book/1503/volume/1/page/335?database_sha256=e81a1a6fa62cc5dfa224bc326728ab924456e6a77cdb10e17e887ab19a8081d8&segment_id=390,EARLY_REPORT_CANDIDATE,PRE_BOUNDARY_OR_NOT_APPLICABLE,KAB_AL_AHBAR,NO_ISNAD_PREFIX_DETECTED,3,EV-ADAM-010 | EV-ADAM-011 | EV-ADAM-020 | EV-ADAM-021 | EV-ADAM-022 | EV-ADAM-023 | EV-ADAM-024 | EV-ADAM-030 | EV-ADAM-031 | EV-ADAM-032 | EV-ADAM-033 | EV-ADAM-040 | EV-ADAM-041 | EV-ADAM-042 | EV-ADAM-050 | EV-ADAM-051 | EV-ADAM-052 | EV-ADAM-053 | EV-ADAM-054 | EV-ADAM-055 | EV-ADAM-070 | EV-ADAM-071 | EV-ADAM-080 | EV-ADAM-081 | EV-ADAM-082 | EV-ADAM-090 | EV-ADAM-091 | EV-ADAM-099,RQ-ADAM-007 | RQ-ADAM-008 | RQ-ADAM-009 | RQ-ADAM-010 | RQ-ADAM-011 | RQ-ADAM-012 | RQ-ADAM-013 | RQ-ADAM-014 | RQ-ADAM-015 | RQ-ADAM-016 | RQ-ADAM-017 | RQ-ADAM-018 | RQ-ADAM-019 | RQ-ADAM-020 | RQ-ADAM-025 | RQ-ADAM-026 | RQ-ADAM-027 | RQ-ADAM-028 | RQ-ADAM-029 | RQ-ADAM-030 | RQ-ADAM-032,,,,,
adam_report_candidate_47c8cac4edd464914d0f27ab,4758e5ff4159f946e60c45a2,SRC-TAFSIR-IBN-KATHIR-ADAM,1503,shamela://local/5ac170a3045185ccf78e81ebd473cafb8069279b898836fd768c78de76a3d8e5/book/1503/volume/1/page/336?database_sha256=e81a1a6fa62cc5dfa224bc326728ab924456e6a77cdb10e17e887ab19a8081d8&segment_id=391,PROPHETIC_HADITH_CANDIDATE,PRE_BOUNDARY_OR_NOT_APPLICABLE,KAB_AL_AHBAR,CANDIDATE_PREFIX_EXTRACTED,2,EV-ADAM-010 | EV-ADAM-011 | EV-ADAM-020 | EV-ADAM-021 | EV-ADAM-022 | EV-ADAM-023 | EV-ADAM-024 | EV-ADAM-030 | EV-ADAM-031 | EV-ADAM-032 | EV-ADAM-033 | EV-ADAM-040 | EV-ADAM-041 | EV-ADAM-042 | EV-ADAM-050 | EV-ADAM-051 | EV-ADAM-052 | EV-ADAM-053 | EV-ADAM-054 | EV-ADAM-055 | EV-ADAM-070 | EV-ADAM-071 | EV-ADAM-080 | EV-ADAM-081 | EV-ADAM-082 | EV-ADAM-090 | EV-ADAM-091 | EV-ADAM-099,RQ-ADAM-007 | RQ-ADAM-008 | RQ-ADAM-009 | RQ-ADAM-010 | RQ-ADAM-011 | RQ-ADAM-012 | RQ-ADAM-013 | RQ-ADAM-014 | RQ-ADAM-015 | RQ-ADAM-016 | RQ-ADAM-017 | RQ-ADAM-018 | RQ-ADAM-019 | RQ-ADAM-020 | RQ-ADAM-025 | RQ-ADAM-026 | RQ-ADAM-027 | RQ-ADAM-028 | RQ-ADAM-029 | RQ-ADAM-030 | RQ-ADAM-032,,,,,
adam_report_candidate_c92618477bafc9119c02cb0d,4758e5ff4159f946e60c45a2,SRC-TAFSIR-IBN-KATHIR-ADAM,1503,shamela://local/5ac170a3045185ccf78e81ebd473cafb8069279b898836fd768c78de76a3d8e5/book/1503/volume/1/page/336?database_sha256=e81a1a6fa62cc5dfa224bc326728ab924456e6a77cdb10e17e887ab19a8081d8&segment_id=391,PROPHETIC_HADITH_CANDIDATE,PRE_BOUNDARY_OR_NOT_APPLICABLE,KAB_AL_AHBAR,CANDIDATE_PREFIX_EXTRACTED,12,EV-ADAM-010 | EV-ADAM-011 | EV-ADAM-020 | EV-ADAM-021 | EV-ADAM-022 | EV-ADAM-023 | EV-ADAM-024 | EV-ADAM-030 | EV-ADAM-031 | EV-ADAM-032 | EV-ADAM-033 | EV-ADAM-040 | EV-ADAM-041 | EV-ADAM-042 | EV-ADAM-050 | EV-ADAM-051 | EV-ADAM-052 | EV-ADAM-053 | EV-ADAM-054 | EV-ADAM-055 | EV-ADAM-070 | EV-ADAM-071 | EV-ADAM-080 | EV-ADAM-081 | EV-ADAM-082 | EV-ADAM-090 | EV-ADAM-091 | EV-ADAM-099,RQ-ADAM-007 | RQ-ADAM-008 | RQ-ADAM-009 | RQ-ADAM-010 | RQ-ADAM-011 | RQ-ADAM-012 | RQ-ADAM-013 | RQ-ADAM-014 | RQ-ADAM-015 | RQ-ADAM-016 | RQ-ADAM-017 | RQ-ADAM-018 | RQ-ADAM-019 | RQ-ADAM-020 | RQ-ADAM-025 | RQ-ADAM-026 | RQ-ADAM-027 | RQ-ADAM-028 | RQ-ADAM-029 | RQ-ADAM-030 | RQ-ADAM-032,,,,,
adam_report_candidate_a6472dc17baa8d019f6029ec,4758e5ff4159f946e60c45a2,SRC-TAFSIR-IBN-KATHIR-ADAM,1503,shamela://local/5ac170a3045185ccf78e81ebd473cafb8069279b898836fd768c78de76a3d8e5/book/1503/volume/1/page/337?database_sha256=e81a1a6fa62cc5dfa224bc326728ab924456e6a77cdb10e17e887ab19a8081d8&segment_id=392,EARLY_REPORT_CANDIDATE,PRE_BOUNDARY_OR_NOT_APPLICABLE,KAB_AL_AHBAR,NO_ISNAD_PREFIX_DETECTED,1,EV-ADAM-010 | EV-ADAM-011 | EV-ADAM-020 | EV-ADAM-021 | EV-ADAM-022 | EV-ADAM-023 | EV-ADAM-024 | EV-ADAM-030 | EV-ADAM-031 | EV-ADAM-032 | EV-ADAM-033 | EV-ADAM-040 | EV-ADAM-041 | EV-ADAM-042 | EV-ADAM-050 | EV-ADAM-051 | EV-ADAM-052 | EV-ADAM-053 | EV-ADAM-054 | EV-ADAM-055 | EV-ADAM-070 | EV-ADAM-071 | EV-ADAM-080 | EV-ADAM-081 | EV-ADAM-082 | EV-ADAM-090 | EV-ADAM-091 | EV-ADAM-099,RQ-ADAM-007 | RQ-ADAM-008 | RQ-ADAM-009 | RQ-ADAM-010 | RQ-ADAM-011 | RQ-ADAM-012 | RQ-ADAM-013 | RQ-ADAM-014 | RQ-ADAM-015 | RQ-ADAM-016 | RQ-ADAM-017 | RQ-ADAM-018 | RQ-ADAM-019 | RQ-ADAM-020 | RQ-ADAM-025 | RQ-ADAM-026 | RQ-ADAM-027 | RQ-ADAM-028 | RQ-ADAM-029 | RQ-ADAM-030 | RQ-ADAM-032,,,,,
adam_report_candidate_466b74f8e1c951d1adbd7f38,4758e5ff4159f946e60c45a2,SRC-TAFSIR-IBN-KATHIR-ADAM,1503,shamela://local/5ac170a3045185ccf78e81ebd473cafb8069279b898836fd768c78de76a3d8e5/book/1503/volume/1/page/337?database_sha256=e81a1a6fa62cc5dfa224bc326728ab924456e6a77cdb10e17e887ab19a8081d8&segment_id=392,EARLY_REPORT_CANDIDATE,PRE_BOUNDARY_OR_NOT_APPLICABLE,KAB_AL_AHBAR,CANDIDATE_PREFIX_EXTRACTED,10,EV-ADAM-010 | EV-ADAM-011 | EV-ADAM-020 | EV-ADAM-021 | EV-ADAM-022 | EV-ADAM-023 | EV-ADAM-024 | EV-ADAM-030 | EV-ADAM-031 | EV-ADAM-032 | EV-ADAM-033 | EV-ADAM-040 | EV-ADAM-041 | EV-ADAM-042 | EV-ADAM-050 | EV-ADAM-051 | EV-ADAM-052 | EV-ADAM-053 | EV-ADAM-054 | EV-ADAM-055 | EV-ADAM-070 | EV-ADAM-071 | EV-ADAM-080 | EV-ADAM-081 | EV-ADAM-082 | EV-ADAM-090 | EV-ADAM-091 | EV-ADAM-099,RQ-ADAM-007 | RQ-ADAM-008 | RQ-ADAM-009 | RQ-ADAM-010 | RQ-ADAM-011 | RQ-ADAM-012 | RQ-ADAM-013 | RQ-ADAM-014 | RQ-ADAM-015 | RQ-ADAM-016 | RQ-ADAM-017 | RQ-ADAM-018 | RQ-ADAM-019 | RQ-ADAM-020 | RQ-ADAM-025 | RQ-ADAM-026 | RQ-ADAM-027 | RQ-ADAM-028 | RQ-ADAM-029 | RQ-ADAM-030 | RQ-ADAM-032,,,,,
adam_report_candidate_fc6bdd91a89f3fb57b326ca4,4758e5ff4159f946e60c45a2,SRC-TAFSIR-IBN-KATHIR-ADAM,1503,shamela://local/5ac170a3045185ccf78e81ebd473cafb8069279b898836fd768c78de76a3d8e5/book/1503/volume/1/page/338?database_sha256=e81a1a6fa62cc5dfa224bc326728ab924456e6a77cdb10e17e887ab19a8081d8&segment_id=393,UNCLASSIFIED_SOURCE_PASSAGE_CANDIDATE,PRE_BOUNDARY_OR_NOT_APPLICABLE,KAB_AL_AHBAR,NO_ISNAD_PREFIX_DETECTED,0,EV-ADAM-010 | EV-ADAM-011 | EV-ADAM-020 | EV-ADAM-021 | EV-ADAM-022 | EV-ADAM-023 | EV-ADAM-024 | EV-ADAM-030 | EV-ADAM-031 | EV-ADAM-032 | EV-ADAM-033 | EV-ADAM-040 | EV-ADAM-041 | EV-ADAM-042 | EV-ADAM-050 | EV-ADAM-051 | EV-ADAM-052 | EV-ADAM-053 | EV-ADAM-054 | EV-ADAM-055 | EV-ADAM-070 | EV-ADAM-071 | EV-ADAM-080 | EV-ADAM-081 | EV-ADAM-082 | EV-ADAM-090 | EV-ADAM-091 | EV-ADAM-099,RQ-ADAM-007 | RQ-ADAM-008 | RQ-ADAM-009 | RQ-ADAM-010 | RQ-ADAM-011 | RQ-ADAM-012 | RQ-ADAM-013 | RQ-ADAM-014 | RQ-ADAM-015 | RQ-ADAM-016 | RQ-ADAM-017 | RQ-ADAM-018 | RQ-ADAM-019 | RQ-ADAM-020 | RQ-ADAM-025 | RQ-ADAM-026 | RQ-ADAM-027 | RQ-ADAM-028 | RQ-ADAM-029 | RQ-ADAM-030 | RQ-ADAM-032,,,,,
adam_report_candidate_b6089a787f128ece8498511d,4758e5ff4159f946e60c45a2,SRC-TAFSIR-IBN-KATHIR-ADAM,1503,shamela://local/5ac170a3045185ccf78e81ebd473cafb8069279b898836fd768c78de76a3d8e5/book/1503/volume/1/page/338?database_sha256=e81a1a6fa62cc5dfa224bc326728ab924456e6a77cdb10e17e887ab19a8081d8&segment_id=393,EARLY_REPORT_CANDIDATE,PRE_BOUNDARY_OR_NOT_APPLICABLE,KAB_AL_AHBAR,CANDIDATE_PREFIX_EXTRACTED,6,EV-ADAM-010 | EV-ADAM-011 | EV-ADAM-020 | EV-ADAM-021 | EV-ADAM-022 | EV-ADAM-023 | EV-ADAM-024 | EV-ADAM-030 | EV-ADAM-031 | EV-ADAM-032 | EV-ADAM-033 | EV-ADAM-040 | EV-ADAM-041 | EV-ADAM-042 | EV-ADAM-050 | EV-ADAM-051 | EV-ADAM-052 | EV-ADAM-053 | EV-ADAM-054 | EV-ADAM-055 | EV-ADAM-070 | EV-ADAM-071 | EV-ADAM-080 | EV-ADAM-081 | EV-ADAM-082 | EV-ADAM-090 | EV-ADAM-091 | EV-ADAM-099,RQ-ADAM-007 | RQ-ADAM-008 | RQ-ADAM-009 | RQ-ADAM-010 | RQ-ADAM-011 | RQ-ADAM-012 | RQ-ADAM-013 | RQ-ADAM-014 | RQ-ADAM-015 | RQ-ADAM-016 | RQ-ADAM-017 | RQ-ADAM-018 | RQ-ADAM-019 | RQ-ADAM-020 | RQ-ADAM-025 | RQ-ADAM-026 | RQ-ADAM-027 | RQ-ADAM-028 | RQ-ADAM-029 | RQ-ADAM-030 | RQ-ADAM-032,,,,,
adam_report_candidate_85c20c9ddd1d29e2d4cabdc4,4758e5ff4159f946e60c45a2,SRC-TAFSIR-IBN-KATHIR-ADAM,1503,shamela://local/5ac170a3045185ccf78e81ebd473cafb8069279b898836fd768c78de76a3d8e5/book/1503/volume/1/page/339?database_sha256=e81a1a6fa62cc5dfa224bc326728ab924456e6a77cdb10e17e887ab19a8081d8&segment_id=394,EARLY_REPORT_CANDIDATE,PRE_BOUNDARY_OR_NOT_APPLICABLE,KAB_AL_AHBAR,NO_ISNAD_PREFIX_DETECTED,3,EV-ADAM-010 | EV-ADAM-011 | EV-ADAM-020 | EV-ADAM-021 | EV-ADAM-022 | EV-ADAM-023 | EV-ADAM-024 | EV-ADAM-030 | EV-ADAM-031 | EV-ADAM-032 | EV-ADAM-033 | EV-ADAM-040 | EV-ADAM-041 | EV-ADAM-042 | EV-ADAM-050 | EV-ADAM-051 | EV-ADAM-052 | EV-ADAM-053 | EV-ADAM-054 | EV-ADAM-055 | EV-ADAM-070 | EV-ADAM-071 | EV-ADAM-080 | EV-ADAM-081 | EV-ADAM-082 | EV-ADAM-090 | EV-ADAM-091 | EV-ADAM-099,RQ-ADAM-007 | RQ-ADAM-008 | RQ-ADAM-009 | RQ-ADAM-010 | RQ-ADAM-011 | RQ-ADAM-012 | RQ-ADAM-013 | RQ-ADAM-014 | RQ-ADAM-015 | RQ-ADAM-016 | RQ-ADAM-017 | RQ-ADAM-018 | RQ-ADAM-019 | RQ-ADAM-020 | RQ-ADAM-025 | RQ-ADAM-026 | RQ-ADAM-027 | RQ-ADAM-028 | RQ-ADAM-029 | RQ-ADAM-030 | RQ-ADAM-032,,,,,
adam_report_candidate_5d1946f2aedd4b916231882d,4758e5ff4159f946e60c45a2,SRC-TAFSIR-IBN-KATHIR-ADAM,1503,shamela://local/5ac170a3045185ccf78e81ebd473cafb8069279b898836fd768c78de76a3d8e5/book/1503/volume/1/page/340?database_sha256=e81a1a6fa62cc5dfa224bc326728ab924456e6a77cdb10e17e887ab19a8081d8&segment_id=395,EARLY_REPORT_CANDIDATE,PRE_BOUNDARY_OR_NOT_APPLICABLE,KAB_AL_AHBAR | WAHB_IBN_MUNABBIH,NO_ISNAD_PREFIX_DETECTED,4,EV-ADAM-010 | EV-ADAM-011 | EV-ADAM-020 | EV-ADAM-021 | EV-ADAM-022 | EV-ADAM-023 | EV-ADAM-024 | EV-ADAM-030 | EV-ADAM-031 | EV-ADAM-032 | EV-ADAM-033 | EV-ADAM-040 | EV-ADAM-041 | EV-ADAM-042 | EV-ADAM-050 | EV-ADAM-051 | EV-ADAM-052 | EV-ADAM-053 | EV-ADAM-054 | EV-ADAM-055 | EV-ADAM-070 | EV-ADAM-071 | EV-ADAM-080 | EV-ADAM-081 | EV-ADAM-082 | EV-ADAM-090 | EV-ADAM-091 | EV-ADAM-099,RQ-ADAM-007 | RQ-ADAM-008 | RQ-ADAM-009 | RQ-ADAM-010 | RQ-ADAM-011 | RQ-ADAM-012 | RQ-ADAM-013 | RQ-ADAM-014 | RQ-ADAM-015 | RQ-ADAM-016 | RQ-ADAM-017 | RQ-ADAM-018 | RQ-ADAM-019 | RQ-ADAM-020 | RQ-ADAM-025 | RQ-ADAM-026 | RQ-ADAM-027 | RQ-ADAM-028 | RQ-ADAM-029 | RQ-ADAM-030 | RQ-ADAM-032,,,,,
adam_report_candidate_2e4cf146921deab47099113f,4758e5ff4159f946e60c45a2,SRC-TAFSIR-IBN-KATHIR-ADAM,1503,shamela://local/5ac170a3045185ccf78e81ebd473cafb8069279b898836fd768c78de76a3d8e5/book/1503/volume/1/page/341?database_sha256=e81a1a6fa62cc5dfa224bc326728ab924456e6a77cdb10e17e887ab19a8081d8&segment_id=396,EARLY_REPORT_CANDIDATE,PRE_BOUNDARY_OR_NOT_APPLICABLE,KAB_AL_AHBAR,CANDIDATE_PREFIX_EXTRACTED,6,EV-ADAM-010 | EV-ADAM-011 | EV-ADAM-020 | EV-ADAM-021 | EV-ADAM-022 | EV-ADAM-023 | EV-ADAM-024 | EV-ADAM-030 | EV-ADAM-031 | EV-ADAM-032 | EV-ADAM-033 | EV-ADAM-040 | EV-ADAM-041 | EV-ADAM-042 | EV-ADAM-050 | EV-ADAM-051 | EV-ADAM-052 | EV-ADAM-053 | EV-ADAM-054 | EV-ADAM-055 | EV-ADAM-070 | EV-ADAM-071 | EV-ADAM-080 | EV-ADAM-081 | EV-ADAM-082 | EV-ADAM-090 | EV-ADAM-091 | EV-ADAM-099,RQ-ADAM-007 | RQ-ADAM-008 | RQ-ADAM-009 | RQ-ADAM-010 | RQ-ADAM-011 | RQ-ADAM-012 | RQ-ADAM-013 | RQ-ADAM-014 | RQ-ADAM-015 | RQ-ADAM-016 | RQ-ADAM-017 | RQ-ADAM-018 | RQ-ADAM-019 | RQ-ADAM-020 | RQ-ADAM-025 | RQ-ADAM-026 | RQ-ADAM-027 | RQ-ADAM-028 | RQ-ADAM-029 | RQ-ADAM-030 | RQ-ADAM-032,,,,,
adam_report_candidate_11924704a3874aff53dca7b3,4758e5ff4159f946e60c45a2,SRC-TAFSIR-IBN-KATHIR-ADAM,1503,shamela://local/5ac170a3045185ccf78e81ebd473cafb8069279b898836fd768c78de76a3d8e5/book/1503/volume/1/page/342?database_sha256=e81a1a6fa62cc5dfa224bc326728ab924456e6a77cdb10e17e887ab19a8081d8&segment_id=397,EARLY_REPORT_CANDIDATE,PRE_BOUNDARY_OR_NOT_APPLICABLE,KAB_AL_AHBAR,NO_ISNAD_PREFIX_DETECTED,3,EV-ADAM-010 | EV-ADAM-011 | EV-ADAM-020 | EV-ADAM-021 | EV-ADAM-022 | EV-ADAM-023 | EV-ADAM-024 | EV-ADAM-030 | EV-ADAM-031 | EV-ADAM-032 | EV-ADAM-033 | EV-ADAM-040 | EV-ADAM-041 | EV-ADAM-042 | EV-ADAM-050 | EV-ADAM-051 | EV-ADAM-052 | EV-ADAM-053 | EV-ADAM-054 | EV-ADAM-055 | EV-ADAM-070 | EV-ADAM-071 | EV-ADAM-080 | EV-ADAM-081 | EV-ADAM-082 | EV-ADAM-090 | EV-ADAM-091 | EV-ADAM-099,RQ-ADAM-007 | RQ-ADAM-008 | RQ-ADAM-009 | RQ-ADAM-010 | RQ-ADAM-011 | RQ-ADAM-012 | RQ-ADAM-013 | RQ-ADAM-014 | RQ-ADAM-015 | RQ-ADAM-016 | RQ-ADAM-017 | RQ-ADAM-018 | RQ-ADAM-019 | RQ-ADAM-020 | RQ-ADAM-025 | RQ-ADAM-026 | RQ-ADAM-027 | RQ-ADAM-028 | RQ-ADAM-029 | RQ-ADAM-030 | RQ-ADAM-032,,,,,
adam_report_candidate_22ace13edff5094a7b4a3f31,4758e5ff4159f946e60c45a2,SRC-TAFSIR-IBN-KATHIR-ADAM,1503,shamela://local/5ac170a3045185ccf78e81ebd473cafb8069279b898836fd768c78de76a3d8e5/book/1503/volume/1/page/343?database_sha256=e81a1a6fa62cc5dfa224bc326728ab924456e6a77cdb10e17e887ab19a8081d8&segment_id=398,EARLY_REPORT_CANDIDATE,PRE_BOUNDARY_OR_NOT_APPLICABLE,KAB_AL_AHBAR,NO_ISNAD_PREFIX_DETECTED,1,EV-ADAM-010 | EV-ADAM-011 | EV-ADAM-020 | EV-ADAM-021 | EV-ADAM-022 | EV-ADAM-023 | EV-ADAM-024 | EV-ADAM-030 | EV-ADAM-031 | EV-ADAM-032 | EV-ADAM-033 | EV-ADAM-040 | EV-ADAM-041 | EV-ADAM-042 | EV-ADAM-050 | EV-ADAM-051 | EV-ADAM-052 | EV-ADAM-053 | EV-ADAM-054 | EV-ADAM-055 | EV-ADAM-070 | EV-ADAM-071 | EV-ADAM-080 | EV-ADAM-081 | EV-ADAM-082 | EV-ADAM-090 | EV-ADAM-091 | EV-ADAM-099,RQ-ADAM-007 | RQ-ADAM-008 | RQ-ADAM-009 | RQ-ADAM-010 | RQ-ADAM-011 | RQ-ADAM-012 | RQ-ADAM-013 | RQ-ADAM-014 | RQ-ADAM-015 | RQ-ADAM-016 | RQ-ADAM-017 | RQ-ADAM-018 | RQ-ADAM-019 | RQ-ADAM-020 | RQ-ADAM-025 | RQ-ADAM-026 | RQ-ADAM-027 | RQ-ADAM-028 | RQ-ADAM-029 | RQ-ADAM-030 | RQ-ADAM-032,,,,,
adam_report_candidate_b8cd44a4f44c1740a5c8b559,4758e5ff4159f946e60c45a2,SRC-TAFSIR-IBN-KATHIR-ADAM,1503,shamela://local/5ac170a3045185ccf78e81ebd473cafb8069279b898836fd768c78de76a3d8e5/book/1503/volume/1/page/344?database_sha256=e81a1a6fa62cc5dfa224bc326728ab924456e6a77cdb10e17e887ab19a8081d8&segment_id=399,EARLY_REPORT_CANDIDATE,PRE_BOUNDARY_OR_NOT_APPLICABLE,KAB_AL_AHBAR,NO_ISNAD_PREFIX_DETECTED,7,EV-ADAM-010 | EV-ADAM-011 | EV-ADAM-020 | EV-ADAM-021 | EV-ADAM-022 | EV-ADAM-023 | EV-ADAM-024 | EV-ADAM-030 | EV-ADAM-031 | EV-ADAM-032 | EV-ADAM-033 | EV-ADAM-040 | EV-ADAM-041 | EV-ADAM-042 | EV-ADAM-050 | EV-ADAM-051 | EV-ADAM-052 | EV-ADAM-053 | EV-ADAM-054 | EV-ADAM-055 | EV-ADAM-070 | EV-ADAM-071 | EV-ADAM-080 | EV-ADAM-081 | EV-ADAM-082 | EV-ADAM-090 | EV-ADAM-091 | EV-ADAM-099,RQ-ADAM-007 | RQ-ADAM-008 | RQ-ADAM-009 | RQ-ADAM-010 | RQ-ADAM-011 | RQ-ADAM-012 | RQ-ADAM-013 | RQ-ADAM-014 | RQ-ADAM-015 | RQ-ADAM-016 | RQ-ADAM-017 | RQ-ADAM-018 | RQ-ADAM-019 | RQ-ADAM-020 | RQ-ADAM-025 | RQ-ADAM-026 | RQ-ADAM-027 | RQ-ADAM-028 | RQ-ADAM-029 | RQ-ADAM-030 | RQ-ADAM-032,,,,,
adam_report_candidate_e653f8a8f4474897dee039be,4758e5ff4159f946e60c45a2,SRC-TAFSIR-IBN-KATHIR-ADAM,1503,shamela://local/5ac170a3045185ccf78e81ebd473cafb8069279b898836fd768c78de76a3d8e5/book/1503/volume/1/page/345?database_sha256=e81a1a6fa62cc5dfa224bc326728ab924456e6a77cdb10e17e887ab19a8081d8&segment_id=400,EARLY_REPORT_CANDIDATE,PRE_BOUNDARY_OR_NOT_APPLICABLE,KAB_AL_AHBAR,CANDIDATE_PREFIX_EXTRACTED,12,EV-ADAM-010 | EV-ADAM-011 | EV-ADAM-020 | EV-ADAM-021 | EV-ADAM-022 | EV-ADAM-023 | EV-ADAM-024 | EV-ADAM-030 | EV-ADAM-031 | EV-ADAM-032 | EV-ADAM-033 | EV-ADAM-040 | EV-ADAM-041 | EV-ADAM-042 | EV-ADAM-050 | EV-ADAM-051 | EV-ADAM-052 | EV-ADAM-053 | EV-ADAM-054 | EV-ADAM-055 | EV-ADAM-070 | EV-ADAM-071 | EV-ADAM-080 | EV-ADAM-081 | EV-ADAM-082 | EV-ADAM-090 | EV-ADAM-091 | EV-ADAM-099,RQ-ADAM-007 | RQ-ADAM-008 | RQ-ADAM-009 | RQ-ADAM-010 | RQ-ADAM-011 | RQ-ADAM-012 | RQ-ADAM-013 | RQ-ADAM-014 | RQ-ADAM-015 | RQ-ADAM-016 | RQ-ADAM-017 | RQ-ADAM-018 | RQ-ADAM-019 | RQ-ADAM-020 | RQ-ADAM-025 | RQ-ADAM-026 | RQ-ADAM-027 | RQ-ADAM-028 | RQ-ADAM-029 | RQ-ADAM-030 | RQ-ADAM-032,,,,,
adam_report_candidate_8a41c20f9cf1092eabe1f497,4758e5ff4159f946e60c45a2,SRC-TAFSIR-IBN-KATHIR-ADAM,1503,shamela://local/5ac170a3045185ccf78e81ebd473cafb8069279b898836fd768c78de76a3d8e5/book/1503/volume/1/page/345?database_sha256=e81a1a6fa62cc5dfa224bc326728ab924456e6a77cdb10e17e887ab19a8081d8&segment_id=400,EARLY_REPORT_CANDIDATE,PRE_BOUNDARY_OR_NOT_APPLICABLE,KAB_AL_AHBAR,CANDIDATE_PREFIX_EXTRACTED,4,EV-ADAM-010 | EV-ADAM-011 | EV-ADAM-020 | EV-ADAM-021 | EV-ADAM-022 | EV-ADAM-023 | EV-ADAM-024 | EV-ADAM-030 | EV-ADAM-031 | EV-ADAM-032 | EV-ADAM-033 | EV-ADAM-040 | EV-ADAM-041 | EV-ADAM-042 | EV-ADAM-050 | EV-ADAM-051 | EV-ADAM-052 | EV-ADAM-053 | EV-ADAM-054 | EV-ADAM-055 | EV-ADAM-070 | EV-ADAM-071 | EV-ADAM-080 | EV-ADAM-081 | EV-ADAM-082 | EV-ADAM-090 | EV-ADAM-091 | EV-ADAM-099,RQ-ADAM-007 | RQ-ADAM-008 | RQ-ADAM-009 | RQ-ADAM-010 | RQ-ADAM-011 | RQ-ADAM-012 | RQ-ADAM-013 | RQ-ADAM-014 | RQ-ADAM-015 | RQ-ADAM-016 | RQ-ADAM-017 | RQ-ADAM-018 | RQ-ADAM-019 | RQ-ADAM-020 | RQ-ADAM-025 | RQ-ADAM-026 | RQ-ADAM-027 | RQ-ADAM-028 | RQ-ADAM-029 | RQ-ADAM-030 | RQ-ADAM-032,,,,,
adam_report_candidate_bea0acac1ff97e034a676f29,4758e5ff4159f946e60c45a2,SRC-TAFSIR-IBN-KATHIR-ADAM,1503,shamela://local/5ac170a3045185ccf78e81ebd473cafb8069279b898836fd768c78de76a3d8e5/book/1503/volume/1/page/346?database_sha256=e81a1a6fa62cc5dfa224bc326728ab924456e6a77cdb10e17e887ab19a8081d8&segment_id=401,AUTHORIAL_COMMENTARY_CANDIDATE,PRE_BOUNDARY_OR_NOT_APPLICABLE,KAB_AL_AHBAR,NO_ISNAD_PREFIX_DETECTED,0,EV-ADAM-010 | EV-ADAM-011 | EV-ADAM-020 | EV-ADAM-021 | EV-ADAM-022 | EV-ADAM-023 | EV-ADAM-024 | EV-ADAM-030 | EV-ADAM-031 | EV-ADAM-032 | EV-ADAM-033 | EV-ADAM-040 | EV-ADAM-041 | EV-ADAM-042 | EV-ADAM-050 | EV-ADAM-051 | EV-ADAM-052 | EV-ADAM-053 | EV-ADAM-054 | EV-ADAM-055 | EV-ADAM-070 | EV-ADAM-071 | EV-ADAM-080 | EV-ADAM-081 | EV-ADAM-082 | EV-ADAM-090 | EV-ADAM-091 | EV-ADAM-099,RQ-ADAM-007 | RQ-ADAM-008 | RQ-ADAM-009 | RQ-ADAM-010 | RQ-ADAM-011 | RQ-ADAM-012 | RQ-ADAM-013 | RQ-ADAM-014 | RQ-ADAM-015 | RQ-ADAM-016 | RQ-ADAM-017 | RQ-ADAM-018 | RQ-ADAM-019 | RQ-ADAM-020 | RQ-ADAM-025 | RQ-ADAM-026 | RQ-ADAM-027 | RQ-ADAM-028 | RQ-ADAM-029 | RQ-ADAM-030 | RQ-ADAM-032,,,,,
adam_report_candidate_e1a1ca2e0817fd9edd20fca1,4758e5ff4159f946e60c45a2,SRC-TAFSIR-IBN-KATHIR-ADAM,1503,shamela://local/5ac170a3045185ccf78e81ebd473cafb8069279b898836fd768c78de76a3d8e5/book/1503/volume/1/page/346?database_sha256=e81a1a6fa62cc5dfa224bc326728ab924456e6a77cdb10e17e887ab19a8081d8&segment_id=401,EARLY_REPORT_CANDIDATE,PRE_BOUNDARY_OR_NOT_APPLICABLE,KAB_AL_AHBAR,CANDIDATE_PREFIX_EXTRACTED,3,EV-ADAM-010 | EV-ADAM-011 | EV-ADAM-020 | EV-ADAM-021 | EV-ADAM-022 | EV-ADAM-023 | EV-ADAM-024 | EV-ADAM-030 | EV-ADAM-031 | EV-ADAM-032 | EV-ADAM-033 | EV-ADAM-040 | EV-ADAM-041 | EV-ADAM-042 | EV-ADAM-050 | EV-ADAM-051 | EV-ADAM-052 | EV-ADAM-053 | EV-ADAM-054 | EV-ADAM-055 | EV-ADAM-070 | EV-ADAM-071 | EV-ADAM-080 | EV-ADAM-081 | EV-ADAM-082 | EV-ADAM-090 | EV-ADAM-091 | EV-ADAM-099,RQ-ADAM-007 | RQ-ADAM-008 | RQ-ADAM-009 | RQ-ADAM-010 | RQ-ADAM-011 | RQ-ADAM-012 | RQ-ADAM-013 | RQ-ADAM-014 | RQ-ADAM-015 | RQ-ADAM-016 | RQ-ADAM-017 | RQ-ADAM-018 | RQ-ADAM-019 | RQ-ADAM-020 | RQ-ADAM-025 | RQ-ADAM-026 | RQ-ADAM-027 | RQ-ADAM-028 | RQ-ADAM-029 | RQ-ADAM-030 | RQ-ADAM-032,,,,,
adam_report_candidate_06e0946bcf879bc10d87c3dd,4758e5ff4159f946e60c45a2,SRC-TAFSIR-IBN-KATHIR-ADAM,1503,shamela://local/5ac170a3045185ccf78e81ebd473cafb8069279b898836fd768c78de76a3d8e5/book/1503/volume/1/page/346?database_sha256=e81a1a6fa62cc5dfa224bc326728ab924456e6a77cdb10e17e887ab19a8081d8&segment_id=401,EARLY_REPORT_CANDIDATE,PRE_BOUNDARY_OR_NOT_APPLICABLE,KAB_AL_AHBAR,CANDIDATE_PREFIX_EXTRACTED,6,EV-ADAM-010 | EV-ADAM-011 | EV-ADAM-020 | EV-ADAM-021 | EV-ADAM-022 | EV-ADAM-023 | EV-ADAM-024 | EV-ADAM-030 | EV-ADAM-031 | EV-ADAM-032 | EV-ADAM-033 | EV-ADAM-040 | EV-ADAM-041 | EV-ADAM-042 | EV-ADAM-050 | EV-ADAM-051 | EV-ADAM-052 | EV-ADAM-053 | EV-ADAM-054 | EV-ADAM-055 | EV-ADAM-070 | EV-ADAM-071 | EV-ADAM-080 | EV-ADAM-081 | EV-ADAM-082 | EV-ADAM-090 | EV-ADAM-091 | EV-ADAM-099,RQ-ADAM-007 | RQ-ADAM-008 | RQ-ADAM-009 | RQ-ADAM-010 | RQ-ADAM-011 | RQ-ADAM-012 | RQ-ADAM-013 | RQ-ADAM-014 | RQ-ADAM-015 | RQ-ADAM-016 | RQ-ADAM-017 | RQ-ADAM-018 | RQ-ADAM-019 | RQ-ADAM-020 | RQ-ADAM-025 | RQ-ADAM-026 | RQ-ADAM-027 | RQ-ADAM-028 | RQ-ADAM-029 | RQ-ADAM-030 | RQ-ADAM-032,,,,,
adam_report_candidate_51df5b1523defe3436ae17d7,4758e5ff4159f946e60c45a2,SRC-TAFSIR-IBN-KATHIR-ADAM,1503,shamela://local/5ac170a3045185ccf78e81ebd473cafb8069279b898836fd768c78de76a3d8e5/book/1503/volume/1/page/347?database_sha256=e81a1a6fa62cc5dfa224bc326728ab924456e6a77cdb10e17e887ab19a8081d8&segment_id=402,QURAN_EXEGESIS_CONTEXT_CANDIDATE,PRE_BOUNDARY_OR_NOT_APPLICABLE,KAB_AL_AHBAR,NO_ISNAD_PREFIX_DETECTED,0,EV-ADAM-010 | EV-ADAM-011 | EV-ADAM-020 | EV-ADAM-021 | EV-ADAM-022 | EV-ADAM-023 | EV-ADAM-024 | EV-ADAM-030 | EV-ADAM-031 | EV-ADAM-032 | EV-ADAM-033 | EV-ADAM-040 | EV-ADAM-041 | EV-ADAM-042 | EV-ADAM-050 | EV-ADAM-051 | EV-ADAM-052 | EV-ADAM-053 | EV-ADAM-054 | EV-ADAM-055 | EV-ADAM-070 | EV-ADAM-071 | EV-ADAM-080 | EV-ADAM-081 | EV-ADAM-082 | EV-ADAM-090 | EV-ADAM-091 | EV-ADAM-099,RQ-ADAM-007 | RQ-ADAM-008 | RQ-ADAM-009 | RQ-ADAM-010 | RQ-ADAM-011 | RQ-ADAM-012 | RQ-ADAM-013 | RQ-ADAM-014 | RQ-ADAM-015 | RQ-ADAM-016 | RQ-ADAM-017 | RQ-ADAM-018 | RQ-ADAM-019 | RQ-ADAM-020 | RQ-ADAM-025 | RQ-ADAM-026 | RQ-ADAM-027 | RQ-ADAM-028 | RQ-ADAM-029 | RQ-ADAM-030 | RQ-ADAM-032,,,,,
adam_report_candidate_eefe73c39e988177cc1a0f6f,4758e5ff4159f946e60c45a2,SRC-TAFSIR-IBN-KATHIR-ADAM,1503,shamela://local/5ac170a3045185ccf78e81ebd473cafb8069279b898836fd768c78de76a3d8e5/book/1503/volume/1/page/347?database_sha256=e81a1a6fa62cc5dfa224bc326728ab924456e6a77cdb10e17e887ab19a8081d8&segment_id=402,EARLY_REPORT_CANDIDATE,PRE_BOUNDARY_OR_NOT_APPLICABLE,KAB_AL_AHBAR,CANDIDATE_PREFIX_EXTRACTED,6,EV-ADAM-010 | EV-ADAM-011 | EV-ADAM-020 | EV-ADAM-021 | EV-ADAM-022 | EV-ADAM-023 | EV-ADAM-024 | EV-ADAM-030 | EV-ADAM-031 | EV-ADAM-032 | EV-ADAM-033 | EV-ADAM-040 | EV-ADAM-041 | EV-ADAM-042 | EV-ADAM-050 | EV-ADAM-051 | EV-ADAM-052 | EV-ADAM-053 | EV-ADAM-054 | EV-ADAM-055 | EV-ADAM-070 | EV-ADAM-071 | EV-ADAM-080 | EV-ADAM-081 | EV-ADAM-082 | EV-ADAM-090 | EV-ADAM-091 | EV-ADAM-099,RQ-ADAM-007 | RQ-ADAM-008 | RQ-ADAM-009 | RQ-ADAM-010 | RQ-ADAM-011 | RQ-ADAM-012 | RQ-ADAM-013 | RQ-ADAM-014 | RQ-ADAM-015 | RQ-ADAM-016 | RQ-ADAM-017 | RQ-ADAM-018 | RQ-ADAM-019 | RQ-ADAM-020 | RQ-ADAM-025 | RQ-ADAM-026 | RQ-ADAM-027 | RQ-ADAM-028 | RQ-ADAM-029 | RQ-ADAM-030 | RQ-ADAM-032,,,,,
adam_report_candidate_99a4efd38acfe7e14077774f,4758e5ff4159f946e60c45a2,SRC-TAFSIR-IBN-KATHIR-ADAM,1503,shamela://local/5ac170a3045185ccf78e81ebd473cafb8069279b898836fd768c78de76a3d8e5/book/1503/volume/1/page/348?database_sha256=e81a1a6fa62cc5dfa224bc326728ab924456e6a77cdb10e17e887ab19a8081d8&segment_id=403,EARLY_REPORT_CANDIDATE,PRE_BOUNDARY_OR_NOT_APPLICABLE,KAB_AL_AHBAR,NO_ISNAD_PREFIX_DETECTED,1,EV-ADAM-010 | EV-ADAM-011 | EV-ADAM-020 | EV-ADAM-021 | EV-ADAM-022 | EV-ADAM-023 | EV-ADAM-024 | EV-ADAM-030 | EV-ADAM-031 | EV-ADAM-032 | EV-ADAM-033 | EV-ADAM-040 | EV-ADAM-041 | EV-ADAM-042 | EV-ADAM-050 | EV-ADAM-051 | EV-ADAM-052 | EV-ADAM-053 | EV-ADAM-054 | EV-ADAM-055 | EV-ADAM-070 | EV-ADAM-071 | EV-ADAM-080 | EV-ADAM-081 | EV-ADAM-082 | EV-ADAM-090 | EV-ADAM-091 | EV-ADAM-099,RQ-ADAM-007 | RQ-ADAM-008 | RQ-ADAM-009 | RQ-ADAM-010 | RQ-ADAM-011 | RQ-ADAM-012 | RQ-ADAM-013 | RQ-ADAM-014 | RQ-ADAM-015 | RQ-ADAM-016 | RQ-ADAM-017 | RQ-ADAM-018 | RQ-ADAM-019 | RQ-ADAM-020 | RQ-ADAM-025 | RQ-ADAM-026 | RQ-ADAM-027 | RQ-ADAM-028 | RQ-ADAM-029 | RQ-ADAM-030 | RQ-ADAM-032,,,,,
adam_report_candidate_8dc6a850acb9d68f84446f7a,4758e5ff4159f946e60c45a2,SRC-TAFSIR-IBN-KATHIR-ADAM,1503,shamela://local/5ac170a3045185ccf78e81ebd473cafb8069279b898836fd768c78de76a3d8e5/book/1503/volume/1/page/348?database_sha256=e81a1a6fa62cc5dfa224bc326728ab924456e6a77cdb10e17e887ab19a8081d8&segment_id=403,PROPHETIC_HADITH_CANDIDATE,PRE_BOUNDARY_OR_NOT_APPLICABLE,KAB_AL_AHBAR,CANDIDATE_PREFIX_EXTRACTED,8,EV-ADAM-010 | EV-ADAM-011 | EV-ADAM-020 | EV-ADAM-021 | EV-ADAM-022 | EV-ADAM-023 | EV-ADAM-024 | EV-ADAM-030 | EV-ADAM-031 | EV-ADAM-032 | EV-ADAM-033 | EV-ADAM-040 | EV-ADAM-041 | EV-ADAM-042 | EV-ADAM-050 | EV-ADAM-051 | EV-ADAM-052 | EV-ADAM-053 | EV-ADAM-054 | EV-ADAM-055 | EV-ADAM-070 | EV-ADAM-071 | EV-ADAM-080 | EV-ADAM-081 | EV-ADAM-082 | EV-ADAM-090 | EV-ADAM-091 | EV-ADAM-099,RQ-ADAM-007 | RQ-ADAM-008 | RQ-ADAM-009 | RQ-ADAM-010 | RQ-ADAM-011 | RQ-ADAM-012 | RQ-ADAM-013 | RQ-ADAM-014 | RQ-ADAM-015 | RQ-ADAM-016 | RQ-ADAM-017 | RQ-ADAM-018 | RQ-ADAM-019 | RQ-ADAM-020 | RQ-ADAM-025 | RQ-ADAM-026 | RQ-ADAM-027 | RQ-ADAM-028 | RQ-ADAM-029 | RQ-ADAM-030 | RQ-ADAM-032,,,,,
adam_report_candidate_3693905222b7c2351f111430,4758e5ff4159f946e60c45a2,SRC-TAFSIR-IBN-KATHIR-ADAM,1503,shamela://local/5ac170a3045185ccf78e81ebd473cafb8069279b898836fd768c78de76a3d8e5/book/1503/volume/1/page/349?database_sha256=e81a1a6fa62cc5dfa224bc326728ab924456e6a77cdb10e17e887ab19a8081d8&segment_id=404,QURAN_EXEGESIS_CONTEXT_CANDIDATE,PRE_BOUNDARY_OR_NOT_APPLICABLE,KAB_AL_AHBAR,NO_ISNAD_PREFIX_DETECTED,0,EV-ADAM-010 | EV-ADAM-011 | EV-ADAM-020 | EV-ADAM-021 | EV-ADAM-022 | EV-ADAM-023 | EV-ADAM-024 | EV-ADAM-030 | EV-ADAM-031 | EV-ADAM-032 | EV-ADAM-033 | EV-ADAM-040 | EV-ADAM-041 | EV-ADAM-042 | EV-ADAM-050 | EV-ADAM-051 | EV-ADAM-052 | EV-ADAM-053 | EV-ADAM-054 | EV-ADAM-055 | EV-ADAM-070 | EV-ADAM-071 | EV-ADAM-080 | EV-ADAM-081 | EV-ADAM-082 | EV-ADAM-090 | EV-ADAM-091 | EV-ADAM-099,RQ-ADAM-007 | RQ-ADAM-008 | RQ-ADAM-009 | RQ-ADAM-010 | RQ-ADAM-011 | RQ-ADAM-012 | RQ-ADAM-013 | RQ-ADAM-014 | RQ-ADAM-015 | RQ-ADAM-016 | RQ-ADAM-017 | RQ-ADAM-018 | RQ-ADAM-019 | RQ-ADAM-020 | RQ-ADAM-025 | RQ-ADAM-026 | RQ-ADAM-027 | RQ-ADAM-028 | RQ-ADAM-029 | RQ-ADAM-030 | RQ-ADAM-032,,,,,
adam_report_candidate_6e92c2da8521bfdce42e492c,4758e5ff4159f946e60c45a2,SRC-TAFSIR-IBN-KATHIR-ADAM,1503,shamela://local/5ac170a3045185ccf78e81ebd473cafb8069279b898836fd768c78de76a3d8e5/book/1503/volume/1/page/350?database_sha256=e81a1a6fa62cc5dfa224bc326728ab924456e6a77cdb10e17e887ab19a8081d8&segment_id=405,QURAN_EXEGESIS_CONTEXT_CANDIDATE,MIXED_BOUNDARY_PRE_SECTION,KAB_AL_AHBAR,NO_ISNAD_PREFIX_DETECTED,0,EV-ADAM-010 | EV-ADAM-011 | EV-ADAM-020 | EV-ADAM-021 | EV-ADAM-022 | EV-ADAM-023 | EV-ADAM-024 | EV-ADAM-030 | EV-ADAM-031 | EV-ADAM-032 | EV-ADAM-033 | EV-ADAM-040 | EV-ADAM-041 | EV-ADAM-042 | EV-ADAM-050 | EV-ADAM-051 | EV-ADAM-052 | EV-ADAM-053 | EV-ADAM-054 | EV-ADAM-055 | EV-ADAM-070 | EV-ADAM-071 | EV-ADAM-080 | EV-ADAM-081 | EV-ADAM-082 | EV-ADAM-090 | EV-ADAM-091 | EV-ADAM-099,RQ-ADAM-007 | RQ-ADAM-008 | RQ-ADAM-009 | RQ-ADAM-010 | RQ-ADAM-011 | RQ-ADAM-012 | RQ-ADAM-013 | RQ-ADAM-014 | RQ-ADAM-015 | RQ-ADAM-016 | RQ-ADAM-017 | RQ-ADAM-018 | RQ-ADAM-019 | RQ-ADAM-020 | RQ-ADAM-025 | RQ-ADAM-026 | RQ-ADAM-027 | RQ-ADAM-028 | RQ-ADAM-029 | RQ-ADAM-030 | RQ-ADAM-032,,,,,
adam_report_candidate_3c0554d608fb992540afefb1,d432b6fd83e9ac644e5b96d8,SRC-TAFSIR-IBN-KATHIR-ADAM,1503,shamela://local/5ac170a3045185ccf78e81ebd473cafb8069279b898836fd768c78de76a3d8e5/book/1503/volume/4/page/642?database_sha256=e81a1a6fa62cc5dfa224bc326728ab924456e6a77cdb10e17e887ab19a8081d8&segment_id=2501,QURAN_EXEGESIS_CONTEXT_CANDIDATE,PRE_BOUNDARY_OR_NOT_APPLICABLE,,NO_ISNAD_PREFIX_DETECTED,0,EV-ADAM-001 | EV-ADAM-002 | EV-ADAM-003 | EV-ADAM-004 | EV-ADAM-005 | EV-ADAM-006 | EV-ADAM-007 | EV-ADAM-020 | EV-ADAM-021 | EV-ADAM-022 | EV-ADAM-023 | EV-ADAM-024 | EV-ADAM-050 | EV-ADAM-051 | EV-ADAM-052 | EV-ADAM-053 | EV-ADAM-054 | EV-ADAM-055,RQ-ADAM-001 | RQ-ADAM-002 | RQ-ADAM-003 | RQ-ADAM-004 | RQ-ADAM-005 | RQ-ADAM-006 | RQ-ADAM-020 | RQ-ADAM-009 | RQ-ADAM-010 | RQ-ADAM-011 | RQ-ADAM-012 | RQ-ADAM-017 | RQ-ADAM-018 | RQ-ADAM-019,,,,,
adam_report_candidate_a0c0c2adf263b10cfc158242,d432b6fd83e9ac644e5b96d8,SRC-TAFSIR-IBN-KATHIR-ADAM,1503,shamela://local/5ac170a3045185ccf78e81ebd473cafb8069279b898836fd768c78de76a3d8e5/book/1503/volume/4/page/643?database_sha256=e81a1a6fa62cc5dfa224bc326728ab924456e6a77cdb10e17e887ab19a8081d8&segment_id=2502,EARLY_REPORT_CANDIDATE,PRE_BOUNDARY_OR_NOT_APPLICABLE,,NO_ISNAD_PREFIX_DETECTED,2,EV-ADAM-001 | EV-ADAM-002 | EV-ADAM-003 | EV-ADAM-004 | EV-ADAM-005 | EV-ADAM-006 | EV-ADAM-007 | EV-ADAM-020 | EV-ADAM-021 | EV-ADAM-022 | EV-ADAM-023 | EV-ADAM-024 | EV-ADAM-050 | EV-ADAM-051 | EV-ADAM-052 | EV-ADAM-053 | EV-ADAM-054 | EV-ADAM-055,RQ-ADAM-001 | RQ-ADAM-002 | RQ-ADAM-003 | RQ-ADAM-004 | RQ-ADAM-005 | RQ-ADAM-006 | RQ-ADAM-020 | RQ-ADAM-009 | RQ-ADAM-010 | RQ-ADAM-011 | RQ-ADAM-012 | RQ-ADAM-017 | RQ-ADAM-018 | RQ-ADAM-019,,,,,
adam_report_candidate_2e50911de917a47418426cac,d432b6fd83e9ac644e5b96d8,SRC-TAFSIR-IBN-KATHIR-ADAM,1503,shamela://local/5ac170a3045185ccf78e81ebd473cafb8069279b898836fd768c78de76a3d8e5/book/1503/volume/4/page/643?database_sha256=e81a1a6fa62cc5dfa224bc326728ab924456e6a77cdb10e17e887ab19a8081d8&segment_id=2502,EARLY_REPORT_CANDIDATE,PRE_BOUNDARY_OR_NOT_APPLICABLE,,CANDIDATE_PREFIX_EXTRACTED,4,EV-ADAM-001 | EV-ADAM-002 | EV-ADAM-003 | EV-ADAM-004 | EV-ADAM-005 | EV-ADAM-006 | EV-ADAM-007 | EV-ADAM-020 | EV-ADAM-021 | EV-ADAM-022 | EV-ADAM-023 | EV-ADAM-024 | EV-ADAM-050 | EV-ADAM-051 | EV-ADAM-052 | EV-ADAM-053 | EV-ADAM-054 | EV-ADAM-055,RQ-ADAM-001 | RQ-ADAM-002 | RQ-ADAM-003 | RQ-ADAM-004 | RQ-ADAM-005 | RQ-ADAM-006 | RQ-ADAM-020 | RQ-ADAM-009 | RQ-ADAM-010 | RQ-ADAM-011 | RQ-ADAM-012 | RQ-ADAM-017 | RQ-ADAM-018 | RQ-ADAM-019,,,,,
adam_report_candidate_b5505677f23c84b90353606c,d432b6fd83e9ac644e5b96d8,SRC-TAFSIR-IBN-KATHIR-ADAM,1503,shamela://local/5ac170a3045185ccf78e81ebd473cafb8069279b898836fd768c78de76a3d8e5/book/1503/volume/4/page/643?database_sha256=e81a1a6fa62cc5dfa224bc326728ab924456e6a77cdb10e17e887ab19a8081d8&segment_id=2502,PROPHETIC_HADITH_CANDIDATE,PRE_BOUNDARY_OR_NOT_APPLICABLE,,CANDIDATE_PREFIX_EXTRACTED,12,EV-ADAM-001 | EV-ADAM-002 | EV-ADAM-003 | EV-ADAM-004 | EV-ADAM-005 | EV-ADAM-006 | EV-ADAM-007 | EV-ADAM-020 | EV-ADAM-021 | EV-ADAM-022 | EV-ADAM-023 | EV-ADAM-024 | EV-ADAM-050 | EV-ADAM-051 | EV-ADAM-052 | EV-ADAM-053 | EV-ADAM-054 | EV-ADAM-055,RQ-ADAM-001 | RQ-ADAM-002 | RQ-ADAM-003 | RQ-ADAM-004 | RQ-ADAM-005 | RQ-ADAM-006 | RQ-ADAM-020 | RQ-ADAM-009 | RQ-ADAM-010 | RQ-ADAM-011 | RQ-ADAM-012 | RQ-ADAM-017 | RQ-ADAM-018 | RQ-ADAM-019,,,,,
adam_report_candidate_d4fb47fe2c863d4801f2a93f,d432b6fd83e9ac644e5b96d8,SRC-TAFSIR-IBN-KATHIR-ADAM,1503,shamela://local/5ac170a3045185ccf78e81ebd473cafb8069279b898836fd768c78de76a3d8e5/book/1503/volume/4/page/644?database_sha256=e81a1a6fa62cc5dfa224bc326728ab924456e6a77cdb10e17e887ab19a8081d8&segment_id=2503,UNCLASSIFIED_SOURCE_PASSAGE_CANDIDATE,PRE_BOUNDARY_OR_NOT_APPLICABLE,,NO_ISNAD_PREFIX_DETECTED,0,EV-ADAM-001 | EV-ADAM-002 | EV-ADAM-003 | EV-ADAM-004 | EV-ADAM-005 | EV-ADAM-006 | EV-ADAM-007 | EV-ADAM-020 | EV-ADAM-021 | EV-ADAM-022 | EV-ADAM-023 | EV-ADAM-024 | EV-ADAM-050 | EV-ADAM-051 | EV-ADAM-052 | EV-ADAM-053 | EV-ADAM-054 | EV-ADAM-055,RQ-ADAM-001 | RQ-ADAM-002 | RQ-ADAM-003 | RQ-ADAM-004 | RQ-ADAM-005 | RQ-ADAM-006 | RQ-ADAM-020 | RQ-ADAM-009 | RQ-ADAM-010 | RQ-ADAM-011 | RQ-ADAM-012 | RQ-ADAM-017 | RQ-ADAM-018 | RQ-ADAM-019,,,,,
adam_report_candidate_66d206ec73237cf982d88255,d432b6fd83e9ac644e5b96d8,SRC-TAFSIR-IBN-KATHIR-ADAM,1503,shamela://local/5ac170a3045185ccf78e81ebd473cafb8069279b898836fd768c78de76a3d8e5/book/1503/volume/4/page/644?database_sha256=e81a1a6fa62cc5dfa224bc326728ab924456e6a77cdb10e17e887ab19a8081d8&segment_id=2503,PROPHETIC_HADITH_CANDIDATE,PRE_BOUNDARY_OR_NOT_APPLICABLE,,CANDIDATE_PREFIX_EXTRACTED,4,EV-ADAM-001 | EV-ADAM-002 | EV-ADAM-003 | EV-ADAM-004 | EV-ADAM-005 | EV-ADAM-006 | EV-ADAM-007 | EV-ADAM-020 | EV-ADAM-021 | EV-ADAM-022 | EV-ADAM-023 | EV-ADAM-024 | EV-ADAM-050 | EV-ADAM-051 | EV-ADAM-052 | EV-ADAM-053 | EV-ADAM-054 | EV-ADAM-055,RQ-ADAM-001 | RQ-ADAM-002 | RQ-ADAM-003 | RQ-ADAM-004 | RQ-ADAM-005 | RQ-ADAM-006 | RQ-ADAM-020 | RQ-ADAM-009 | RQ-ADAM-010 | RQ-ADAM-011 | RQ-ADAM-012 | RQ-ADAM-017 | RQ-ADAM-018 | RQ-ADAM-019,,,,,
adam_report_candidate_1d1497f650ca4886bcaedf14,d432b6fd83e9ac644e5b96d8,SRC-TAFSIR-IBN-KATHIR-ADAM,1503,shamela://local/5ac170a3045185ccf78e81ebd473cafb8069279b898836fd768c78de76a3d8e5/book/1503/volume/4/page/645?database_sha256=e81a1a6fa62cc5dfa224bc326728ab924456e6a77cdb10e17e887ab19a8081d8&segment_id=2504,EARLY_REPORT_CANDIDATE,PRE_BOUNDARY_OR_NOT_APPLICABLE,,CANDIDATE_PREFIX_EXTRACTED,5,EV-ADAM-001 | EV-ADAM-002 | EV-ADAM-003 | EV-ADAM-004 | EV-ADAM-005 | EV-ADAM-006 | EV-ADAM-007 | EV-ADAM-020 | EV-ADAM-021 | EV-ADAM-022 | EV-ADAM-023 | EV-ADAM-024 | EV-ADAM-050 | EV-ADAM-051 | EV-ADAM-052 | EV-ADAM-053 | EV-ADAM-054 | EV-ADAM-055,RQ-ADAM-001 | RQ-ADAM-002 | RQ-ADAM-003 | RQ-ADAM-004 | RQ-ADAM-005 | RQ-ADAM-006 | RQ-ADAM-020 | RQ-ADAM-009 | RQ-ADAM-010 | RQ-ADAM-011 | RQ-ADAM-012 | RQ-ADAM-017 | RQ-ADAM-018 | RQ-ADAM-019,,,,,
adam_report_candidate_be6d569cf715b3fe2b4651a9,d432b6fd83e9ac644e5b96d8,SRC-TAFSIR-IBN-KATHIR-ADAM,1503,shamela://local/5ac170a3045185ccf78e81ebd473cafb8069279b898836fd768c78de76a3d8e5/book/1503/volume/4/page/645?database_sha256=e81a1a6fa62cc5dfa224bc326728ab924456e6a77cdb10e17e887ab19a8081d8&segment_id=2504,EARLY_REPORT_CANDIDATE,PRE_BOUNDARY_OR_NOT_APPLICABLE,,CANDIDATE_PREFIX_EXTRACTED,10,EV-ADAM-001 | EV-ADAM-002 | EV-ADAM-003 | EV-ADAM-004 | EV-ADAM-005 | EV-ADAM-006 | EV-ADAM-007 | EV-ADAM-020 | EV-ADAM-021 | EV-ADAM-022 | EV-ADAM-023 | EV-ADAM-024 | EV-ADAM-050 | EV-ADAM-051 | EV-ADAM-052 | EV-ADAM-053 | EV-ADAM-054 | EV-ADAM-055,RQ-ADAM-001 | RQ-ADAM-002 | RQ-ADAM-003 | RQ-ADAM-004 | RQ-ADAM-005 | RQ-ADAM-006 | RQ-ADAM-020 | RQ-ADAM-009 | RQ-ADAM-010 | RQ-ADAM-011 | RQ-ADAM-012 | RQ-ADAM-017 | RQ-ADAM-018 | RQ-ADAM-019,,,,,
adam_report_candidate_00bdb819eae3e6b0283d8f09,d432b6fd83e9ac644e5b96d8,SRC-TAFSIR-IBN-KATHIR-ADAM,1503,shamela://local/5ac170a3045185ccf78e81ebd473cafb8069279b898836fd768c78de76a3d8e5/book/1503/volume/4/page/646?database_sha256=e81a1a6fa62cc5dfa224bc326728ab924456e6a77cdb10e17e887ab19a8081d8&segment_id=2505,EARLY_REPORT_CANDIDATE,PRE_BOUNDARY_OR_NOT_APPLICABLE,,NO_ISNAD_PREFIX_DETECTED,1,EV-ADAM-001 | EV-ADAM-002 | EV-ADAM-003 | EV-ADAM-004 | EV-ADAM-005 | EV-ADAM-006 | EV-ADAM-007 | EV-ADAM-020 | EV-ADAM-021 | EV-ADAM-022 | EV-ADAM-023 | EV-ADAM-024 | EV-ADAM-050 | EV-ADAM-051 | EV-ADAM-052 | EV-ADAM-053 | EV-ADAM-054 | EV-ADAM-055,RQ-ADAM-001 | RQ-ADAM-002 | RQ-ADAM-003 | RQ-ADAM-004 | RQ-ADAM-005 | RQ-ADAM-006 | RQ-ADAM-020 | RQ-ADAM-009 | RQ-ADAM-010 | RQ-ADAM-011 | RQ-ADAM-012 | RQ-ADAM-017 | RQ-ADAM-018 | RQ-ADAM-019,,,,,
adam_report_candidate_57c2d454b1e6693845da4eda,d432b6fd83e9ac644e5b96d8,SRC-TAFSIR-IBN-KATHIR-ADAM,1503,shamela://local/5ac170a3045185ccf78e81ebd473cafb8069279b898836fd768c78de76a3d8e5/book/1503/volume/4/page/646?database_sha256=e81a1a6fa62cc5dfa224bc326728ab924456e6a77cdb10e17e887ab19a8081d8&segment_id=2505,EARLY_REPORT_CANDIDATE,PRE_BOUNDARY_OR_NOT_APPLICABLE,,CANDIDATE_PREFIX_EXTRACTED,2,EV-ADAM-001 | EV-ADAM-002 | EV-ADAM-003 | EV-ADAM-004 | EV-ADAM-005 | EV-ADAM-006 | EV-ADAM-007 | EV-ADAM-020 | EV-ADAM-021 | EV-ADAM-022 | EV-ADAM-023 | EV-ADAM-024 | EV-ADAM-050 | EV-ADAM-051 | EV-ADAM-052 | EV-ADAM-053 | EV-ADAM-054 | EV-ADAM-055,RQ-ADAM-001 | RQ-ADAM-002 | RQ-ADAM-003 | RQ-ADAM-004 | RQ-ADAM-005 | RQ-ADAM-006 | RQ-ADAM-020 | RQ-ADAM-009 | RQ-ADAM-010 | RQ-ADAM-011 | RQ-ADAM-012 | RQ-ADAM-017 | RQ-ADAM-018 | RQ-ADAM-019,,,,,
adam_report_candidate_2aefffdd80e18738d47f9e70,d432b6fd83e9ac644e5b96d8,SRC-TAFSIR-IBN-KATHIR-ADAM,1503,shamela://local/5ac170a3045185ccf78e81ebd473cafb8069279b898836fd768c78de76a3d8e5/book/1503/volume/4/page/647?database_sha256=e81a1a6fa62cc5dfa224bc326728ab924456e6a77cdb10e17e887ab19a8081d8&segment_id=2506,EARLY_REPORT_CANDIDATE,PRE_BOUNDARY_OR_NOT_APPLICABLE,,NO_ISNAD_PREFIX_DETECTED,2,EV-ADAM-001 | EV-ADAM-002 | EV-ADAM-003 | EV-ADAM-004 | EV-ADAM-005 | EV-ADAM-006 | EV-ADAM-007 | EV-ADAM-020 | EV-ADAM-021 | EV-ADAM-022 | EV-ADAM-023 | EV-ADAM-024 | EV-ADAM-050 | EV-ADAM-051 | EV-ADAM-052 | EV-ADAM-053 | EV-ADAM-054 | EV-ADAM-055,RQ-ADAM-001 | RQ-ADAM-002 | RQ-ADAM-003 | RQ-ADAM-004 | RQ-ADAM-005 | RQ-ADAM-006 | RQ-ADAM-020 | RQ-ADAM-009 | RQ-ADAM-010 | RQ-ADAM-011 | RQ-ADAM-012 | RQ-ADAM-017 | RQ-ADAM-018 | RQ-ADAM-019,,,,,
adam_report_candidate_2e95cf6f86668b1f838ffdcf,d432b6fd83e9ac644e5b96d8,SRC-TAFSIR-IBN-KATHIR-ADAM,1503,shamela://local/5ac170a3045185ccf78e81ebd473cafb8069279b898836fd768c78de76a3d8e5/book/1503/volume/4/page/648?database_sha256=e81a1a6fa62cc5dfa224bc326728ab924456e6a77cdb10e17e887ab19a8081d8&segment_id=2507,PROPHETIC_HADITH_CANDIDATE,PRE_BOUNDARY_OR_NOT_APPLICABLE,WAHB_IBN_MUNABBIH,CANDIDATE_PREFIX_EXTRACTED,2,EV-ADAM-001 | EV-ADAM-002 | EV-ADAM-003 | EV-ADAM-004 | EV-ADAM-005 | EV-ADAM-006 | EV-ADAM-007 | EV-ADAM-020 | EV-ADAM-021 | EV-ADAM-022 | EV-ADAM-023 | EV-ADAM-024 | EV-ADAM-050 | EV-ADAM-051 | EV-ADAM-052 | EV-ADAM-053 | EV-ADAM-054 | EV-ADAM-055,RQ-ADAM-001 | RQ-ADAM-002 | RQ-ADAM-003 | RQ-ADAM-004 | RQ-ADAM-005 | RQ-ADAM-006 | RQ-ADAM-020 | RQ-ADAM-009 | RQ-ADAM-010 | RQ-ADAM-011 | RQ-ADAM-012 | RQ-ADAM-017 | RQ-ADAM-018 | RQ-ADAM-019,,,,,
adam_report_candidate_98bc350c8dd1f51496f64b46,d432b6fd83e9ac644e5b96d8,SRC-TAFSIR-IBN-KATHIR-ADAM,1503,shamela://local/5ac170a3045185ccf78e81ebd473cafb8069279b898836fd768c78de76a3d8e5/book/1503/volume/4/page/648?database_sha256=e81a1a6fa62cc5dfa224bc326728ab924456e6a77cdb10e17e887ab19a8081d8&segment_id=2507,PROPHETIC_HADITH_CANDIDATE,PRE_BOUNDARY_OR_NOT_APPLICABLE,,CANDIDATE_PREFIX_EXTRACTED,1,EV-ADAM-001 | EV-ADAM-002 | EV-ADAM-003 | EV-ADAM-004 | EV-ADAM-005 | EV-ADAM-006 | EV-ADAM-007 | EV-ADAM-020 | EV-ADAM-021 | EV-ADAM-022 | EV-ADAM-023 | EV-ADAM-024 | EV-ADAM-050 | EV-ADAM-051 | EV-ADAM-052 | EV-ADAM-053 | EV-ADAM-054 | EV-ADAM-055,RQ-ADAM-001 | RQ-ADAM-002 | RQ-ADAM-003 | RQ-ADAM-004 | RQ-ADAM-005 | RQ-ADAM-006 | RQ-ADAM-020 | RQ-ADAM-009 | RQ-ADAM-010 | RQ-ADAM-011 | RQ-ADAM-012 | RQ-ADAM-017 | RQ-ADAM-018 | RQ-ADAM-019,,,,,
adam_report_candidate_c814e9ad8d2b3bb6f1b8d900,d432b6fd83e9ac644e5b96d8,SRC-TAFSIR-IBN-KATHIR-ADAM,1503,shamela://local/5ac170a3045185ccf78e81ebd473cafb8069279b898836fd768c78de76a3d8e5/book/1503/volume/4/page/648?database_sha256=e81a1a6fa62cc5dfa224bc326728ab924456e6a77cdb10e17e887ab19a8081d8&segment_id=2507,EARLY_REPORT_CANDIDATE,PRE_BOUNDARY_OR_NOT_APPLICABLE,,CANDIDATE_PREFIX_EXTRACTED,3,EV-ADAM-001 | EV-ADAM-002 | EV-ADAM-003 | EV-ADAM-004 | EV-ADAM-005 | EV-ADAM-006 | EV-ADAM-007 | EV-ADAM-020 | EV-ADAM-021 | EV-ADAM-022 | EV-ADAM-023 | EV-ADAM-024 | EV-ADAM-050 | EV-ADAM-051 | EV-ADAM-052 | EV-ADAM-053 | EV-ADAM-054 | EV-ADAM-055,RQ-ADAM-001 | RQ-ADAM-002 | RQ-ADAM-003 | RQ-ADAM-004 | RQ-ADAM-005 | RQ-ADAM-006 | RQ-ADAM-020 | RQ-ADAM-009 | RQ-ADAM-010 | RQ-ADAM-011 | RQ-ADAM-012 | RQ-ADAM-017 | RQ-ADAM-018 | RQ-ADAM-019,,,,,
adam_report_candidate_98cdee2717bf50f1f2fac527,d432b6fd83e9ac644e5b96d8,SRC-TAFSIR-IBN-KATHIR-ADAM,1503,shamela://local/5ac170a3045185ccf78e81ebd473cafb8069279b898836fd768c78de76a3d8e5/book/1503/volume/4/page/649?database_sha256=e81a1a6fa62cc5dfa224bc326728ab924456e6a77cdb10e17e887ab19a8081d8&segment_id=2508,EARLY_REPORT_CANDIDATE,PRE_BOUNDARY_OR_NOT_APPLICABLE,,NO_ISNAD_PREFIX_DETECTED,3,EV-ADAM-001 | EV-ADAM-002 | EV-ADAM-003 | EV-ADAM-004 | EV-ADAM-005 | EV-ADAM-006 | EV-ADAM-007 | EV-ADAM-020 | EV-ADAM-021 | EV-ADAM-022 | EV-ADAM-023 | EV-ADAM-024 | EV-ADAM-050 | EV-ADAM-051 | EV-ADAM-052 | EV-ADAM-053 | EV-ADAM-054 | EV-ADAM-055,RQ-ADAM-001 | RQ-ADAM-002 | RQ-ADAM-003 | RQ-ADAM-004 | RQ-ADAM-005 | RQ-ADAM-006 | RQ-ADAM-020 | RQ-ADAM-009 | RQ-ADAM-010 | RQ-ADAM-011 | RQ-ADAM-012 | RQ-ADAM-017 | RQ-ADAM-018 | RQ-ADAM-019,,,,,
adam_report_candidate_63bb8e3d8d24acbce0ffce71,d432b6fd83e9ac644e5b96d8,SRC-TAFSIR-IBN-KATHIR-ADAM,1503,shamela://local/5ac170a3045185ccf78e81ebd473cafb8069279b898836fd768c78de76a3d8e5/book/1503/volume/4/page/649?database_sha256=e81a1a6fa62cc5dfa224bc326728ab924456e6a77cdb10e17e887ab19a8081d8&segment_id=2508,EARLY_REPORT_CANDIDATE,PRE_BOUNDARY_OR_NOT_APPLICABLE,,NO_ISNAD_PREFIX_DETECTED,1,EV-ADAM-001 | EV-ADAM-002 | EV-ADAM-003 | EV-ADAM-004 | EV-ADAM-005 | EV-ADAM-006 | EV-ADAM-007 | EV-ADAM-020 | EV-ADAM-021 | EV-ADAM-022 | EV-ADAM-023 | EV-ADAM-024 | EV-ADAM-050 | EV-ADAM-051 | EV-ADAM-052 | EV-ADAM-053 | EV-ADAM-054 | EV-ADAM-055,RQ-ADAM-001 | RQ-ADAM-002 | RQ-ADAM-003 | RQ-ADAM-004 | RQ-ADAM-005 | RQ-ADAM-006 | RQ-ADAM-020 | RQ-ADAM-009 | RQ-ADAM-010 | RQ-ADAM-011 | RQ-ADAM-012 | RQ-ADAM-017 | RQ-ADAM-018 | RQ-ADAM-019,,,,,
adam_report_candidate_9a7ec9eef2ae353d6157b048,d432b6fd83e9ac644e5b96d8,SRC-TAFSIR-IBN-KATHIR-ADAM,1503,shamela://local/5ac170a3045185ccf78e81ebd473cafb8069279b898836fd768c78de76a3d8e5/book/1503/volume/4/page/649?database_sha256=e81a1a6fa62cc5dfa224bc326728ab924456e6a77cdb10e17e887ab19a8081d8&segment_id=2508,PROPHETIC_HADITH_CANDIDATE,PRE_BOUNDARY_OR_NOT_APPLICABLE,,CANDIDATE_PREFIX_EXTRACTED,6,EV-ADAM-001 | EV-ADAM-002 | EV-ADAM-003 | EV-ADAM-004 | EV-ADAM-005 | EV-ADAM-006 | EV-ADAM-007 | EV-ADAM-020 | EV-ADAM-021 | EV-ADAM-022 | EV-ADAM-023 | EV-ADAM-024 | EV-ADAM-050 | EV-ADAM-051 | EV-ADAM-052 | EV-ADAM-053 | EV-ADAM-054 | EV-ADAM-055,RQ-ADAM-001 | RQ-ADAM-002 | RQ-ADAM-003 | RQ-ADAM-004 | RQ-ADAM-005 | RQ-ADAM-006 | RQ-ADAM-020 | RQ-ADAM-009 | RQ-ADAM-010 | RQ-ADAM-011 | RQ-ADAM-012 | RQ-ADAM-017 | RQ-ADAM-018 | RQ-ADAM-019,,,,,
adam_report_candidate_3ae0245d4a10bed21d0e69a4,d432b6fd83e9ac644e5b96d8,SRC-TAFSIR-IBN-KATHIR-ADAM,1503,shamela://local/5ac170a3045185ccf78e81ebd473cafb8069279b898836fd768c78de76a3d8e5/book/1503/volume/4/page/649?database_sha256=e81a1a6fa62cc5dfa224bc326728ab924456e6a77cdb10e17e887ab19a8081d8&segment_id=2508,PROPHETIC_HADITH_CANDIDATE,PRE_BOUNDARY_OR_NOT_APPLICABLE,,CANDIDATE_PREFIX_EXTRACTED,8,EV-ADAM-001 | EV-ADAM-002 | EV-ADAM-003 | EV-ADAM-004 | EV-ADAM-005 | EV-ADAM-006 | EV-ADAM-007 | EV-ADAM-020 | EV-ADAM-021 | EV-ADAM-022 | EV-ADAM-023 | EV-ADAM-024 | EV-ADAM-050 | EV-ADAM-051 | EV-ADAM-052 | EV-ADAM-053 | EV-ADAM-054 | EV-ADAM-055,RQ-ADAM-001 | RQ-ADAM-002 | RQ-ADAM-003 | RQ-ADAM-004 | RQ-ADAM-005 | RQ-ADAM-006 | RQ-ADAM-020 | RQ-ADAM-009 | RQ-ADAM-010 | RQ-ADAM-011 | RQ-ADAM-012 | RQ-ADAM-017 | RQ-ADAM-018 | RQ-ADAM-019,,,,,
adam_report_candidate_290b92491b2b9e8d28602519,a6a710910d8fe66122a3864c,SRC-TAFSIR-IBN-KATHIR-ADAM,1503,shamela://local/5ac170a3045185ccf78e81ebd473cafb8069279b898836fd768c78de76a3d8e5/book/1503/volume/4/page/8?database_sha256=e81a1a6fa62cc5dfa224bc326728ab924456e6a77cdb10e17e887ab19a8081d8&segment_id=1867,PROPHETIC_HADITH_CANDIDATE,PRE_BOUNDARY_OR_NOT_APPLICABLE,,CANDIDATE_PREFIX_EXTRACTED,1,,,,,,,
adam_report_candidate_54ea11bb51547ca775e76bc7,a6a710910d8fe66122a3864c,SRC-TAFSIR-IBN-KATHIR-ADAM,1503,shamela://local/5ac170a3045185ccf78e81ebd473cafb8069279b898836fd768c78de76a3d8e5/book/1503/volume/4/page/9?database_sha256=e81a1a6fa62cc5dfa224bc326728ab924456e6a77cdb10e17e887ab19a8081d8&segment_id=1868,EARLY_REPORT_CANDIDATE,PRE_BOUNDARY_OR_NOT_APPLICABLE,,NO_ISNAD_PREFIX_DETECTED,3,,,,,,,
adam_report_candidate_16c5f279606caca37f3a58f8,a6a710910d8fe66122a3864c,SRC-TAFSIR-IBN-KATHIR-ADAM,1503,shamela://local/5ac170a3045185ccf78e81ebd473cafb8069279b898836fd768c78de76a3d8e5/book/1503/volume/4/page/10?database_sha256=e81a1a6fa62cc5dfa224bc326728ab924456e6a77cdb10e17e887ab19a8081d8&segment_id=1869,PROPHETIC_HADITH_CANDIDATE,PRE_BOUNDARY_OR_NOT_APPLICABLE,,CANDIDATE_PREFIX_EXTRACTED,1,,,,,,,
adam_report_candidate_005fe08f795df9fe9c73eb23,a6a710910d8fe66122a3864c,SRC-TAFSIR-IBN-KATHIR-ADAM,1503,shamela://local/5ac170a3045185ccf78e81ebd473cafb8069279b898836fd768c78de76a3d8e5/book/1503/volume/4/page/10?database_sha256=e81a1a6fa62cc5dfa224bc326728ab924456e6a77cdb10e17e887ab19a8081d8&segment_id=1869,PROPHETIC_HADITH_CANDIDATE,PRE_BOUNDARY_OR_NOT_APPLICABLE,,CANDIDATE_PREFIX_EXTRACTED,12,,,,,,,
adam_report_candidate_9012ba3fb1a1d3a1e3773f0b,a6a710910d8fe66122a3864c,SRC-TAFSIR-IBN-KATHIR-ADAM,1503,shamela://local/5ac170a3045185ccf78e81ebd473cafb8069279b898836fd768c78de76a3d8e5/book/1503/volume/4/page/11?database_sha256=e81a1a6fa62cc5dfa224bc326728ab924456e6a77cdb10e17e887ab19a8081d8&segment_id=1870,EARLY_REPORT_CANDIDATE,PRE_BOUNDARY_OR_NOT_APPLICABLE,,NO_ISNAD_PREFIX_DETECTED,1,,,,,,,
adam_report_candidate_bf9a3c42baa8331d3e89e052,a6a710910d8fe66122a3864c,SRC-TAFSIR-IBN-KATHIR-ADAM,1503,shamela://local/5ac170a3045185ccf78e81ebd473cafb8069279b898836fd768c78de76a3d8e5/book/1503/volume/4/page/11?database_sha256=e81a1a6fa62cc5dfa224bc326728ab924456e6a77cdb10e17e887ab19a8081d8&segment_id=1870,EARLY_REPORT_CANDIDATE,PRE_BOUNDARY_OR_NOT_APPLICABLE,,CANDIDATE_PREFIX_EXTRACTED,4,,,,,,,
adam_report_candidate_8610a7ded86d3e538c11f52e,1058089e94ef260fb04c5632,SRC-TAFSIR-IBN-KATHIR-ADAM,1503,shamela://local/5ac170a3045185ccf78e81ebd473cafb8069279b898836fd768c78de76a3d8e5/book/1503/volume/5/page/165?database_sha256=e81a1a6fa62cc5dfa224bc326728ab924456e6a77cdb10e17e887ab19a8081d8&segment_id=2743,QURAN_EXEGESIS_CONTEXT_CANDIDATE,PRE_BOUNDARY_OR_NOT_APPLICABLE,,NO_ISNAD_PREFIX_DETECTED,0,,,,,,,
adam_report_candidate_114588c0ad5d6f53cbdc1718,1058089e94ef260fb04c5632,SRC-TAFSIR-IBN-KATHIR-ADAM,1503,shamela://local/5ac170a3045185ccf78e81ebd473cafb8069279b898836fd768c78de76a3d8e5/book/1503/volume/5/page/165?database_sha256=e81a1a6fa62cc5dfa224bc326728ab924456e6a77cdb10e17e887ab19a8081d8&segment_id=2743,PROPHETIC_HADITH_CANDIDATE,PRE_BOUNDARY_OR_NOT_APPLICABLE,,CANDIDATE_PREFIX_EXTRACTED,0,,,,,,,
adam_report_candidate_80b307c7813294667283ccc2,1058089e94ef260fb04c5632,SRC-TAFSIR-IBN-KATHIR-ADAM,1503,shamela://local/5ac170a3045185ccf78e81ebd473cafb8069279b898836fd768c78de76a3d8e5/book/1503/volume/5/page/165?database_sha256=e81a1a6fa62cc5dfa224bc326728ab924456e6a77cdb10e17e887ab19a8081d8&segment_id=2743,PROPHETIC_HADITH_CANDIDATE,PRE_BOUNDARY_OR_NOT_APPLICABLE,,CANDIDATE_PREFIX_EXTRACTED,5,,,,,,,
adam_report_candidate_707702d80a9d007f9d6e6a4a,1058089e94ef260fb04c5632,SRC-TAFSIR-IBN-KATHIR-ADAM,1503,shamela://local/5ac170a3045185ccf78e81ebd473cafb8069279b898836fd768c78de76a3d8e5/book/1503/volume/5/page/166?database_sha256=e81a1a6fa62cc5dfa224bc326728ab924456e6a77cdb10e17e887ab19a8081d8&segment_id=2744,EARLY_REPORT_CANDIDATE,PRE_BOUNDARY_OR_NOT_APPLICABLE,,NO_ISNAD_PREFIX_DETECTED,1,,,,,,,
adam_report_candidate_2d7b5c7ecb4cc31f512afde0,1058089e94ef260fb04c5632,SRC-TAFSIR-IBN-KATHIR-ADAM,1503,shamela://local/5ac170a3045185ccf78e81ebd473cafb8069279b898836fd768c78de76a3d8e5/book/1503/volume/5/page/166?database_sha256=e81a1a6fa62cc5dfa224bc326728ab924456e6a77cdb10e17e887ab19a8081d8&segment_id=2744,PROPHETIC_HADITH_CANDIDATE,PRE_BOUNDARY_OR_NOT_APPLICABLE,,CANDIDATE_PREFIX_EXTRACTED,8,,,,,,,
adam_report_candidate_f26d1a5210e6d4bb9c379b6e,1058089e94ef260fb04c5632,SRC-TAFSIR-IBN-KATHIR-ADAM,1503,shamela://local/5ac170a3045185ccf78e81ebd473cafb8069279b898836fd768c78de76a3d8e5/book/1503/volume/5/page/167?database_sha256=e81a1a6fa62cc5dfa224bc326728ab924456e6a77cdb10e17e887ab19a8081d8&segment_id=2745,PROPHETIC_HADITH_CANDIDATE,PRE_BOUNDARY_OR_NOT_APPLICABLE,,CANDIDATE_PREFIX_EXTRACTED,4,,,,,,,
adam_report_candidate_b4bfd9706bd5dd086acf64ce,1058089e94ef260fb04c5632,SRC-TAFSIR-IBN-KATHIR-ADAM,1503,shamela://local/5ac170a3045185ccf78e81ebd473cafb8069279b898836fd768c78de76a3d8e5/book/1503/volume/5/page/168?database_sha256=e81a1a6fa62cc5dfa224bc326728ab924456e6a77cdb10e17e887ab19a8081d8&segment_id=2746,EARLY_REPORT_CANDIDATE,PRE_BOUNDARY_OR_NOT_APPLICABLE,,NO_ISNAD_PREFIX_DETECTED,4,,,,,,,
adam_report_candidate_a231f01a8a2afb31da8c8a49,1058089e94ef260fb04c5632,SRC-TAFSIR-IBN-KATHIR-ADAM,1503,shamela://local/5ac170a3045185ccf78e81ebd473cafb8069279b898836fd768c78de76a3d8e5/book/1503/volume/5/page/169?database_sha256=e81a1a6fa62cc5dfa224bc326728ab924456e6a77cdb10e17e887ab19a8081d8&segment_id=2747,QURAN_EXEGESIS_CONTEXT_CANDIDATE,PRE_BOUNDARY_OR_NOT_APPLICABLE,,NO_ISNAD_PREFIX_DETECTED,0,,,,,,,
adam_report_candidate_22b432a75fbdc769cf19791f,1058089e94ef260fb04c5632,SRC-TAFSIR-IBN-KATHIR-ADAM,1503,shamela://local/5ac170a3045185ccf78e81ebd473cafb8069279b898836fd768c78de76a3d8e5/book/1503/volume/5/page/169?database_sha256=e81a1a6fa62cc5dfa224bc326728ab924456e6a77cdb10e17e887ab19a8081d8&segment_id=2747,EARLY_REPORT_CANDIDATE,PRE_BOUNDARY_OR_NOT_APPLICABLE,,CANDIDATE_PREFIX_EXTRACTED,4,,,,,,,
adam_report_candidate_33ad6751fd0c4506adc4602c,9193c585020feb93d8cb1eaa,SRC-TAFSIR-IBN-KATHIR-ADAM,1503,shamela://local/5ac170a3045185ccf78e81ebd473cafb8069279b898836fd768c78de76a3d8e5/book/1503/volume/6/page/434?database_sha256=e81a1a6fa62cc5dfa224bc326728ab924456e6a77cdb10e17e887ab19a8081d8&segment_id=3706,QURAN_EXEGESIS_CONTEXT_CANDIDATE,PRE_BOUNDARY_OR_NOT_APPLICABLE,,NO_ISNAD_PREFIX_DETECTED,0,,,,,,,
adam_report_candidate_38ba9d020c7a5f7435a9e2f2,9193c585020feb93d8cb1eaa,SRC-TAFSIR-IBN-KATHIR-ADAM,1503,shamela://local/5ac170a3045185ccf78e81ebd473cafb8069279b898836fd768c78de76a3d8e5/book/1503/volume/6/page/435?database_sha256=e81a1a6fa62cc5dfa224bc326728ab924456e6a77cdb10e17e887ab19a8081d8&segment_id=3707,QURAN_EXEGESIS_CONTEXT_CANDIDATE,PRE_BOUNDARY_OR_NOT_APPLICABLE,,NO_ISNAD_PREFIX_DETECTED,0,,,,,,,
adam_report_candidate_871b7cf8b3ab092ff81966fd,9193c585020feb93d8cb1eaa,SRC-TAFSIR-IBN-KATHIR-ADAM,1503,shamela://local/5ac170a3045185ccf78e81ebd473cafb8069279b898836fd768c78de76a3d8e5/book/1503/volume/6/page/435?database_sha256=e81a1a6fa62cc5dfa224bc326728ab924456e6a77cdb10e17e887ab19a8081d8&segment_id=3707,PROPHETIC_HADITH_CANDIDATE,PRE_BOUNDARY_OR_NOT_APPLICABLE,,CANDIDATE_PREFIX_EXTRACTED,8,,,,,,,
adam_report_candidate_276a13b54f1b54660aa02641,9193c585020feb93d8cb1eaa,SRC-TAFSIR-IBN-KATHIR-ADAM,1503,shamela://local/5ac170a3045185ccf78e81ebd473cafb8069279b898836fd768c78de76a3d8e5/book/1503/volume/6/page/436?database_sha256=e81a1a6fa62cc5dfa224bc326728ab924456e6a77cdb10e17e887ab19a8081d8&segment_id=3708,EARLY_REPORT_CANDIDATE,PRE_BOUNDARY_OR_NOT_APPLICABLE,,NO_ISNAD_PREFIX_DETECTED,3,,,,,,,
adam_report_candidate_157e195459c61dc822b5922f,9193c585020feb93d8cb1eaa,SRC-TAFSIR-IBN-KATHIR-ADAM,1503,shamela://local/5ac170a3045185ccf78e81ebd473cafb8069279b898836fd768c78de76a3d8e5/book/1503/volume/6/page/437?database_sha256=e81a1a6fa62cc5dfa224bc326728ab924456e6a77cdb10e17e887ab19a8081d8&segment_id=3709,EARLY_REPORT_CANDIDATE,PRE_BOUNDARY_OR_NOT_APPLICABLE,,NO_ISNAD_PREFIX_DETECTED,1,,,,,,,
adam_report_candidate_9a1e9cedb60c28192418e34e,9193c585020feb93d8cb1eaa,SRC-TAFSIR-IBN-KATHIR-ADAM,1503,shamela://local/5ac170a3045185ccf78e81ebd473cafb8069279b898836fd768c78de76a3d8e5/book/1503/volume/6/page/437?database_sha256=e81a1a6fa62cc5dfa224bc326728ab924456e6a77cdb10e17e887ab19a8081d8&segment_id=3709,EARLY_REPORT_CANDIDATE,PRE_BOUNDARY_OR_NOT_APPLICABLE,,CANDIDATE_PREFIX_EXTRACTED,6,,,,,,,
adam_report_candidate_00addc9374f8a10a21988f15,3da1517fc571baa7411840cc,SRC-TAFSIR-IBN-KATHIR-ADAM,1503,shamela://local/5ac170a3045185ccf78e81ebd473cafb8069279b898836fd768c78de76a3d8e5/book/1503/volume/5/page/91?database_sha256=e81a1a6fa62cc5dfa224bc326728ab924456e6a77cdb10e17e887ab19a8081d8&segment_id=2669,PROPHETIC_HADITH_CANDIDATE,PRE_BOUNDARY_OR_NOT_APPLICABLE,,CANDIDATE_PREFIX_EXTRACTED,0,,,,,,,
adam_report_candidate_4195192c3a6a9f196f0178b0,3da1517fc571baa7411840cc,SRC-TAFSIR-IBN-KATHIR-ADAM,1503,shamela://local/5ac170a3045185ccf78e81ebd473cafb8069279b898836fd768c78de76a3d8e5/book/1503/volume/5/page/91?database_sha256=e81a1a6fa62cc5dfa224bc326728ab924456e6a77cdb10e17e887ab19a8081d8&segment_id=2669,EARLY_REPORT_CANDIDATE,PRE_BOUNDARY_OR_NOT_APPLICABLE,,CANDIDATE_PREFIX_EXTRACTED,4,,,,,,,
adam_report_candidate_2651256cd9b0894961a1a3fe,3da1517fc571baa7411840cc,SRC-TAFSIR-IBN-KATHIR-ADAM,1503,shamela://local/5ac170a3045185ccf78e81ebd473cafb8069279b898836fd768c78de76a3d8e5/book/1503/volume/5/page/92?database_sha256=e81a1a6fa62cc5dfa224bc326728ab924456e6a77cdb10e17e887ab19a8081d8&segment_id=2670,EARLY_REPORT_CANDIDATE,PRE_BOUNDARY_OR_NOT_APPLICABLE,,NO_ISNAD_PREFIX_DETECTED,3,,,,,,,
adam_report_candidate_4f613a61183029ac9a034ce3,3da1517fc571baa7411840cc,SRC-TAFSIR-IBN-KATHIR-ADAM,1503,shamela://local/5ac170a3045185ccf78e81ebd473cafb8069279b898836fd768c78de76a3d8e5/book/1503/volume/5/page/93?database_sha256=e81a1a6fa62cc5dfa224bc326728ab924456e6a77cdb10e17e887ab19a8081d8&segment_id=2671,QURAN_EXEGESIS_CONTEXT_CANDIDATE,PRE_BOUNDARY_OR_NOT_APPLICABLE,,NO_ISNAD_PREFIX_DETECTED,0,,,,,,,
adam_report_candidate_e469df736b9615b8a27c1ee1,3da1517fc571baa7411840cc,SRC-TAFSIR-IBN-KATHIR-ADAM,1503,shamela://local/5ac170a3045185ccf78e81ebd473cafb8069279b898836fd768c78de76a3d8e5/book/1503/volume/5/page/94?database_sha256=e81a1a6fa62cc5dfa224bc326728ab924456e6a77cdb10e17e887ab19a8081d8&segment_id=2672,EARLY_REPORT_CANDIDATE,PRE_BOUNDARY_OR_NOT_APPLICABLE,,NO_ISNAD_PREFIX_DETECTED,3,,,,,,,
adam_report_candidate_0a3176459d59a75c84d68984,130661e6a76cee4f1512a2c9,SRC-TAFSIR-IBN-KATHIR-ADAM,1503,shamela://local/5ac170a3045185ccf78e81ebd473cafb8069279b898836fd768c78de76a3d8e5/book/1503/volume/6/page/138?database_sha256=e81a1a6fa62cc5dfa224bc326728ab924456e6a77cdb10e17e887ab19a8081d8&segment_id=3410,UNCLASSIFIED_SOURCE_PASSAGE_CANDIDATE,PRE_BOUNDARY_OR_NOT_APPLICABLE,KAB_AL_AHBAR,NO_ISNAD_PREFIX_DETECTED,0,,,,,,,
adam_report_candidate_7f961d1f6734a84f1f7ce3bc,130661e6a76cee4f1512a2c9,SRC-TAFSIR-IBN-KATHIR-ADAM,1503,shamela://local/5ac170a3045185ccf78e81ebd473cafb8069279b898836fd768c78de76a3d8e5/book/1503/volume/6/page/138?database_sha256=e81a1a6fa62cc5dfa224bc326728ab924456e6a77cdb10e17e887ab19a8081d8&segment_id=3410,PROPHETIC_HADITH_CANDIDATE,PRE_BOUNDARY_OR_NOT_APPLICABLE,KAB_AL_AHBAR,CANDIDATE_PREFIX_EXTRACTED,5,,,,,,,
adam_report_candidate_6d24ebdf089d7cba172cab19,130661e6a76cee4f1512a2c9,SRC-TAFSIR-IBN-KATHIR-ADAM,1503,shamela://local/5ac170a3045185ccf78e81ebd473cafb8069279b898836fd768c78de76a3d8e5/book/1503/volume/6/page/138?database_sha256=e81a1a6fa62cc5dfa224bc326728ab924456e6a77cdb10e17e887ab19a8081d8&segment_id=3410,PROPHETIC_HADITH_CANDIDATE,PRE_BOUNDARY_OR_NOT_APPLICABLE,KAB_AL_AHBAR,CANDIDATE_PREFIX_EXTRACTED,5,,,,,,,
adam_report_candidate_ffec0eeb0e168899767342af,130661e6a76cee4f1512a2c9,SRC-TAFSIR-IBN-KATHIR-ADAM,1503,shamela://local/5ac170a3045185ccf78e81ebd473cafb8069279b898836fd768c78de76a3d8e5/book/1503/volume/6/page/139?database_sha256=e81a1a6fa62cc5dfa224bc326728ab924456e6a77cdb10e17e887ab19a8081d8&segment_id=3411,QURAN_EXEGESIS_CONTEXT_CANDIDATE,PRE_BOUNDARY_OR_NOT_APPLICABLE,KAB_AL_AHBAR,NO_ISNAD_PREFIX_DETECTED,0,,,,,,,
adam_report_candidate_d66e82c8d679956e0ba29ea3,130661e6a76cee4f1512a2c9,SRC-TAFSIR-IBN-KATHIR-ADAM,1503,shamela://local/5ac170a3045185ccf78e81ebd473cafb8069279b898836fd768c78de76a3d8e5/book/1503/volume/6/page/139?database_sha256=e81a1a6fa62cc5dfa224bc326728ab924456e6a77cdb10e17e887ab19a8081d8&segment_id=3411,PROPHETIC_HADITH_CANDIDATE,PRE_BOUNDARY_OR_NOT_APPLICABLE,KAB_AL_AHBAR,CANDIDATE_PREFIX_EXTRACTED,12,,,,,,,
adam_report_candidate_9624e1ab1b14d23e4200dbd9,130661e6a76cee4f1512a2c9,SRC-TAFSIR-IBN-KATHIR-ADAM,1503,shamela://local/5ac170a3045185ccf78e81ebd473cafb8069279b898836fd768c78de76a3d8e5/book/1503/volume/6/page/140?database_sha256=e81a1a6fa62cc5dfa224bc326728ab924456e6a77cdb10e17e887ab19a8081d8&segment_id=3412,PROPHETIC_HADITH_CANDIDATE,PRE_BOUNDARY_OR_NOT_APPLICABLE,KAB_AL_AHBAR,CANDIDATE_PREFIX_EXTRACTED,5,,,,,,,
adam_report_candidate_830e3cfdb6569a3337e5d374,130661e6a76cee4f1512a2c9,SRC-TAFSIR-IBN-KATHIR-ADAM,1503,shamela://local/5ac170a3045185ccf78e81ebd473cafb8069279b898836fd768c78de76a3d8e5/book/1503/volume/6/page/141?database_sha256=e81a1a6fa62cc5dfa224bc326728ab924456e6a77cdb10e17e887ab19a8081d8&segment_id=3413,EARLY_REPORT_CANDIDATE,PRE_BOUNDARY_OR_NOT_APPLICABLE,KAB_AL_AHBAR,NO_ISNAD_PREFIX_DETECTED,2,,,,,,,
adam_report_candidate_4fdff0555a8acd2e037c4504,130661e6a76cee4f1512a2c9,SRC-TAFSIR-IBN-KATHIR-ADAM,1503,shamela://local/5ac170a3045185ccf78e81ebd473cafb8069279b898836fd768c78de76a3d8e5/book/1503/volume/6/page/141?database_sha256=e81a1a6fa62cc5dfa224bc326728ab924456e6a77cdb10e17e887ab19a8081d8&segment_id=3413,EARLY_REPORT_CANDIDATE,PRE_BOUNDARY_OR_NOT_APPLICABLE,KAB_AL_AHBAR,CANDIDATE_PREFIX_EXTRACTED,3,,,,,,,
adam_report_candidate_3132725980d413c844a1117e,4ee41dd27c2360b4b36541f1,SRC-TAFSIR-IBN-KATHIR-ADAM,1503,shamela://local/5ac170a3045185ccf78e81ebd473cafb8069279b898836fd768c78de76a3d8e5/book/1503/volume/6/page/87?database_sha256=e81a1a6fa62cc5dfa224bc326728ab924456e6a77cdb10e17e887ab19a8081d8&segment_id=3359,QURAN_EXEGESIS_CONTEXT_CANDIDATE,PRE_BOUNDARY_OR_NOT_APPLICABLE,,NO_ISNAD_PREFIX_DETECTED,0,,,,,,,
adam_report_candidate_e7f30ff567aef468b3c8eb10,4ee41dd27c2360b4b36541f1,SRC-TAFSIR-IBN-KATHIR-ADAM,1503,shamela://local/5ac170a3045185ccf78e81ebd473cafb8069279b898836fd768c78de76a3d8e5/book/1503/volume/6/page/87?database_sha256=e81a1a6fa62cc5dfa224bc326728ab924456e6a77cdb10e17e887ab19a8081d8&segment_id=3359,PROPHETIC_HADITH_CANDIDATE,PRE_BOUNDARY_OR_NOT_APPLICABLE,,CANDIDATE_PREFIX_EXTRACTED,6,,,,,,,
adam_report_candidate_9775794c5948901927967a53,4ee41dd27c2360b4b36541f1,SRC-TAFSIR-IBN-KATHIR-ADAM,1503,shamela://local/5ac170a3045185ccf78e81ebd473cafb8069279b898836fd768c78de76a3d8e5/book/1503/volume/6/page/87?database_sha256=e81a1a6fa62cc5dfa224bc326728ab924456e6a77cdb10e17e887ab19a8081d8&segment_id=3359,PROPHETIC_HADITH_CANDIDATE,PRE_BOUNDARY_OR_NOT_APPLICABLE,,CANDIDATE_PREFIX_EXTRACTED,8,,,,,,,
adam_report_candidate_2789bd466cf5147c971ee79e,4ee41dd27c2360b4b36541f1,SRC-TAFSIR-IBN-KATHIR-ADAM,1503,shamela://local/5ac170a3045185ccf78e81ebd473cafb8069279b898836fd768c78de76a3d8e5/book/1503/volume/6/page/88?database_sha256=e81a1a6fa62cc5dfa224bc326728ab924456e6a77cdb10e17e887ab19a8081d8&segment_id=3360,EARLY_REPORT_CANDIDATE,PRE_BOUNDARY_OR_NOT_APPLICABLE,,NO_ISNAD_PREFIX_DETECTED,1,,,,,,,
adam_report_candidate_068dedcee4afe8fb1a2b03a8,4ee41dd27c2360b4b36541f1,SRC-TAFSIR-IBN-KATHIR-ADAM,1503,shamela://local/5ac170a3045185ccf78e81ebd473cafb8069279b898836fd768c78de76a3d8e5/book/1503/volume/6/page/88?database_sha256=e81a1a6fa62cc5dfa224bc326728ab924456e6a77cdb10e17e887ab19a8081d8&segment_id=3360,PROPHETIC_HADITH_CANDIDATE,PRE_BOUNDARY_OR_NOT_APPLICABLE,,CANDIDATE_PREFIX_EXTRACTED,4,,,,,,,
adam_report_candidate_01110d82600aba31212014bb,4ee41dd27c2360b4b36541f1,SRC-TAFSIR-IBN-KATHIR-ADAM,1503,shamela://local/5ac170a3045185ccf78e81ebd473cafb8069279b898836fd768c78de76a3d8e5/book/1503/volume/6/page/89?database_sha256=e81a1a6fa62cc5dfa224bc326728ab924456e6a77cdb10e17e887ab19a8081d8&segment_id=3361,QURAN_EXEGESIS_CONTEXT_CANDIDATE,PRE_BOUNDARY_OR_NOT_APPLICABLE,,NO_ISNAD_PREFIX_DETECTED,0,,,,,,,
adam_report_candidate_4efe6850ede91b74662ba6d4,4ee41dd27c2360b4b36541f1,SRC-TAFSIR-IBN-KATHIR-ADAM,1503,shamela://local/5ac170a3045185ccf78e81ebd473cafb8069279b898836fd768c78de76a3d8e5/book/1503/volume/6/page/89?database_sha256=e81a1a6fa62cc5dfa224bc326728ab924456e6a77cdb10e17e887ab19a8081d8&segment_id=3361,EARLY_REPORT_CANDIDATE,PRE_BOUNDARY_OR_NOT_APPLICABLE,,CANDIDATE_PREFIX_EXTRACTED,7,,,,,,,
adam_report_candidate_3c6daef1a51b63f6b737f728,4ee41dd27c2360b4b36541f1,SRC-TAFSIR-IBN-KATHIR-ADAM,1503,shamela://local/5ac170a3045185ccf78e81ebd473cafb8069279b898836fd768c78de76a3d8e5/book/1503/volume/6/page/90?database_sha256=e81a1a6fa62cc5dfa224bc326728ab924456e6a77cdb10e17e887ab19a8081d8&segment_id=3362,PROPHETIC_HADITH_CANDIDATE,PRE_BOUNDARY_OR_NOT_APPLICABLE,,CANDIDATE_PREFIX_EXTRACTED,4,,,,,,,
adam_report_candidate_8ab7309512b8abb5bad9f8e9,4ee41dd27c2360b4b36541f1,SRC-TAFSIR-IBN-KATHIR-ADAM,1503,shamela://local/5ac170a3045185ccf78e81ebd473cafb8069279b898836fd768c78de76a3d8e5/book/1503/volume/6/page/90?database_sha256=e81a1a6fa62cc5dfa224bc326728ab924456e6a77cdb10e17e887ab19a8081d8&segment_id=3362,PROPHETIC_HADITH_CANDIDATE,PRE_BOUNDARY_OR_NOT_APPLICABLE,,CANDIDATE_PREFIX_EXTRACTED,5,,,,,,,
adam_report_candidate_5b4ebe746b10026c4712ebfc,e1527187ffa73e11aba3abf9,SRC-TAFSIR-IBN-KATHIR-ADAM,1503,shamela://local/5ac170a3045185ccf78e81ebd473cafb8069279b898836fd768c78de76a3d8e5/book/1503/volume/1/page/354?database_sha256=e81a1a6fa62cc5dfa224bc326728ab924456e6a77cdb10e17e887ab19a8081d8&segment_id=409,UNCLASSIFIED_SOURCE_PASSAGE_CANDIDATE,MIXED_BOUNDARY_PRE_SECTION,WAHB_IBN_MUNABBIH,NO_ISNAD_PREFIX_DETECTED,0,,,,,,,
adam_report_candidate_26ded455a48a4feeacd3e8c8,06c005d586b9c9794f75a3f3,SRC-TAFSIR-IBN-KATHIR-ADAM,1503,shamela://local/5ac170a3045185ccf78e81ebd473cafb8069279b898836fd768c78de76a3d8e5/book/1503/volume/5/page/451?database_sha256=e81a1a6fa62cc5dfa224bc326728ab924456e6a77cdb10e17e887ab19a8081d8&segment_id=3029,PROPHETIC_HADITH_CANDIDATE,PRE_BOUNDARY_OR_NOT_APPLICABLE,,CANDIDATE_PREFIX_EXTRACTED,1,,,,,,,
adam_report_candidate_f91cad67f881232bb591ee25,06c005d586b9c9794f75a3f3,SRC-TAFSIR-IBN-KATHIR-ADAM,1503,shamela://local/5ac170a3045185ccf78e81ebd473cafb8069279b898836fd768c78de76a3d8e5/book/1503/volume/5/page/451?database_sha256=e81a1a6fa62cc5dfa224bc326728ab924456e6a77cdb10e17e887ab19a8081d8&segment_id=3029,PROPHETIC_HADITH_CANDIDATE,PRE_BOUNDARY_OR_NOT_APPLICABLE,,CANDIDATE_PREFIX_EXTRACTED,8,,,,,,,
adam_report_candidate_73d1001c40ce52007333dbf8,06c005d586b9c9794f75a3f3,SRC-TAFSIR-IBN-KATHIR-ADAM,1503,shamela://local/5ac170a3045185ccf78e81ebd473cafb8069279b898836fd768c78de76a3d8e5/book/1503/volume/5/page/451?database_sha256=e81a1a6fa62cc5dfa224bc326728ab924456e6a77cdb10e17e887ab19a8081d8&segment_id=3029,PROPHETIC_HADITH_CANDIDATE,PRE_BOUNDARY_OR_NOT_APPLICABLE,,CANDIDATE_PREFIX_EXTRACTED,2,,,,,,,
adam_report_candidate_2c92ae4139966fe3c672ef52,06c005d586b9c9794f75a3f3,SRC-TAFSIR-IBN-KATHIR-ADAM,1503,shamela://local/5ac170a3045185ccf78e81ebd473cafb8069279b898836fd768c78de76a3d8e5/book/1503/volume/5/page/452?database_sha256=e81a1a6fa62cc5dfa224bc326728ab924456e6a77cdb10e17e887ab19a8081d8&segment_id=3030,EARLY_REPORT_CANDIDATE,PRE_BOUNDARY_OR_NOT_APPLICABLE,,NO_ISNAD_PREFIX_DETECTED,3,,,,,,,
adam_report_candidate_f3480ad21da5c23a3b11b96b,06c005d586b9c9794f75a3f3,SRC-TAFSIR-IBN-KATHIR-ADAM,1503,shamela://local/5ac170a3045185ccf78e81ebd473cafb8069279b898836fd768c78de76a3d8e5/book/1503/volume/5/page/452?database_sha256=e81a1a6fa62cc5dfa224bc326728ab924456e6a77cdb10e17e887ab19a8081d8&segment_id=3030,PROPHETIC_HADITH_CANDIDATE,PRE_BOUNDARY_OR_NOT_APPLICABLE,,CANDIDATE_PREFIX_EXTRACTED,5,,,,,,,
adam_report_candidate_000a662d9c7d270014c315e5,06c005d586b9c9794f75a3f3,SRC-TAFSIR-IBN-KATHIR-ADAM,1503,shamela://local/5ac170a3045185ccf78e81ebd473cafb8069279b898836fd768c78de76a3d8e5/book/1503/volume/5/page/453?database_sha256=e81a1a6fa62cc5dfa224bc326728ab924456e6a77cdb10e17e887ab19a8081d8&segment_id=3031,PROPHETIC_HADITH_CANDIDATE,PRE_BOUNDARY_OR_NOT_APPLICABLE,,CANDIDATE_PREFIX_EXTRACTED,3,,,,,,,
adam_report_candidate_48106ab13d57439890b643c8,06c005d586b9c9794f75a3f3,SRC-TAFSIR-IBN-KATHIR-ADAM,1503,shamela://local/5ac170a3045185ccf78e81ebd473cafb8069279b898836fd768c78de76a3d8e5/book/1503/volume/5/page/453?database_sha256=e81a1a6fa62cc5dfa224bc326728ab924456e6a77cdb10e17e887ab19a8081d8&segment_id=3031,EARLY_REPORT_CANDIDATE,PRE_BOUNDARY_OR_NOT_APPLICABLE,,CANDIDATE_PREFIX_EXTRACTED,9,,,,,,,
adam_report_candidate_6e17e75dfff9fac2a993e65c,06c005d586b9c9794f75a3f3,SRC-TAFSIR-IBN-KATHIR-ADAM,1503,shamela://local/5ac170a3045185ccf78e81ebd473cafb8069279b898836fd768c78de76a3d8e5/book/1503/volume/5/page/454?database_sha256=e81a1a6fa62cc5dfa224bc326728ab924456e6a77cdb10e17e887ab19a8081d8&segment_id=3032,EARLY_REPORT_CANDIDATE,PRE_BOUNDARY_OR_NOT_APPLICABLE,WAHB_IBN_MUNABBIH,NO_ISNAD_PREFIX_DETECTED,4,,,,,,,
adam_report_candidate_2f36b4cc2e54ae007f565a8f,06c005d586b9c9794f75a3f3,SRC-TAFSIR-IBN-KATHIR-ADAM,1503,shamela://local/5ac170a3045185ccf78e81ebd473cafb8069279b898836fd768c78de76a3d8e5/book/1503/volume/5/page/454?database_sha256=e81a1a6fa62cc5dfa224bc326728ab924456e6a77cdb10e17e887ab19a8081d8&segment_id=3032,EARLY_REPORT_CANDIDATE,PRE_BOUNDARY_OR_NOT_APPLICABLE,,CANDIDATE_PREFIX_EXTRACTED,1,,,,,,,
adam_report_candidate_ce254df655ea65142b24c1e5,06c005d586b9c9794f75a3f3,SRC-TAFSIR-IBN-KATHIR-ADAM,1503,shamela://local/5ac170a3045185ccf78e81ebd473cafb8069279b898836fd768c78de76a3d8e5/book/1503/volume/5/page/454?database_sha256=e81a1a6fa62cc5dfa224bc326728ab924456e6a77cdb10e17e887ab19a8081d8&segment_id=3032,EARLY_REPORT_CANDIDATE,PRE_BOUNDARY_OR_NOT_APPLICABLE,,CANDIDATE_PREFIX_EXTRACTED,5,,,,,,,
adam_report_candidate_65df9f1508a4f20a600f4359,06c005d586b9c9794f75a3f3,SRC-TAFSIR-IBN-KATHIR-ADAM,1503,shamela://local/5ac170a3045185ccf78e81ebd473cafb8069279b898836fd768c78de76a3d8e5/book/1503/volume/5/page/454?database_sha256=e81a1a6fa62cc5dfa224bc326728ab924456e6a77cdb10e17e887ab19a8081d8&segment_id=3032,EARLY_REPORT_CANDIDATE,PRE_BOUNDARY_OR_NOT_APPLICABLE,,CANDIDATE_PREFIX_EXTRACTED,6,,,,,,,
adam_report_candidate_d6b936d5186fa6aa0c1f0c91,06c005d586b9c9794f75a3f3,SRC-TAFSIR-IBN-KATHIR-ADAM,1503,shamela://local/5ac170a3045185ccf78e81ebd473cafb8069279b898836fd768c78de76a3d8e5/book/1503/volume/5/page/454?database_sha256=e81a1a6fa62cc5dfa224bc326728ab924456e6a77cdb10e17e887ab19a8081d8&segment_id=3032,EARLY_REPORT_CANDIDATE,PRE_BOUNDARY_OR_NOT_APPLICABLE,,CANDIDATE_PREFIX_EXTRACTED,7,,,,,,,
adam_report_candidate_80e4531da7ea1028798952c7,06c005d586b9c9794f75a3f3,SRC-TAFSIR-IBN-KATHIR-ADAM,1503,shamela://local/5ac170a3045185ccf78e81ebd473cafb8069279b898836fd768c78de76a3d8e5/book/1503/volume/5/page/455?database_sha256=e81a1a6fa62cc5dfa224bc326728ab924456e6a77cdb10e17e887ab19a8081d8&segment_id=3033,PROPHETIC_HADITH_CANDIDATE,PRE_BOUNDARY_OR_NOT_APPLICABLE,,CANDIDATE_PREFIX_EXTRACTED,4,,,,,,,
adam_report_candidate_166c6f39b42882acd1ca699e,06c005d586b9c9794f75a3f3,SRC-TAFSIR-IBN-KATHIR-ADAM,1503,shamela://local/5ac170a3045185ccf78e81ebd473cafb8069279b898836fd768c78de76a3d8e5/book/1503/volume/5/page/455?database_sha256=e81a1a6fa62cc5dfa224bc326728ab924456e6a77cdb10e17e887ab19a8081d8&segment_id=3033,EARLY_REPORT_CANDIDATE,PRE_BOUNDARY_OR_NOT_APPLICABLE,,CANDIDATE_PREFIX_EXTRACTED,6,,,,,,,
adam_report_candidate_f257c651ec010700ef1ed4e3,06c005d586b9c9794f75a3f3,SRC-TAFSIR-IBN-KATHIR-ADAM,1503,shamela://local/5ac170a3045185ccf78e81ebd473cafb8069279b898836fd768c78de76a3d8e5/book/1503/volume/5/page/455?database_sha256=e81a1a6fa62cc5dfa224bc326728ab924456e6a77cdb10e17e887ab19a8081d8&segment_id=3033,PROPHETIC_HADITH_CANDIDATE,PRE_BOUNDARY_OR_NOT_APPLICABLE,,CANDIDATE_PREFIX_EXTRACTED,6,,,,,,,
adam_report_candidate_c78f5d900b56e8f0e9d737b6,06c005d586b9c9794f75a3f3,SRC-TAFSIR-IBN-KATHIR-ADAM,1503,shamela://local/5ac170a3045185ccf78e81ebd473cafb8069279b898836fd768c78de76a3d8e5/book/1503/volume/5/page/456?database_sha256=e81a1a6fa62cc5dfa224bc326728ab924456e6a77cdb10e17e887ab19a8081d8&segment_id=3034,QURAN_EXEGESIS_CONTEXT_CANDIDATE,PRE_BOUNDARY_OR_NOT_APPLICABLE,,NO_ISNAD_PREFIX_DETECTED,0,,,,,,,
adam_report_candidate_2349e8aa4c97c245de51e592,61d2bec64e93ae06f3ce7bef,SRC-TAFSIR-IBN-KATHIR-ADAM,1503,shamela://local/5ac170a3045185ccf78e81ebd473cafb8069279b898836fd768c78de76a3d8e5/book/1503/volume/3/page/356?database_sha256=e81a1a6fa62cc5dfa224bc326728ab924456e6a77cdb10e17e887ab19a8081d8&segment_id=1562,EARLY_REPORT_CANDIDATE,PRE_BOUNDARY_OR_NOT_APPLICABLE,,NO_ISNAD_PREFIX_DETECTED,1,EV-ADAM-030 | EV-ADAM-031 | EV-ADAM-032 | EV-ADAM-033,RQ-ADAM-013 | RQ-ADAM-014,,,,,
adam_report_candidate_ed2330f5111da2f5b69633b7,61d2bec64e93ae06f3ce7bef,SRC-TAFSIR-IBN-KATHIR-ADAM,1503,shamela://local/5ac170a3045185ccf78e81ebd473cafb8069279b898836fd768c78de76a3d8e5/book/1503/volume/3/page/356?database_sha256=e81a1a6fa62cc5dfa224bc326728ab924456e6a77cdb10e17e887ab19a8081d8&segment_id=1562,EARLY_REPORT_CANDIDATE,PRE_BOUNDARY_OR_NOT_APPLICABLE,,CANDIDATE_PREFIX_EXTRACTED,3,EV-ADAM-030 | EV-ADAM-031 | EV-ADAM-032 | EV-ADAM-033,RQ-ADAM-013 | RQ-ADAM-014,,,,,
adam_report_candidate_052f9176f981284faba22ef6,61d2bec64e93ae06f3ce7bef,SRC-TAFSIR-IBN-KATHIR-ADAM,1503,shamela://local/5ac170a3045185ccf78e81ebd473cafb8069279b898836fd768c78de76a3d8e5/book/1503/volume/3/page/357?database_sha256=e81a1a6fa62cc5dfa224bc326728ab924456e6a77cdb10e17e887ab19a8081d8&segment_id=1563,QURAN_EXEGESIS_CONTEXT_CANDIDATE,PRE_BOUNDARY_OR_NOT_APPLICABLE,,NO_ISNAD_PREFIX_DETECTED,0,EV-ADAM-030 | EV-ADAM-031 | EV-ADAM-032 | EV-ADAM-033,RQ-ADAM-013 | RQ-ADAM-014,,,,,
adam_report_candidate_f97d5658969c146f2c181d2a,61d2bec64e93ae06f3ce7bef,SRC-TAFSIR-IBN-KATHIR-ADAM,1503,shamela://local/5ac170a3045185ccf78e81ebd473cafb8069279b898836fd768c78de76a3d8e5/book/1503/volume/3/page/357?database_sha256=e81a1a6fa62cc5dfa224bc326728ab924456e6a77cdb10e17e887ab19a8081d8&segment_id=1563,EARLY_REPORT_CANDIDATE,PRE_BOUNDARY_OR_NOT_APPLICABLE,,NO_ISNAD_PREFIX_DETECTED,2,EV-ADAM-030 | EV-ADAM-031 | EV-ADAM-032 | EV-ADAM-033,RQ-ADAM-013 | RQ-ADAM-014,,,,,
adam_report_candidate_46b6535bf2f2cede656acb63,61d2bec64e93ae06f3ce7bef,SRC-TAFSIR-IBN-KATHIR-ADAM,1503,shamela://local/5ac170a3045185ccf78e81ebd473cafb8069279b898836fd768c78de76a3d8e5/book/1503/volume/3/page/358?database_sha256=e81a1a6fa62cc5dfa224bc326728ab924456e6a77cdb10e17e887ab19a8081d8&segment_id=1564,PROPHETIC_HADITH_CANDIDATE,PRE_BOUNDARY_OR_NOT_APPLICABLE,,CANDIDATE_PREFIX_EXTRACTED,1,EV-ADAM-030 | EV-ADAM-031 | EV-ADAM-032 | EV-ADAM-033,RQ-ADAM-013 | RQ-ADAM-014,,,,,
adam_report_candidate_c71c6fbd70be18df9c9bdaf4,61d2bec64e93ae06f3ce7bef,SRC-TAFSIR-IBN-KATHIR-ADAM,1503,shamela://local/5ac170a3045185ccf78e81ebd473cafb8069279b898836fd768c78de76a3d8e5/book/1503/volume/3/page/358?database_sha256=e81a1a6fa62cc5dfa224bc326728ab924456e6a77cdb10e17e887ab19a8081d8&segment_id=1564,PROPHETIC_HADITH_CANDIDATE,PRE_BOUNDARY_OR_NOT_APPLICABLE,,CANDIDATE_PREFIX_EXTRACTED,5,EV-ADAM-030 | EV-ADAM-031 | EV-ADAM-032 | EV-ADAM-033,RQ-ADAM-013 | RQ-ADAM-014,,,,,
adam_report_candidate_2a1d4d678638ebe439a89035,61d2bec64e93ae06f3ce7bef,SRC-TAFSIR-IBN-KATHIR-ADAM,1503,shamela://local/5ac170a3045185ccf78e81ebd473cafb8069279b898836fd768c78de76a3d8e5/book/1503/volume/3/page/359?database_sha256=e81a1a6fa62cc5dfa224bc326728ab924456e6a77cdb10e17e887ab19a8081d8&segment_id=1565,EARLY_REPORT_CANDIDATE,PRE_BOUNDARY_OR_NOT_APPLICABLE,,NO_ISNAD_PREFIX_DETECTED,4,EV-ADAM-030 | EV-ADAM-031 | EV-ADAM-032 | EV-ADAM-033,RQ-ADAM-013 | RQ-ADAM-014,,,,,
adam_report_candidate_fa16ac2b1937d523ef3d7a33,61d2bec64e93ae06f3ce7bef,SRC-TAFSIR-IBN-KATHIR-ADAM,1503,shamela://local/5ac170a3045185ccf78e81ebd473cafb8069279b898836fd768c78de76a3d8e5/book/1503/volume/3/page/359?database_sha256=e81a1a6fa62cc5dfa224bc326728ab924456e6a77cdb10e17e887ab19a8081d8&segment_id=1565,EARLY_REPORT_CANDIDATE,PRE_BOUNDARY_OR_NOT_APPLICABLE,,CANDIDATE_PREFIX_EXTRACTED,1,EV-ADAM-030 | EV-ADAM-031 | EV-ADAM-032 | EV-ADAM-033,RQ-ADAM-013 | RQ-ADAM-014,,,,,
adam_report_candidate_90082f64cbab11e98810f891,61d2bec64e93ae06f3ce7bef,SRC-TAFSIR-IBN-KATHIR-ADAM,1503,shamela://local/5ac170a3045185ccf78e81ebd473cafb8069279b898836fd768c78de76a3d8e5/book/1503/volume/3/page/360?database_sha256=e81a1a6fa62cc5dfa224bc326728ab924456e6a77cdb10e17e887ab19a8081d8&segment_id=1566,EARLY_REPORT_CANDIDATE,PRE_BOUNDARY_OR_NOT_APPLICABLE,,NO_ISNAD_PREFIX_DETECTED,6,EV-ADAM-030 | EV-ADAM-031 | EV-ADAM-032 | EV-ADAM-033,RQ-ADAM-013 | RQ-ADAM-014,,,,,
adam_report_candidate_eee61a2419c8d648597a2a99,61d2bec64e93ae06f3ce7bef,SRC-TAFSIR-IBN-KATHIR-ADAM,1503,shamela://local/5ac170a3045185ccf78e81ebd473cafb8069279b898836fd768c78de76a3d8e5/book/1503/volume/3/page/360?database_sha256=e81a1a6fa62cc5dfa224bc326728ab924456e6a77cdb10e17e887ab19a8081d8&segment_id=1566,UNCLASSIFIED_SOURCE_PASSAGE_CANDIDATE,PRE_BOUNDARY_OR_NOT_APPLICABLE,,NO_ISNAD_PREFIX_DETECTED,0,EV-ADAM-030 | EV-ADAM-031 | EV-ADAM-032 | EV-ADAM-033,RQ-ADAM-013 | RQ-ADAM-014,,,,,
adam_report_candidate_572cce64a3dbae982489842e,61d2bec64e93ae06f3ce7bef,SRC-TAFSIR-IBN-KATHIR-ADAM,1503,shamela://local/5ac170a3045185ccf78e81ebd473cafb8069279b898836fd768c78de76a3d8e5/book/1503/volume/3/page/360?database_sha256=e81a1a6fa62cc5dfa224bc326728ab924456e6a77cdb10e17e887ab19a8081d8&segment_id=1566,EARLY_REPORT_CANDIDATE,PRE_BOUNDARY_OR_NOT_APPLICABLE,WAHB_IBN_MUNABBIH,CANDIDATE_PREFIX_EXTRACTED,2,EV-ADAM-030 | EV-ADAM-031 | EV-ADAM-032 | EV-ADAM-033,RQ-ADAM-013 | RQ-ADAM-014,,,,,
adam_report_candidate_e0bc3e0d4f567cc7c988b00f,61d2bec64e93ae06f3ce7bef,SRC-TAFSIR-IBN-KATHIR-ADAM,1503,shamela://local/5ac170a3045185ccf78e81ebd473cafb8069279b898836fd768c78de76a3d8e5/book/1503/volume/3/page/361?database_sha256=e81a1a6fa62cc5dfa224bc326728ab924456e6a77cdb10e17e887ab19a8081d8&segment_id=1567,PROPHETIC_HADITH_CANDIDATE,PRE_BOUNDARY_OR_NOT_APPLICABLE,,CANDIDATE_PREFIX_EXTRACTED,4,EV-ADAM-030 | EV-ADAM-031 | EV-ADAM-032 | EV-ADAM-033,RQ-ADAM-013 | RQ-ADAM-014,,,,,
adam_report_candidate_8181c7a4c0824830410cc52f,61d2bec64e93ae06f3ce7bef,SRC-TAFSIR-IBN-KATHIR-ADAM,1503,shamela://local/5ac170a3045185ccf78e81ebd473cafb8069279b898836fd768c78de76a3d8e5/book/1503/volume/3/page/361?database_sha256=e81a1a6fa62cc5dfa224bc326728ab924456e6a77cdb10e17e887ab19a8081d8&segment_id=1567,PROPHETIC_HADITH_CANDIDATE,PRE_BOUNDARY_OR_NOT_APPLICABLE,,CANDIDATE_PREFIX_EXTRACTED,3,EV-ADAM-030 | EV-ADAM-031 | EV-ADAM-032 | EV-ADAM-033,RQ-ADAM-013 | RQ-ADAM-014,,,,,
adam_report_candidate_3a98b0bce654f72116f477a0,61d2bec64e93ae06f3ce7bef,SRC-TAFSIR-IBN-KATHIR-ADAM,1503,shamela://local/5ac170a3045185ccf78e81ebd473cafb8069279b898836fd768c78de76a3d8e5/book/1503/volume/3/page/361?database_sha256=e81a1a6fa62cc5dfa224bc326728ab924456e6a77cdb10e17e887ab19a8081d8&segment_id=1567,QURAN_EXEGESIS_CONTEXT_CANDIDATE,PRE_BOUNDARY_OR_NOT_APPLICABLE,,NO_ISNAD_PREFIX_DETECTED,0,EV-ADAM-030 | EV-ADAM-031 | EV-ADAM-032 | EV-ADAM-033,RQ-ADAM-013 | RQ-ADAM-014,,,,,
adam_report_candidate_e89a2cc433e3de45f54b2088,61d2bec64e93ae06f3ce7bef,SRC-TAFSIR-IBN-KATHIR-ADAM,1503,shamela://local/5ac170a3045185ccf78e81ebd473cafb8069279b898836fd768c78de76a3d8e5/book/1503/volume/3/page/362?database_sha256=e81a1a6fa62cc5dfa224bc326728ab924456e6a77cdb10e17e887ab19a8081d8&segment_id=1568,EARLY_REPORT_CANDIDATE,PRE_BOUNDARY_OR_NOT_APPLICABLE,,NO_ISNAD_PREFIX_DETECTED,3,EV-ADAM-030 | EV-ADAM-031 | EV-ADAM-032 | EV-ADAM-033,RQ-ADAM-013 | RQ-ADAM-014,,,,,
adam_report_candidate_223cc14bf63c62ef5b4dde8c,61d2bec64e93ae06f3ce7bef,SRC-TAFSIR-IBN-KATHIR-ADAM,1503,shamela://local/5ac170a3045185ccf78e81ebd473cafb8069279b898836fd768c78de76a3d8e5/book/1503/volume/3/page/362?database_sha256=e81a1a6fa62cc5dfa224bc326728ab924456e6a77cdb10e17e887ab19a8081d8&segment_id=1568,EARLY_REPORT_CANDIDATE,PRE_BOUNDARY_OR_NOT_APPLICABLE,,NO_ISNAD_PREFIX_DETECTED,1,EV-ADAM-030 | EV-ADAM-031 | EV-ADAM-032 | EV-ADAM-033,RQ-ADAM-013 | RQ-ADAM-014,,,,,
adam_report_candidate_a275100dfb64f075d0d217f8,61d2bec64e93ae06f3ce7bef,SRC-TAFSIR-IBN-KATHIR-ADAM,1503,shamela://local/5ac170a3045185ccf78e81ebd473cafb8069279b898836fd768c78de76a3d8e5/book/1503/volume/3/page/362?database_sha256=e81a1a6fa62cc5dfa224bc326728ab924456e6a77cdb10e17e887ab19a8081d8&segment_id=1568,EARLY_REPORT_CANDIDATE,PRE_BOUNDARY_OR_NOT_APPLICABLE,,CANDIDATE_PREFIX_EXTRACTED,6,EV-ADAM-030 | EV-ADAM-031 | EV-ADAM-032 | EV-ADAM-033,RQ-ADAM-013 | RQ-ADAM-014,,,,,
adam_report_candidate_8ad79c874b4563f411163046,61d2bec64e93ae06f3ce7bef,SRC-TAFSIR-IBN-KATHIR-ADAM,1503,shamela://local/5ac170a3045185ccf78e81ebd473cafb8069279b898836fd768c78de76a3d8e5/book/1503/volume/3/page/363?database_sha256=e81a1a6fa62cc5dfa224bc326728ab924456e6a77cdb10e17e887ab19a8081d8&segment_id=1569,EARLY_REPORT_CANDIDATE,PRE_BOUNDARY_OR_NOT_APPLICABLE,,NO_ISNAD_PREFIX_DETECTED,1,EV-ADAM-030 | EV-ADAM-031 | EV-ADAM-032 | EV-ADAM-033,RQ-ADAM-013 | RQ-ADAM-014,,,,,
adam_report_candidate_f658f2c14c59b73dd2878c9f,61d2bec64e93ae06f3ce7bef,SRC-TAFSIR-IBN-KATHIR-ADAM,1503,shamela://local/5ac170a3045185ccf78e81ebd473cafb8069279b898836fd768c78de76a3d8e5/book/1503/volume/3/page/363?database_sha256=e81a1a6fa62cc5dfa224bc326728ab924456e6a77cdb10e17e887ab19a8081d8&segment_id=1569,PROPHETIC_HADITH_CANDIDATE,PRE_BOUNDARY_OR_NOT_APPLICABLE,,CANDIDATE_PREFIX_EXTRACTED,5,EV-ADAM-030 | EV-ADAM-031 | EV-ADAM-032 | EV-ADAM-033,RQ-ADAM-013 | RQ-ADAM-014,,,,,
adam_report_candidate_997431ecc91aa234cf3ce79c,61d2bec64e93ae06f3ce7bef,SRC-TAFSIR-IBN-KATHIR-ADAM,1503,shamela://local/5ac170a3045185ccf78e81ebd473cafb8069279b898836fd768c78de76a3d8e5/book/1503/volume/3/page/364?database_sha256=e81a1a6fa62cc5dfa224bc326728ab924456e6a77cdb10e17e887ab19a8081d8&segment_id=1570,QURAN_EXEGESIS_CONTEXT_CANDIDATE,PRE_BOUNDARY_OR_NOT_APPLICABLE,,NO_ISNAD_PREFIX_DETECTED,0,EV-ADAM-030 | EV-ADAM-031 | EV-ADAM-032 | EV-ADAM-033,RQ-ADAM-013 | RQ-ADAM-014,,,,,
adam_report_candidate_e26cc2062ddecc88861df2a8,61d2bec64e93ae06f3ce7bef,SRC-TAFSIR-IBN-KATHIR-ADAM,1503,shamela://local/5ac170a3045185ccf78e81ebd473cafb8069279b898836fd768c78de76a3d8e5/book/1503/volume/3/page/364?database_sha256=e81a1a6fa62cc5dfa224bc326728ab924456e6a77cdb10e17e887ab19a8081d8&segment_id=1570,PROPHETIC_HADITH_CANDIDATE,PRE_BOUNDARY_OR_NOT_APPLICABLE,,CANDIDATE_PREFIX_EXTRACTED,6,EV-ADAM-030 | EV-ADAM-031 | EV-ADAM-032 | EV-ADAM-033,RQ-ADAM-013 | RQ-ADAM-014,,,,,
adam_report_candidate_c3553ce53680092efc4bd26d,ecf14a977ef20533f83c0731,SRC-TAFSIR-IBN-KATHIR-ADAM,1503,shamela://local/5ac170a3045185ccf78e81ebd473cafb8069279b898836fd768c78de76a3d8e5/book/1503/volume/5/page/96?database_sha256=e81a1a6fa62cc5dfa224bc326728ab924456e6a77cdb10e17e887ab19a8081d8&segment_id=2674,QURAN_EXEGESIS_CONTEXT_CANDIDATE,PRE_BOUNDARY_OR_NOT_APPLICABLE,,NO_ISNAD_PREFIX_DETECTED,0,,,,,,,
adam_report_candidate_3f7b22de2c2bd668eef41ef1,ecf14a977ef20533f83c0731,SRC-TAFSIR-IBN-KATHIR-ADAM,1503,shamela://local/5ac170a3045185ccf78e81ebd473cafb8069279b898836fd768c78de76a3d8e5/book/1503/volume/5/page/97?database_sha256=e81a1a6fa62cc5dfa224bc326728ab924456e6a77cdb10e17e887ab19a8081d8&segment_id=2675,QURAN_EXEGESIS_CONTEXT_CANDIDATE,PRE_BOUNDARY_OR_NOT_APPLICABLE,,NO_ISNAD_PREFIX_DETECTED,0,,,,,,,
adam_report_candidate_2426a29693aba22a43a48ee0,ecf14a977ef20533f83c0731,SRC-TAFSIR-IBN-KATHIR-ADAM,1503,shamela://local/5ac170a3045185ccf78e81ebd473cafb8069279b898836fd768c78de76a3d8e5/book/1503/volume/5/page/97?database_sha256=e81a1a6fa62cc5dfa224bc326728ab924456e6a77cdb10e17e887ab19a8081d8&segment_id=2675,EARLY_REPORT_CANDIDATE,PRE_BOUNDARY_OR_NOT_APPLICABLE,,CANDIDATE_PREFIX_EXTRACTED,2,,,,,,,
adam_report_candidate_036aadf6b19d511794fd4b49,ecf14a977ef20533f83c0731,SRC-TAFSIR-IBN-KATHIR-ADAM,1503,shamela://local/5ac170a3045185ccf78e81ebd473cafb8069279b898836fd768c78de76a3d8e5/book/1503/volume/5/page/97?database_sha256=e81a1a6fa62cc5dfa224bc326728ab924456e6a77cdb10e17e887ab19a8081d8&segment_id=2675,PROPHETIC_HADITH_CANDIDATE,PRE_BOUNDARY_OR_NOT_APPLICABLE,,CANDIDATE_PREFIX_EXTRACTED,8,,,,,,,
adam_report_candidate_03807b86bc239399c315021f,ecf14a977ef20533f83c0731,SRC-TAFSIR-IBN-KATHIR-ADAM,1503,shamela://local/5ac170a3045185ccf78e81ebd473cafb8069279b898836fd768c78de76a3d8e5/book/1503/volume/5/page/98?database_sha256=e81a1a6fa62cc5dfa224bc326728ab924456e6a77cdb10e17e887ab19a8081d8&segment_id=2676,PROPHETIC_HADITH_CANDIDATE,PRE_BOUNDARY_OR_NOT_APPLICABLE,,CANDIDATE_PREFIX_EXTRACTED,6,,,,,,,
adam_report_candidate_1082e9833ae3abdeb7874624,ecf14a977ef20533f83c0731,SRC-TAFSIR-IBN-KATHIR-ADAM,1503,shamela://local/5ac170a3045185ccf78e81ebd473cafb8069279b898836fd768c78de76a3d8e5/book/1503/volume/5/page/98?database_sha256=e81a1a6fa62cc5dfa224bc326728ab924456e6a77cdb10e17e887ab19a8081d8&segment_id=2676,PROPHETIC_HADITH_CANDIDATE,PRE_BOUNDARY_OR_NOT_APPLICABLE,,CANDIDATE_PREFIX_EXTRACTED,8,,,,,,,
adam_report_candidate_f5f8a78373121c314ccfb601,ecf14a977ef20533f83c0731,SRC-TAFSIR-IBN-KATHIR-ADAM,1503,shamela://local/5ac170a3045185ccf78e81ebd473cafb8069279b898836fd768c78de76a3d8e5/book/1503/volume/5/page/99?database_sha256=e81a1a6fa62cc5dfa224bc326728ab924456e6a77cdb10e17e887ab19a8081d8&segment_id=2677,EARLY_REPORT_CANDIDATE,PRE_BOUNDARY_OR_NOT_APPLICABLE,,NO_ISNAD_PREFIX_DETECTED,1,,,,,,,
adam_report_candidate_57cfaaea586d905822f3a744,ecf14a977ef20533f83c0731,SRC-TAFSIR-IBN-KATHIR-ADAM,1503,shamela://local/5ac170a3045185ccf78e81ebd473cafb8069279b898836fd768c78de76a3d8e5/book/1503/volume/5/page/99?database_sha256=e81a1a6fa62cc5dfa224bc326728ab924456e6a77cdb10e17e887ab19a8081d8&segment_id=2677,PROPHETIC_HADITH_CANDIDATE,PRE_BOUNDARY_OR_NOT_APPLICABLE,,CANDIDATE_PREFIX_EXTRACTED,6,,,,,,,
adam_report_candidate_f61c9f5bacc4fab2febeb2a1,4aab5b845f55f22e5730aa48,SRC-TAFSIR-SAADI-ADAM,42,shamela://local/5ac170a3045185ccf78e81ebd473cafb8069279b898836fd768c78de76a3d8e5/book/42/volume/0/page/48?database_sha256=afaa57ca7290c648083328f67adfa34d73fd1bab16e3e82a72af1e5af6294401&segment_id=45,QURAN_EXEGESIS_CONTEXT_CANDIDATE,PRE_BOUNDARY_OR_NOT_APPLICABLE,,NO_ISNAD_PREFIX_DETECTED,0,,,,,,,
adam_report_candidate_77b58ea37aeb52d6cb930c64,4aab5b845f55f22e5730aa48,SRC-TAFSIR-SAADI-ADAM,42,shamela://local/5ac170a3045185ccf78e81ebd473cafb8069279b898836fd768c78de76a3d8e5/book/42/volume/0/page/48?database_sha256=afaa57ca7290c648083328f67adfa34d73fd1bab16e3e82a72af1e5af6294401&segment_id=46,QURAN_EXEGESIS_CONTEXT_CANDIDATE,PRE_BOUNDARY_OR_NOT_APPLICABLE,,NO_ISNAD_PREFIX_DETECTED,0,,,,,,,
adam_report_candidate_b37a8ac9425a4558a4c801f4,4aab5b845f55f22e5730aa48,SRC-TAFSIR-SAADI-ADAM,42,shamela://local/5ac170a3045185ccf78e81ebd473cafb8069279b898836fd768c78de76a3d8e5/book/42/volume/0/page/49?database_sha256=afaa57ca7290c648083328f67adfa34d73fd1bab16e3e82a72af1e5af6294401&segment_id=47,QURAN_EXEGESIS_CONTEXT_CANDIDATE,MIXED_BOUNDARY_PRE_SECTION,,NO_ISNAD_PREFIX_DETECTED,0,,,,,,,
adam_report_candidate_a74f609cfdf140abffa1e2d5,e11186389f240df99ded06c9,SRC-TAFSIR-SAADI-ADAM,42,shamela://local/5ac170a3045185ccf78e81ebd473cafb8069279b898836fd768c78de76a3d8e5/book/42/volume/0/page/284?database_sha256=afaa57ca7290c648083328f67adfa34d73fd1bab16e3e82a72af1e5af6294401&segment_id=541,QURAN_EXEGESIS_CONTEXT_CANDIDATE,PRE_BOUNDARY_OR_NOT_APPLICABLE,,NO_ISNAD_PREFIX_DETECTED,0,EV-ADAM-050 | EV-ADAM-051 | EV-ADAM-052 | EV-ADAM-053 | EV-ADAM-054 | EV-ADAM-055 | EV-ADAM-080 | EV-ADAM-081 | EV-ADAM-082 | EV-ADAM-090 | EV-ADAM-091 | EV-ADAM-099,RQ-ADAM-017 | RQ-ADAM-018 | RQ-ADAM-019 | RQ-ADAM-020 | RQ-ADAM-028 | RQ-ADAM-029 | RQ-ADAM-030 | RQ-ADAM-032,,,,,
adam_report_candidate_08e2f7ab61328c28aaa04966,e11186389f240df99ded06c9,SRC-TAFSIR-SAADI-ADAM,42,shamela://local/5ac170a3045185ccf78e81ebd473cafb8069279b898836fd768c78de76a3d8e5/book/42/volume/0/page/284?database_sha256=afaa57ca7290c648083328f67adfa34d73fd1bab16e3e82a72af1e5af6294401&segment_id=542,QURAN_EXEGESIS_CONTEXT_CANDIDATE,PRE_BOUNDARY_OR_NOT_APPLICABLE,,NO_ISNAD_PREFIX_DETECTED,0,EV-ADAM-050 | EV-ADAM-051 | EV-ADAM-052 | EV-ADAM-053 | EV-ADAM-054 | EV-ADAM-055 | EV-ADAM-080 | EV-ADAM-081 | EV-ADAM-082 | EV-ADAM-090 | EV-ADAM-091 | EV-ADAM-099,RQ-ADAM-017 | RQ-ADAM-018 | RQ-ADAM-019 | RQ-ADAM-020 | RQ-ADAM-028 | RQ-ADAM-029 | RQ-ADAM-030 | RQ-ADAM-032,,,,,
adam_report_candidate_98e19ae6919053840b21c40a,e11186389f240df99ded06c9,SRC-TAFSIR-SAADI-ADAM,42,shamela://local/5ac170a3045185ccf78e81ebd473cafb8069279b898836fd768c78de76a3d8e5/book/42/volume/0/page/284?database_sha256=afaa57ca7290c648083328f67adfa34d73fd1bab16e3e82a72af1e5af6294401&segment_id=543,QURAN_EXEGESIS_CONTEXT_CANDIDATE,PRE_BOUNDARY_OR_NOT_APPLICABLE,,NO_ISNAD_PREFIX_DETECTED,0,EV-ADAM-050 | EV-ADAM-051 | EV-ADAM-052 | EV-ADAM-053 | EV-ADAM-054 | EV-ADAM-055 | EV-ADAM-080 | EV-ADAM-081 | EV-ADAM-082 | EV-ADAM-090 | EV-ADAM-091 | EV-ADAM-099,RQ-ADAM-017 | RQ-ADAM-018 | RQ-ADAM-019 | RQ-ADAM-020 | RQ-ADAM-028 | RQ-ADAM-029 | RQ-ADAM-030 | RQ-ADAM-032,,,,,
adam_report_candidate_de03518eb7f1ddcdc0946099,e11186389f240df99ded06c9,SRC-TAFSIR-SAADI-ADAM,42,shamela://local/5ac170a3045185ccf78e81ebd473cafb8069279b898836fd768c78de76a3d8e5/book/42/volume/0/page/284?database_sha256=afaa57ca7290c648083328f67adfa34d73fd1bab16e3e82a72af1e5af6294401&segment_id=544,EARLY_REPORT_CANDIDATE,PRE_BOUNDARY_OR_NOT_APPLICABLE,,NO_ISNAD_PREFIX_DETECTED,2,EV-ADAM-050 | EV-ADAM-051 | EV-ADAM-052 | EV-ADAM-053 | EV-ADAM-054 | EV-ADAM-055 | EV-ADAM-080 | EV-ADAM-081 | EV-ADAM-082 | EV-ADAM-090 | EV-ADAM-091 | EV-ADAM-099,RQ-ADAM-017 | RQ-ADAM-018 | RQ-ADAM-019 | RQ-ADAM-020 | RQ-ADAM-028 | RQ-ADAM-029 | RQ-ADAM-030 | RQ-ADAM-032,,,,,
adam_report_candidate_55dd1e0f0bafee8d951576c0,e11186389f240df99ded06c9,SRC-TAFSIR-SAADI-ADAM,42,shamela://local/5ac170a3045185ccf78e81ebd473cafb8069279b898836fd768c78de76a3d8e5/book/42/volume/0/page/285?database_sha256=afaa57ca7290c648083328f67adfa34d73fd1bab16e3e82a72af1e5af6294401&segment_id=545,EARLY_REPORT_CANDIDATE,PRE_BOUNDARY_OR_NOT_APPLICABLE,,NO_ISNAD_PREFIX_DETECTED,1,EV-ADAM-050 | EV-ADAM-051 | EV-ADAM-052 | EV-ADAM-053 | EV-ADAM-054 | EV-ADAM-055 | EV-ADAM-080 | EV-ADAM-081 | EV-ADAM-082 | EV-ADAM-090 | EV-ADAM-091 | EV-ADAM-099,RQ-ADAM-017 | RQ-ADAM-018 | RQ-ADAM-019 | RQ-ADAM-020 | RQ-ADAM-028 | RQ-ADAM-029 | RQ-ADAM-030 | RQ-ADAM-032,,,,,
adam_report_candidate_b9aa0696016537247a364c45,e11186389f240df99ded06c9,SRC-TAFSIR-SAADI-ADAM,42,shamela://local/5ac170a3045185ccf78e81ebd473cafb8069279b898836fd768c78de76a3d8e5/book/42/volume/0/page/285?database_sha256=afaa57ca7290c648083328f67adfa34d73fd1bab16e3e82a72af1e5af6294401&segment_id=546,QURAN_EXEGESIS_CONTEXT_CANDIDATE,MIXED_BOUNDARY_PRE_SECTION,,NO_ISNAD_PREFIX_DETECTED,0,EV-ADAM-050 | EV-ADAM-051 | EV-ADAM-052 | EV-ADAM-053 | EV-ADAM-054 | EV-ADAM-055 | EV-ADAM-080 | EV-ADAM-081 | EV-ADAM-082 | EV-ADAM-090 | EV-ADAM-091 | EV-ADAM-099,RQ-ADAM-017 | RQ-ADAM-018 | RQ-ADAM-019 | RQ-ADAM-020 | RQ-ADAM-028 | RQ-ADAM-029 | RQ-ADAM-030 | RQ-ADAM-032,,,,,
adam_report_candidate_13719f099c138dd446968470,af172952b4ca05bf576f56b9,SRC-TAFSIR-SAADI-ADAM,42,shamela://local/5ac170a3045185ccf78e81ebd473cafb8069279b898836fd768c78de76a3d8e5/book/42/volume/0/page/430?database_sha256=afaa57ca7290c648083328f67adfa34d73fd1bab16e3e82a72af1e5af6294401&segment_id=923,QURAN_EXEGESIS_CONTEXT_CANDIDATE,PRE_BOUNDARY_OR_NOT_APPLICABLE,,NO_ISNAD_PREFIX_DETECTED,0,,,,,,,
adam_report_candidate_dce52880cb241e8f6cc4189e,af172952b4ca05bf576f56b9,SRC-TAFSIR-SAADI-ADAM,42,shamela://local/5ac170a3045185ccf78e81ebd473cafb8069279b898836fd768c78de76a3d8e5/book/42/volume/0/page/430?database_sha256=afaa57ca7290c648083328f67adfa34d73fd1bab16e3e82a72af1e5af6294401&segment_id=924,QURAN_EXEGESIS_CONTEXT_CANDIDATE,PRE_BOUNDARY_OR_NOT_APPLICABLE,,NO_ISNAD_PREFIX_DETECTED,0,,,,,,,
adam_report_candidate_5f4cc42746f586358f956df0,af172952b4ca05bf576f56b9,SRC-TAFSIR-SAADI-ADAM,42,shamela://local/5ac170a3045185ccf78e81ebd473cafb8069279b898836fd768c78de76a3d8e5/book/42/volume/0/page/431?database_sha256=afaa57ca7290c648083328f67adfa34d73fd1bab16e3e82a72af1e5af6294401&segment_id=925,QURAN_EXEGESIS_CONTEXT_CANDIDATE,PRE_BOUNDARY_OR_NOT_APPLICABLE,,NO_ISNAD_PREFIX_DETECTED,0,,,,,,,
adam_report_candidate_84c3c2bcbce505dfa5174b0f,af172952b4ca05bf576f56b9,SRC-TAFSIR-SAADI-ADAM,42,shamela://local/5ac170a3045185ccf78e81ebd473cafb8069279b898836fd768c78de76a3d8e5/book/42/volume/0/page/431?database_sha256=afaa57ca7290c648083328f67adfa34d73fd1bab16e3e82a72af1e5af6294401&segment_id=926,QURAN_EXEGESIS_CONTEXT_CANDIDATE,PRE_BOUNDARY_OR_NOT_APPLICABLE,,NO_ISNAD_PREFIX_DETECTED,0,,,,,,,
adam_report_candidate_e90a2878ea903d8dedcce4ab,f571093401615ab0f45d9ae5,SRC-TAFSIR-SAADI-ADAM,42,shamela://local/5ac170a3045185ccf78e81ebd473cafb8069279b898836fd768c78de76a3d8e5/book/42/volume/0/page/716?database_sha256=afaa57ca7290c648083328f67adfa34d73fd1bab16e3e82a72af1e5af6294401&segment_id=1618,QURAN_EXEGESIS_CONTEXT_CANDIDATE,PRE_BOUNDARY_OR_NOT_APPLICABLE,,NO_ISNAD_PREFIX_DETECTED,0,,,,,,,
adam_report_candidate_19327c4ad2e4dc36cd042b45,f571093401615ab0f45d9ae5,SRC-TAFSIR-SAADI-ADAM,42,shamela://local/5ac170a3045185ccf78e81ebd473cafb8069279b898836fd768c78de76a3d8e5/book/42/volume/0/page/716?database_sha256=afaa57ca7290c648083328f67adfa34d73fd1bab16e3e82a72af1e5af6294401&segment_id=1619,QURAN_EXEGESIS_CONTEXT_CANDIDATE,PRE_BOUNDARY_OR_NOT_APPLICABLE,,NO_ISNAD_PREFIX_DETECTED,0,,,,,,,
adam_report_candidate_2cd07dc6da7f78fdeb287d2a,f571093401615ab0f45d9ae5,SRC-TAFSIR-SAADI-ADAM,42,shamela://local/5ac170a3045185ccf78e81ebd473cafb8069279b898836fd768c78de76a3d8e5/book/42/volume/0/page/717?database_sha256=afaa57ca7290c648083328f67adfa34d73fd1bab16e3e82a72af1e5af6294401&segment_id=1620,QURAN_EXEGESIS_CONTEXT_CANDIDATE,PRE_BOUNDARY_OR_NOT_APPLICABLE,,NO_ISNAD_PREFIX_DETECTED,0,,,,,,,
adam_report_candidate_f38697bdc5fa9877313f11e0,ecbd97a719a3b56aea7d3f94,SRC-TAFSIR-SAADI-ADAM,42,shamela://local/5ac170a3045185ccf78e81ebd473cafb8069279b898836fd768c78de76a3d8e5/book/42/volume/0/page/461?database_sha256=afaa57ca7290c648083328f67adfa34d73fd1bab16e3e82a72af1e5af6294401&segment_id=1027,QURAN_EXEGESIS_CONTEXT_CANDIDATE,PRE_BOUNDARY_OR_NOT_APPLICABLE,,NO_ISNAD_PREFIX_DETECTED,0,,,,,,,
adam_report_candidate_248605f1e1c75bba985f113f,ecbd97a719a3b56aea7d3f94,SRC-TAFSIR-SAADI-ADAM,42,shamela://local/5ac170a3045185ccf78e81ebd473cafb8069279b898836fd768c78de76a3d8e5/book/42/volume/0/page/461?database_sha256=afaa57ca7290c648083328f67adfa34d73fd1bab16e3e82a72af1e5af6294401&segment_id=1028,QURAN_EXEGESIS_CONTEXT_CANDIDATE,PRE_BOUNDARY_OR_NOT_APPLICABLE,,NO_ISNAD_PREFIX_DETECTED,0,,,,,,,
adam_report_candidate_4985b3707a59fb1ff280644f,ecbd97a719a3b56aea7d3f94,SRC-TAFSIR-SAADI-ADAM,42,shamela://local/5ac170a3045185ccf78e81ebd473cafb8069279b898836fd768c78de76a3d8e5/book/42/volume/0/page/462?database_sha256=afaa57ca7290c648083328f67adfa34d73fd1bab16e3e82a72af1e5af6294401&segment_id=1029,QURAN_EXEGESIS_CONTEXT_CANDIDATE,PRE_BOUNDARY_OR_NOT_APPLICABLE,,NO_ISNAD_PREFIX_DETECTED,0,,,,,,,
adam_report_candidate_ce6ff5773f1cdc085119f281,ecbd97a719a3b56aea7d3f94,SRC-TAFSIR-SAADI-ADAM,42,shamela://local/5ac170a3045185ccf78e81ebd473cafb8069279b898836fd768c78de76a3d8e5/book/42/volume/0/page/462?database_sha256=afaa57ca7290c648083328f67adfa34d73fd1bab16e3e82a72af1e5af6294401&segment_id=1030,QURAN_EXEGESIS_CONTEXT_CANDIDATE,PRE_BOUNDARY_OR_NOT_APPLICABLE,,NO_ISNAD_PREFIX_DETECTED,0,,,,,,,
adam_report_candidate_f72886330a3b24123fde2ca5,ecbd97a719a3b56aea7d3f94,SRC-TAFSIR-SAADI-ADAM,42,shamela://local/5ac170a3045185ccf78e81ebd473cafb8069279b898836fd768c78de76a3d8e5/book/42/volume/0/page/463?database_sha256=afaa57ca7290c648083328f67adfa34d73fd1bab16e3e82a72af1e5af6294401&segment_id=1031,QURAN_EXEGESIS_CONTEXT_CANDIDATE,PRE_BOUNDARY_OR_NOT_APPLICABLE,,NO_ISNAD_PREFIX_DETECTED,0,,,,,,,
adam_report_candidate_862866205db71fb0f2e81ae3,ecbd97a719a3b56aea7d3f94,SRC-TAFSIR-SAADI-ADAM,42,shamela://local/5ac170a3045185ccf78e81ebd473cafb8069279b898836fd768c78de76a3d8e5/book/42/volume/0/page/463?database_sha256=afaa57ca7290c648083328f67adfa34d73fd1bab16e3e82a72af1e5af6294401&segment_id=1032,QURAN_EXEGESIS_CONTEXT_CANDIDATE,PRE_BOUNDARY_OR_NOT_APPLICABLE,,NO_ISNAD_PREFIX_DETECTED,0,,,,,,,
adam_report_candidate_4b32ab22f6b6d02448f1324f,a15644471b665c0740787f32,SRC-TAFSIR-SAADI-ADAM,42,shamela://local/5ac170a3045185ccf78e81ebd473cafb8069279b898836fd768c78de76a3d8e5/book/42/volume/0/page/653?database_sha256=afaa57ca7290c648083328f67adfa34d73fd1bab16e3e82a72af1e5af6294401&segment_id=1473,EARLY_REPORT_CANDIDATE,PRE_BOUNDARY_OR_NOT_APPLICABLE,,NO_ISNAD_PREFIX_DETECTED,1,,,,,,,
adam_report_candidate_0c1e38eadba6ce2dd875cf48,a15644471b665c0740787f32,SRC-TAFSIR-SAADI-ADAM,42,shamela://local/5ac170a3045185ccf78e81ebd473cafb8069279b898836fd768c78de76a3d8e5/book/42/volume/0/page/653?database_sha256=afaa57ca7290c648083328f67adfa34d73fd1bab16e3e82a72af1e5af6294401&segment_id=1474,QURAN_EXEGESIS_CONTEXT_CANDIDATE,PRE_BOUNDARY_OR_NOT_APPLICABLE,,NO_ISNAD_PREFIX_DETECTED,0,,,,,,,
adam_report_candidate_ee81f39e41c02ed9805a58f6,a15644471b665c0740787f32,SRC-TAFSIR-SAADI-ADAM,42,shamela://local/5ac170a3045185ccf78e81ebd473cafb8069279b898836fd768c78de76a3d8e5/book/42/volume/0/page/654?database_sha256=afaa57ca7290c648083328f67adfa34d73fd1bab16e3e82a72af1e5af6294401&segment_id=1475,EARLY_REPORT_CANDIDATE,PRE_BOUNDARY_OR_NOT_APPLICABLE,,NO_ISNAD_PREFIX_DETECTED,1,,,,,,,
adam_report_candidate_2ca7f8b0e9fb5c70254252ff,9c62f266f8d57301885902a2,SRC-TAFSIR-SAADI-ADAM,42,shamela://local/5ac170a3045185ccf78e81ebd473cafb8069279b898836fd768c78de76a3d8e5/book/42/volume/0/page/547?database_sha256=afaa57ca7290c648083328f67adfa34d73fd1bab16e3e82a72af1e5af6294401&segment_id=1240,PROPHETIC_HADITH_CANDIDATE,PRE_BOUNDARY_OR_NOT_APPLICABLE,,CANDIDATE_PREFIX_EXTRACTED,0,,,,,,,
adam_report_candidate_bd5ba8fae92a5700457fb329,9c62f266f8d57301885902a2,SRC-TAFSIR-SAADI-ADAM,42,shamela://local/5ac170a3045185ccf78e81ebd473cafb8069279b898836fd768c78de76a3d8e5/book/42/volume/0/page/548?database_sha256=afaa57ca7290c648083328f67adfa34d73fd1bab16e3e82a72af1e5af6294401&segment_id=1241,QURAN_EXEGESIS_CONTEXT_CANDIDATE,PRE_BOUNDARY_OR_NOT_APPLICABLE,,NO_ISNAD_PREFIX_DETECTED,0,,,,,,,
adam_report_candidate_576c9cd6979da31703dfbe8d,9c62f266f8d57301885902a2,SRC-TAFSIR-SAADI-ADAM,42,shamela://local/5ac170a3045185ccf78e81ebd473cafb8069279b898836fd768c78de76a3d8e5/book/42/volume/0/page/549?database_sha256=afaa57ca7290c648083328f67adfa34d73fd1bab16e3e82a72af1e5af6294401&segment_id=1242,QURAN_EXEGESIS_CONTEXT_CANDIDATE,PRE_BOUNDARY_OR_NOT_APPLICABLE,,NO_ISNAD_PREFIX_DETECTED,0,,,,,,,
adam_report_candidate_063b8fcae4c31562f41f1538,2a116191848963b5cffa8404,SRC-TAFSIR-SAADI-ADAM,42,shamela://local/5ac170a3045185ccf78e81ebd473cafb8069279b898836fd768c78de76a3d8e5/book/42/volume/0/page/514?database_sha256=afaa57ca7290c648083328f67adfa34d73fd1bab16e3e82a72af1e5af6294401&segment_id=1155,QURAN_EXEGESIS_CONTEXT_CANDIDATE,PRE_BOUNDARY_OR_NOT_APPLICABLE,,NO_ISNAD_PREFIX_DETECTED,0,,,,,,,
adam_report_candidate_6720f26bd00fd85e3d09d82c,2a116191848963b5cffa8404,SRC-TAFSIR-SAADI-ADAM,42,shamela://local/5ac170a3045185ccf78e81ebd473cafb8069279b898836fd768c78de76a3d8e5/book/42/volume/0/page/514?database_sha256=afaa57ca7290c648083328f67adfa34d73fd1bab16e3e82a72af1e5af6294401&segment_id=1156,QURAN_EXEGESIS_CONTEXT_CANDIDATE,PRE_BOUNDARY_OR_NOT_APPLICABLE,,NO_ISNAD_PREFIX_DETECTED,0,,,,,,,
adam_report_candidate_eb0720b52dae0503fa60cb2f,2a116191848963b5cffa8404,SRC-TAFSIR-SAADI-ADAM,42,shamela://local/5ac170a3045185ccf78e81ebd473cafb8069279b898836fd768c78de76a3d8e5/book/42/volume/0/page/514?database_sha256=afaa57ca7290c648083328f67adfa34d73fd1bab16e3e82a72af1e5af6294401&segment_id=1157,QURAN_EXEGESIS_CONTEXT_CANDIDATE,MIXED_BOUNDARY_PRE_SECTION,,NO_ISNAD_PREFIX_DETECTED,0,,,,,,,
adam_report_candidate_e50d641115449f4c2e001cc6,33b911d86e1972364e5b6db8,SRC-TAFSIR-SAADI-ADAM,42,shamela://local/5ac170a3045185ccf78e81ebd473cafb8069279b898836fd768c78de76a3d8e5/book/42/volume/0/page/828?database_sha256=afaa57ca7290c648083328f67adfa34d73fd1bab16e3e82a72af1e5af6294401&segment_id=1887,QURAN_EXEGESIS_CONTEXT_CANDIDATE,PRE_BOUNDARY_OR_NOT_APPLICABLE,,NO_ISNAD_PREFIX_DETECTED,0,,,,,,,
adam_report_candidate_b956241f8aee20e628f7bd3b,33b911d86e1972364e5b6db8,SRC-TAFSIR-SAADI-ADAM,42,shamela://local/5ac170a3045185ccf78e81ebd473cafb8069279b898836fd768c78de76a3d8e5/book/42/volume/0/page/829?database_sha256=afaa57ca7290c648083328f67adfa34d73fd1bab16e3e82a72af1e5af6294401&segment_id=1888,QURAN_EXEGESIS_CONTEXT_CANDIDATE,PRE_BOUNDARY_OR_NOT_APPLICABLE,,NO_ISNAD_PREFIX_DETECTED,0,,,,,,,
adam_report_candidate_7ddff4c5123cac6bd11e0176,33b911d86e1972364e5b6db8,SRC-TAFSIR-SAADI-ADAM,42,shamela://local/5ac170a3045185ccf78e81ebd473cafb8069279b898836fd768c78de76a3d8e5/book/42/volume/0/page/830?database_sha256=afaa57ca7290c648083328f67adfa34d73fd1bab16e3e82a72af1e5af6294401&segment_id=1889,QURAN_EXEGESIS_CONTEXT_CANDIDATE,PRE_BOUNDARY_OR_NOT_APPLICABLE,,NO_ISNAD_PREFIX_DETECTED,0,,,,,,,
adam_report_candidate_ef297ba0b18f50d08d80ac5a,f70caa35d20d2b796306d344,SRC-TAFSIR-SAADI-ADAM,42,shamela://local/5ac170a3045185ccf78e81ebd473cafb8069279b898836fd768c78de76a3d8e5/book/42/volume/0/page/250?database_sha256=afaa57ca7290c648083328f67adfa34d73fd1bab16e3e82a72af1e5af6294401&segment_id=459,QURAN_EXEGESIS_CONTEXT_CANDIDATE,PRE_BOUNDARY_OR_NOT_APPLICABLE,,NO_ISNAD_PREFIX_DETECTED,0,,,,,,,
adam_report_candidate_39847470eb5fdf6c2eb67672,f70caa35d20d2b796306d344,SRC-TAFSIR-SAADI-ADAM,42,shamela://local/5ac170a3045185ccf78e81ebd473cafb8069279b898836fd768c78de76a3d8e5/book/42/volume/0/page/250?database_sha256=afaa57ca7290c648083328f67adfa34d73fd1bab16e3e82a72af1e5af6294401&segment_id=460,QURAN_EXEGESIS_CONTEXT_CANDIDATE,PRE_BOUNDARY_OR_NOT_APPLICABLE,,NO_ISNAD_PREFIX_DETECTED,0,,,,,,,
adam_report_candidate_627efef661f84ff4e76f6da1,c2b5847f70287b870b810f8a,SRC-TAFSIR-SAADI-ADAM,42,shamela://local/5ac170a3045185ccf78e81ebd473cafb8069279b898836fd768c78de76a3d8e5/book/42/volume/0/page/676?database_sha256=afaa57ca7290c648083328f67adfa34d73fd1bab16e3e82a72af1e5af6294401&segment_id=1525,QURAN_EXEGESIS_CONTEXT_CANDIDATE,PRE_BOUNDARY_OR_NOT_APPLICABLE,,NO_ISNAD_PREFIX_DETECTED,0,,,,,,,
adam_report_candidate_50cc5f797db2182a8fa811aa,c2b5847f70287b870b810f8a,SRC-TAFSIR-SAADI-ADAM,42,shamela://local/5ac170a3045185ccf78e81ebd473cafb8069279b898836fd768c78de76a3d8e5/book/42/volume/0/page/677?database_sha256=afaa57ca7290c648083328f67adfa34d73fd1bab16e3e82a72af1e5af6294401&segment_id=1526,QURAN_EXEGESIS_CONTEXT_CANDIDATE,PRE_BOUNDARY_OR_NOT_APPLICABLE,,NO_ISNAD_PREFIX_DETECTED,0,,,,,,,
adam_report_candidate_a14cbc4ae947aa95f12f576d,c2b5847f70287b870b810f8a,SRC-TAFSIR-SAADI-ADAM,42,shamela://local/5ac170a3045185ccf78e81ebd473cafb8069279b898836fd768c78de76a3d8e5/book/42/volume/0/page/678?database_sha256=afaa57ca7290c648083328f67adfa34d73fd1bab16e3e82a72af1e5af6294401&segment_id=1527,QURAN_EXEGESIS_CONTEXT_CANDIDATE,PRE_BOUNDARY_OR_NOT_APPLICABLE,,NO_ISNAD_PREFIX_DETECTED,0,,,,,,,
adam_report_candidate_a0c3b40ba461c26aa54b30f8,0d19d37234a09faa2c1cfb9e,SRC-TAFSIR-SAADI-ADAM,42,shamela://local/5ac170a3045185ccf78e81ebd473cafb8069279b898836fd768c78de76a3d8e5/book/42/volume/0/page/740?database_sha256=afaa57ca7290c648083328f67adfa34d73fd1bab16e3e82a72af1e5af6294401&segment_id=1676,QURAN_EXEGESIS_CONTEXT_CANDIDATE,PRE_BOUNDARY_OR_NOT_APPLICABLE,,NO_ISNAD_PREFIX_DETECTED,0,,,,,,,
adam_report_candidate_aa34f2ca4f7af34a312dcfd3,0d19d37234a09faa2c1cfb9e,SRC-TAFSIR-SAADI-ADAM,42,shamela://local/5ac170a3045185ccf78e81ebd473cafb8069279b898836fd768c78de76a3d8e5/book/42/volume/0/page/741?database_sha256=afaa57ca7290c648083328f67adfa34d73fd1bab16e3e82a72af1e5af6294401&segment_id=1677,QURAN_EXEGESIS_CONTEXT_CANDIDATE,PRE_BOUNDARY_OR_NOT_APPLICABLE,,NO_ISNAD_PREFIX_DETECTED,0,,,,,,,
adam_report_candidate_32650e023415ad0f55301bd9,0d19d37234a09faa2c1cfb9e,SRC-TAFSIR-SAADI-ADAM,42,shamela://local/5ac170a3045185ccf78e81ebd473cafb8069279b898836fd768c78de76a3d8e5/book/42/volume/0/page/742?database_sha256=afaa57ca7290c648083328f67adfa34d73fd1bab16e3e82a72af1e5af6294401&segment_id=1678,QURAN_EXEGESIS_CONTEXT_CANDIDATE,PRE_BOUNDARY_OR_NOT_APPLICABLE,,NO_ISNAD_PREFIX_DETECTED,0,,,,,,,
adam_report_candidate_7108d6718045e2dcc00868a0,0d19d37234a09faa2c1cfb9e,SRC-TAFSIR-SAADI-ADAM,42,shamela://local/5ac170a3045185ccf78e81ebd473cafb8069279b898836fd768c78de76a3d8e5/book/42/volume/0/page/742?database_sha256=afaa57ca7290c648083328f67adfa34d73fd1bab16e3e82a72af1e5af6294401&segment_id=1679,QURAN_EXEGESIS_CONTEXT_CANDIDATE,PRE_BOUNDARY_OR_NOT_APPLICABLE,,NO_ISNAD_PREFIX_DETECTED,0,,,,,,,
adam_report_candidate_0a613a55a44353e05705b901,0d19d37234a09faa2c1cfb9e,SRC-TAFSIR-SAADI-ADAM,42,shamela://local/5ac170a3045185ccf78e81ebd473cafb8069279b898836fd768c78de76a3d8e5/book/42/volume/0/page/742?database_sha256=afaa57ca7290c648083328f67adfa34d73fd1bab16e3e82a72af1e5af6294401&segment_id=1680,QURAN_EXEGESIS_CONTEXT_CANDIDATE,PRE_BOUNDARY_OR_NOT_APPLICABLE,,NO_ISNAD_PREFIX_DETECTED,0,,,,,,,
adam_report_candidate_497c10e2320030fcb131c07c,06d7dbc2823c4d9f90c3c3da,SRC-TAFSIR-SAADI-ADAM,42,shamela://local/5ac170a3045185ccf78e81ebd473cafb8069279b898836fd768c78de76a3d8e5/book/42/volume/0/page/77?database_sha256=afaa57ca7290c648083328f67adfa34d73fd1bab16e3e82a72af1e5af6294401&segment_id=112,QURAN_EXEGESIS_CONTEXT_CANDIDATE,PRE_BOUNDARY_OR_NOT_APPLICABLE,,NO_ISNAD_PREFIX_DETECTED,0,,,,,,,
adam_report_candidate_bf6199bafb6eb768b6bcc71e,06d7dbc2823c4d9f90c3c3da,SRC-TAFSIR-SAADI-ADAM,42,shamela://local/5ac170a3045185ccf78e81ebd473cafb8069279b898836fd768c78de76a3d8e5/book/42/volume/0/page/78?database_sha256=afaa57ca7290c648083328f67adfa34d73fd1bab16e3e82a72af1e5af6294401&segment_id=113,QURAN_EXEGESIS_CONTEXT_CANDIDATE,PRE_BOUNDARY_OR_NOT_APPLICABLE,,NO_ISNAD_PREFIX_DETECTED,0,,,,,,,
adam_report_candidate_0006f9981a99617d5d4fb219,06d7dbc2823c4d9f90c3c3da,SRC-TAFSIR-SAADI-ADAM,42,shamela://local/5ac170a3045185ccf78e81ebd473cafb8069279b898836fd768c78de76a3d8e5/book/42/volume/0/page/79?database_sha256=afaa57ca7290c648083328f67adfa34d73fd1bab16e3e82a72af1e5af6294401&segment_id=114,QURAN_EXEGESIS_CONTEXT_CANDIDATE,PRE_BOUNDARY_OR_NOT_APPLICABLE,,NO_ISNAD_PREFIX_DETECTED,0,,,,,,,
adam_report_candidate_284023f48e496d1734e93dc8,35159cc0f8459350839b971d,SRC-TAFSIR-SAADI-ADAM,42,shamela://local/5ac170a3045185ccf78e81ebd473cafb8069279b898836fd768c78de76a3d8e5/book/42/volume/0/page/533?database_sha256=afaa57ca7290c648083328f67adfa34d73fd1bab16e3e82a72af1e5af6294401&segment_id=1204,QURAN_EXEGESIS_CONTEXT_CANDIDATE,PRE_BOUNDARY_OR_NOT_APPLICABLE,,NO_ISNAD_PREFIX_DETECTED,0,,,,,,,
adam_report_candidate_f62045a69b2f791cf8b4c637,35159cc0f8459350839b971d,SRC-TAFSIR-SAADI-ADAM,42,shamela://local/5ac170a3045185ccf78e81ebd473cafb8069279b898836fd768c78de76a3d8e5/book/42/volume/0/page/533?database_sha256=afaa57ca7290c648083328f67adfa34d73fd1bab16e3e82a72af1e5af6294401&segment_id=1205,QURAN_EXEGESIS_CONTEXT_CANDIDATE,PRE_BOUNDARY_OR_NOT_APPLICABLE,,NO_ISNAD_PREFIX_DETECTED,0,,,,,,,
adam_report_candidate_b832da65175cbe941a30d076,35159cc0f8459350839b971d,SRC-TAFSIR-SAADI-ADAM,42,shamela://local/5ac170a3045185ccf78e81ebd473cafb8069279b898836fd768c78de76a3d8e5/book/42/volume/0/page/534?database_sha256=afaa57ca7290c648083328f67adfa34d73fd1bab16e3e82a72af1e5af6294401&segment_id=1206,QURAN_EXEGESIS_CONTEXT_CANDIDATE,PRE_BOUNDARY_OR_NOT_APPLICABLE,,NO_ISNAD_PREFIX_DETECTED,0,,,,,,,
adam_report_candidate_95cf31c73acc6cd6c9dd63ad,bfd13e0bc3eb04a20399c05d,SRC-TAFSIR-SAADI-ADAM,42,shamela://local/5ac170a3045185ccf78e81ebd473cafb8069279b898836fd768c78de76a3d8e5/book/42/volume/0/page/132?database_sha256=afaa57ca7290c648083328f67adfa34d73fd1bab16e3e82a72af1e5af6294401&segment_id=215,QURAN_EXEGESIS_CONTEXT_CANDIDATE,PRE_BOUNDARY_OR_NOT_APPLICABLE,,NO_ISNAD_PREFIX_DETECTED,0,,,,,,,
adam_report_candidate_546c24d260fb2d5163baa06d,bfd13e0bc3eb04a20399c05d,SRC-TAFSIR-SAADI-ADAM,42,shamela://local/5ac170a3045185ccf78e81ebd473cafb8069279b898836fd768c78de76a3d8e5/book/42/volume/0/page/133?database_sha256=afaa57ca7290c648083328f67adfa34d73fd1bab16e3e82a72af1e5af6294401&segment_id=216,QURAN_EXEGESIS_CONTEXT_CANDIDATE,PRE_BOUNDARY_OR_NOT_APPLICABLE,,NO_ISNAD_PREFIX_DETECTED,0,,,,,,,
adam_report_candidate_529273f86b570a7b0f099047,bfd13e0bc3eb04a20399c05d,SRC-TAFSIR-SAADI-ADAM,42,shamela://local/5ac170a3045185ccf78e81ebd473cafb8069279b898836fd768c78de76a3d8e5/book/42/volume/0/page/133?database_sha256=afaa57ca7290c648083328f67adfa34d73fd1bab16e3e82a72af1e5af6294401&segment_id=217,QURAN_EXEGESIS_CONTEXT_CANDIDATE,PRE_BOUNDARY_OR_NOT_APPLICABLE,,NO_ISNAD_PREFIX_DETECTED,0,,,,,,,
adam_report_candidate_d8d2f894f94323e859506027,022de346bb33032359d9f521,SRC-TAFSIR-SAADI-ADAM,42,shamela://local/5ac170a3045185ccf78e81ebd473cafb8069279b898836fd768c78de76a3d8e5/book/42/volume/0/page/638?database_sha256=afaa57ca7290c648083328f67adfa34d73fd1bab16e3e82a72af1e5af6294401&segment_id=1438,QURAN_EXEGESIS_CONTEXT_CANDIDATE,PRE_BOUNDARY_OR_NOT_APPLICABLE,,NO_ISNAD_PREFIX_DETECTED,0,,,,,,,
adam_report_candidate_2984cdc1f2fd0df2f434318f,022de346bb33032359d9f521,SRC-TAFSIR-SAADI-ADAM,42,shamela://local/5ac170a3045185ccf78e81ebd473cafb8069279b898836fd768c78de76a3d8e5/book/42/volume/0/page/639?database_sha256=afaa57ca7290c648083328f67adfa34d73fd1bab16e3e82a72af1e5af6294401&segment_id=1439,QURAN_EXEGESIS_CONTEXT_CANDIDATE,PRE_BOUNDARY_OR_NOT_APPLICABLE,,NO_ISNAD_PREFIX_DETECTED,0,,,,,,,
adam_report_candidate_41860d29f8af372356d679c6,022de346bb33032359d9f521,SRC-TAFSIR-SAADI-ADAM,42,shamela://local/5ac170a3045185ccf78e81ebd473cafb8069279b898836fd768c78de76a3d8e5/book/42/volume/0/page/639?database_sha256=afaa57ca7290c648083328f67adfa34d73fd1bab16e3e82a72af1e5af6294401&segment_id=1440,QURAN_EXEGESIS_CONTEXT_CANDIDATE,PRE_BOUNDARY_OR_NOT_APPLICABLE,,NO_ISNAD_PREFIX_DETECTED,0,,,,,,,
adam_report_candidate_5660ac73e47a3030999248a1,1b3694394cb6da667c6ed0bc,SRC-TAFSIR-SAADI-ADAM,42,shamela://local/5ac170a3045185ccf78e81ebd473cafb8069279b898836fd768c78de76a3d8e5/book/42/volume/0/page/900?database_sha256=afaa57ca7290c648083328f67adfa34d73fd1bab16e3e82a72af1e5af6294401&segment_id=2047,QURAN_EXEGESIS_CONTEXT_CANDIDATE,PRE_BOUNDARY_OR_NOT_APPLICABLE,,NO_ISNAD_PREFIX_DETECTED,0,,,,,,,
adam_report_candidate_f3deaf3e93ab46db1b04d3e2,1b3694394cb6da667c6ed0bc,SRC-TAFSIR-SAADI-ADAM,42,shamela://local/5ac170a3045185ccf78e81ebd473cafb8069279b898836fd768c78de76a3d8e5/book/42/volume/0/page/900?database_sha256=afaa57ca7290c648083328f67adfa34d73fd1bab16e3e82a72af1e5af6294401&segment_id=2048,QURAN_EXEGESIS_CONTEXT_CANDIDATE,PRE_BOUNDARY_OR_NOT_APPLICABLE,,NO_ISNAD_PREFIX_DETECTED,0,,,,,,,
adam_report_candidate_b8e9d0d0aace1c754c0a633f,1b3694394cb6da667c6ed0bc,SRC-TAFSIR-SAADI-ADAM,42,shamela://local/5ac170a3045185ccf78e81ebd473cafb8069279b898836fd768c78de76a3d8e5/book/42/volume/0/page/901?database_sha256=afaa57ca7290c648083328f67adfa34d73fd1bab16e3e82a72af1e5af6294401&segment_id=2049,QURAN_EXEGESIS_CONTEXT_CANDIDATE,PRE_BOUNDARY_OR_NOT_APPLICABLE,,NO_ISNAD_PREFIX_DETECTED,0,,,,,,,
adam_report_candidate_d841c7dc2674613a7b38f2a2,26d34b7d8916c2b06131d714,SRC-TAFSIR-SAADI-ADAM,42,shamela://local/5ac170a3045185ccf78e81ebd473cafb8069279b898836fd768c78de76a3d8e5/book/42/volume/0/page/479?database_sha256=afaa57ca7290c648083328f67adfa34d73fd1bab16e3e82a72af1e5af6294401&segment_id=1072,QURAN_EXEGESIS_CONTEXT_CANDIDATE,PRE_BOUNDARY_OR_NOT_APPLICABLE,,NO_ISNAD_PREFIX_DETECTED,0,,,,,,,
adam_report_candidate_7acf23236a50622ec0ebeb98,26d34b7d8916c2b06131d714,SRC-TAFSIR-SAADI-ADAM,42,shamela://local/5ac170a3045185ccf78e81ebd473cafb8069279b898836fd768c78de76a3d8e5/book/42/volume/0/page/479?database_sha256=afaa57ca7290c648083328f67adfa34d73fd1bab16e3e82a72af1e5af6294401&segment_id=1073,EARLY_REPORT_CANDIDATE,PRE_BOUNDARY_OR_NOT_APPLICABLE,,NO_ISNAD_PREFIX_DETECTED,1,,,,,,,
adam_report_candidate_618e8c93fffa92b3772ce90a,26d34b7d8916c2b06131d714,SRC-TAFSIR-SAADI-ADAM,42,shamela://local/5ac170a3045185ccf78e81ebd473cafb8069279b898836fd768c78de76a3d8e5/book/42/volume/0/page/480?database_sha256=afaa57ca7290c648083328f67adfa34d73fd1bab16e3e82a72af1e5af6294401&segment_id=1074,QURAN_EXEGESIS_CONTEXT_CANDIDATE,PRE_BOUNDARY_OR_NOT_APPLICABLE,,NO_ISNAD_PREFIX_DETECTED,0,,,,,,,
adam_report_candidate_bc22c31a125cd997ce6b8c60,c8dd1ab86b1d174f6e88169e,SRC-TAFSIR-TABARI-ADAM,7798,shamela://local/5ac170a3045185ccf78e81ebd473cafb8069279b898836fd768c78de76a3d8e5/book/7798/volume/1/page/476?database_sha256=59b3debd44645d1e86afcdc276a7a43239ad3509581c303aa6bca23fc272e3f3&segment_id=656,AUTHORIAL_COMMENTARY_CANDIDATE,PRE_BOUNDARY_OR_NOT_APPLICABLE,,NO_ISNAD_PREFIX_DETECTED,1,EV-ADAM-010 | EV-ADAM-011 | EV-ADAM-020 | EV-ADAM-021 | EV-ADAM-022 | EV-ADAM-023 | EV-ADAM-024 | EV-ADAM-030 | EV-ADAM-031 | EV-ADAM-032 | EV-ADAM-033 | EV-ADAM-040 | EV-ADAM-041 | EV-ADAM-042 | EV-ADAM-050 | EV-ADAM-051 | EV-ADAM-052 | EV-ADAM-053 | EV-ADAM-054 | EV-ADAM-055,RQ-ADAM-007 | RQ-ADAM-008 | RQ-ADAM-009 | RQ-ADAM-010 | RQ-ADAM-011 | RQ-ADAM-012 | RQ-ADAM-013 | RQ-ADAM-014 | RQ-ADAM-015 | RQ-ADAM-016 | RQ-ADAM-017 | RQ-ADAM-018 | RQ-ADAM-019 | RQ-ADAM-020,,,,,
adam_report_candidate_224db1185e318e1ee75d8289,c8dd1ab86b1d174f6e88169e,SRC-TAFSIR-TABARI-ADAM,7798,shamela://local/5ac170a3045185ccf78e81ebd473cafb8069279b898836fd768c78de76a3d8e5/book/7798/volume/1/page/476?database_sha256=59b3debd44645d1e86afcdc276a7a43239ad3509581c303aa6bca23fc272e3f3&segment_id=656,PROPHETIC_HADITH_CANDIDATE,PRE_BOUNDARY_OR_NOT_APPLICABLE,,CANDIDATE_PREFIX_EXTRACTED,3,EV-ADAM-010 | EV-ADAM-011 | EV-ADAM-020 | EV-ADAM-021 | EV-ADAM-022 | EV-ADAM-023 | EV-ADAM-024 | EV-ADAM-030 | EV-ADAM-031 | EV-ADAM-032 | EV-ADAM-033 | EV-ADAM-040 | EV-ADAM-041 | EV-ADAM-042 | EV-ADAM-050 | EV-ADAM-051 | EV-ADAM-052 | EV-ADAM-053 | EV-ADAM-054 | EV-ADAM-055,RQ-ADAM-007 | RQ-ADAM-008 | RQ-ADAM-009 | RQ-ADAM-010 | RQ-ADAM-011 | RQ-ADAM-012 | RQ-ADAM-013 | RQ-ADAM-014 | RQ-ADAM-015 | RQ-ADAM-016 | RQ-ADAM-017 | RQ-ADAM-018 | RQ-ADAM-019 | RQ-ADAM-020,,,,,
adam_report_candidate_13e9e0419212dc9fd1799989,c8dd1ab86b1d174f6e88169e,SRC-TAFSIR-TABARI-ADAM,7798,shamela://local/5ac170a3045185ccf78e81ebd473cafb8069279b898836fd768c78de76a3d8e5/book/7798/volume/1/page/477?database_sha256=59b3debd44645d1e86afcdc276a7a43239ad3509581c303aa6bca23fc272e3f3&segment_id=657,UNCLASSIFIED_SOURCE_PASSAGE_CANDIDATE,PRE_BOUNDARY_OR_NOT_APPLICABLE,,NO_ISNAD_PREFIX_DETECTED,0,EV-ADAM-010 | EV-ADAM-011 | EV-ADAM-020 | EV-ADAM-021 | EV-ADAM-022 | EV-ADAM-023 | EV-ADAM-024 | EV-ADAM-030 | EV-ADAM-031 | EV-ADAM-032 | EV-ADAM-033 | EV-ADAM-040 | EV-ADAM-041 | EV-ADAM-042 | EV-ADAM-050 | EV-ADAM-051 | EV-ADAM-052 | EV-ADAM-053 | EV-ADAM-054 | EV-ADAM-055,RQ-ADAM-007 | RQ-ADAM-008 | RQ-ADAM-009 | RQ-ADAM-010 | RQ-ADAM-011 | RQ-ADAM-012 | RQ-ADAM-013 | RQ-ADAM-014 | RQ-ADAM-015 | RQ-ADAM-016 | RQ-ADAM-017 | RQ-ADAM-018 | RQ-ADAM-019 | RQ-ADAM-020,,,,,
adam_report_candidate_17539fe48f58fa804f498d1a,c8dd1ab86b1d174f6e88169e,SRC-TAFSIR-TABARI-ADAM,7798,shamela://local/5ac170a3045185ccf78e81ebd473cafb8069279b898836fd768c78de76a3d8e5/book/7798/volume/1/page/477?database_sha256=59b3debd44645d1e86afcdc276a7a43239ad3509581c303aa6bca23fc272e3f3&segment_id=657,EARLY_REPORT_CANDIDATE,PRE_BOUNDARY_OR_NOT_APPLICABLE,,CANDIDATE_PREFIX_EXTRACTED,7,EV-ADAM-010 | EV-ADAM-011 | EV-ADAM-020 | EV-ADAM-021 | EV-ADAM-022 | EV-ADAM-023 | EV-ADAM-024 | EV-ADAM-030 | EV-ADAM-031 | EV-ADAM-032 | EV-ADAM-033 | EV-ADAM-040 | EV-ADAM-041 | EV-ADAM-042 | EV-ADAM-050 | EV-ADAM-051 | EV-ADAM-052 | EV-ADAM-053 | EV-ADAM-054 | EV-ADAM-055,RQ-ADAM-007 | RQ-ADAM-008 | RQ-ADAM-009 | RQ-ADAM-010 | RQ-ADAM-011 | RQ-ADAM-012 | RQ-ADAM-013 | RQ-ADAM-014 | RQ-ADAM-015 | RQ-ADAM-016 | RQ-ADAM-017 | RQ-ADAM-018 | RQ-ADAM-019 | RQ-ADAM-020,,,,,
adam_report_candidate_0ba865f6e567a1ca2c4881c5,c8dd1ab86b1d174f6e88169e,SRC-TAFSIR-TABARI-ADAM,7798,shamela://local/5ac170a3045185ccf78e81ebd473cafb8069279b898836fd768c78de76a3d8e5/book/7798/volume/1/page/478?database_sha256=59b3debd44645d1e86afcdc276a7a43239ad3509581c303aa6bca23fc272e3f3&segment_id=658,EARLY_REPORT_CANDIDATE,PRE_BOUNDARY_OR_NOT_APPLICABLE,,NO_ISNAD_PREFIX_DETECTED,1,EV-ADAM-010 | EV-ADAM-011 | EV-ADAM-020 | EV-ADAM-021 | EV-ADAM-022 | EV-ADAM-023 | EV-ADAM-024 | EV-ADAM-030 | EV-ADAM-031 | EV-ADAM-032 | EV-ADAM-033 | EV-ADAM-040 | EV-ADAM-041 | EV-ADAM-042 | EV-ADAM-050 | EV-ADAM-051 | EV-ADAM-052 | EV-ADAM-053 | EV-ADAM-054 | EV-ADAM-055,RQ-ADAM-007 | RQ-ADAM-008 | RQ-ADAM-009 | RQ-ADAM-010 | RQ-ADAM-011 | RQ-ADAM-012 | RQ-ADAM-013 | RQ-ADAM-014 | RQ-ADAM-015 | RQ-ADAM-016 | RQ-ADAM-017 | RQ-ADAM-018 | RQ-ADAM-019 | RQ-ADAM-020,,,,,
adam_report_candidate_5e2a7823552bb754af9d94eb,c8dd1ab86b1d174f6e88169e,SRC-TAFSIR-TABARI-ADAM,7798,shamela://local/5ac170a3045185ccf78e81ebd473cafb8069279b898836fd768c78de76a3d8e5/book/7798/volume/1/page/478?database_sha256=59b3debd44645d1e86afcdc276a7a43239ad3509581c303aa6bca23fc272e3f3&segment_id=658,EARLY_REPORT_CANDIDATE,PRE_BOUNDARY_OR_NOT_APPLICABLE,,CANDIDATE_PREFIX_EXTRACTED,3,EV-ADAM-010 | EV-ADAM-011 | EV-ADAM-020 | EV-ADAM-021 | EV-ADAM-022 | EV-ADAM-023 | EV-ADAM-024 | EV-ADAM-030 | EV-ADAM-031 | EV-ADAM-032 | EV-ADAM-033 | EV-ADAM-040 | EV-ADAM-041 | EV-ADAM-042 | EV-ADAM-050 | EV-ADAM-051 | EV-ADAM-052 | EV-ADAM-053 | EV-ADAM-054 | EV-ADAM-055,RQ-ADAM-007 | RQ-ADAM-008 | RQ-ADAM-009 | RQ-ADAM-010 | RQ-ADAM-011 | RQ-ADAM-012 | RQ-ADAM-013 | RQ-ADAM-014 | RQ-ADAM-015 | RQ-ADAM-016 | RQ-ADAM-017 | RQ-ADAM-018 | RQ-ADAM-019 | RQ-ADAM-020,,,,,
adam_report_candidate_63ee043cf2d94a84d827db8c,c8dd1ab86b1d174f6e88169e,SRC-TAFSIR-TABARI-ADAM,7798,shamela://local/5ac170a3045185ccf78e81ebd473cafb8069279b898836fd768c78de76a3d8e5/book/7798/volume/1/page/479?database_sha256=59b3debd44645d1e86afcdc276a7a43239ad3509581c303aa6bca23fc272e3f3&segment_id=659,EARLY_REPORT_CANDIDATE,PRE_BOUNDARY_OR_NOT_APPLICABLE,,NO_ISNAD_PREFIX_DETECTED,1,EV-ADAM-010 | EV-ADAM-011 | EV-ADAM-020 | EV-ADAM-021 | EV-ADAM-022 | EV-ADAM-023 | EV-ADAM-024 | EV-ADAM-030 | EV-ADAM-031 | EV-ADAM-032 | EV-ADAM-033 | EV-ADAM-040 | EV-ADAM-041 | EV-ADAM-042 | EV-ADAM-050 | EV-ADAM-051 | EV-ADAM-052 | EV-ADAM-053 | EV-ADAM-054 | EV-ADAM-055,RQ-ADAM-007 | RQ-ADAM-008 | RQ-ADAM-009 | RQ-ADAM-010 | RQ-ADAM-011 | RQ-ADAM-012 | RQ-ADAM-013 | RQ-ADAM-014 | RQ-ADAM-015 | RQ-ADAM-016 | RQ-ADAM-017 | RQ-ADAM-018 | RQ-ADAM-019 | RQ-ADAM-020,,,,,
adam_report_candidate_af1559358f9235d822eb7e50,c8dd1ab86b1d174f6e88169e,SRC-TAFSIR-TABARI-ADAM,7798,shamela://local/5ac170a3045185ccf78e81ebd473cafb8069279b898836fd768c78de76a3d8e5/book/7798/volume/1/page/479?database_sha256=59b3debd44645d1e86afcdc276a7a43239ad3509581c303aa6bca23fc272e3f3&segment_id=659,EARLY_REPORT_CANDIDATE,PRE_BOUNDARY_OR_NOT_APPLICABLE,,CANDIDATE_PREFIX_EXTRACTED,3,EV-ADAM-010 | EV-ADAM-011 | EV-ADAM-020 | EV-ADAM-021 | EV-ADAM-022 | EV-ADAM-023 | EV-ADAM-024 | EV-ADAM-030 | EV-ADAM-031 | EV-ADAM-032 | EV-ADAM-033 | EV-ADAM-040 | EV-ADAM-041 | EV-ADAM-042 | EV-ADAM-050 | EV-ADAM-051 | EV-ADAM-052 | EV-ADAM-053 | EV-ADAM-054 | EV-ADAM-055,RQ-ADAM-007 | RQ-ADAM-008 | RQ-ADAM-009 | RQ-ADAM-010 | RQ-ADAM-011 | RQ-ADAM-012 | RQ-ADAM-013 | RQ-ADAM-014 | RQ-ADAM-015 | RQ-ADAM-016 | RQ-ADAM-017 | RQ-ADAM-018 | RQ-ADAM-019 | RQ-ADAM-020,,,,,
adam_report_candidate_338e9df90981a1a4103990a8,c8dd1ab86b1d174f6e88169e,SRC-TAFSIR-TABARI-ADAM,7798,shamela://local/5ac170a3045185ccf78e81ebd473cafb8069279b898836fd768c78de76a3d8e5/book/7798/volume/1/page/479?database_sha256=59b3debd44645d1e86afcdc276a7a43239ad3509581c303aa6bca23fc272e3f3&segment_id=659,EARLY_REPORT_CANDIDATE,PRE_BOUNDARY_OR_NOT_APPLICABLE,WAHB_IBN_MUNABBIH,CANDIDATE_PREFIX_EXTRACTED,4,EV-ADAM-010 | EV-ADAM-011 | EV-ADAM-020 | EV-ADAM-021 | EV-ADAM-022 | EV-ADAM-023 | EV-ADAM-024 | EV-ADAM-030 | EV-ADAM-031 | EV-ADAM-032 | EV-ADAM-033 | EV-ADAM-040 | EV-ADAM-041 | EV-ADAM-042 | EV-ADAM-050 | EV-ADAM-051 | EV-ADAM-052 | EV-ADAM-053 | EV-ADAM-054 | EV-ADAM-055,RQ-ADAM-007 | RQ-ADAM-008 | RQ-ADAM-009 | RQ-ADAM-010 | RQ-ADAM-011 | RQ-ADAM-012 | RQ-ADAM-013 | RQ-ADAM-014 | RQ-ADAM-015 | RQ-ADAM-016 | RQ-ADAM-017 | RQ-ADAM-018 | RQ-ADAM-019 | RQ-ADAM-020,,,,,
adam_report_candidate_51b2136c9ba52490fbd78155,c8dd1ab86b1d174f6e88169e,SRC-TAFSIR-TABARI-ADAM,7798,shamela://local/5ac170a3045185ccf78e81ebd473cafb8069279b898836fd768c78de76a3d8e5/book/7798/volume/1/page/479?database_sha256=59b3debd44645d1e86afcdc276a7a43239ad3509581c303aa6bca23fc272e3f3&segment_id=659,EARLY_REPORT_CANDIDATE,PRE_BOUNDARY_OR_NOT_APPLICABLE,,CANDIDATE_PREFIX_EXTRACTED,3,EV-ADAM-010 | EV-ADAM-011 | EV-ADAM-020 | EV-ADAM-021 | EV-ADAM-022 | EV-ADAM-023 | EV-ADAM-024 | EV-ADAM-030 | EV-ADAM-031 | EV-ADAM-032 | EV-ADAM-033 | EV-ADAM-040 | EV-ADAM-041 | EV-ADAM-042 | EV-ADAM-050 | EV-ADAM-051 | EV-ADAM-052 | EV-ADAM-053 | EV-ADAM-054 | EV-ADAM-055,RQ-ADAM-007 | RQ-ADAM-008 | RQ-ADAM-009 | RQ-ADAM-010 | RQ-ADAM-011 | RQ-ADAM-012 | RQ-ADAM-013 | RQ-ADAM-014 | RQ-ADAM-015 | RQ-ADAM-016 | RQ-ADAM-017 | RQ-ADAM-018 | RQ-ADAM-019 | RQ-ADAM-020,,,,,
adam_report_candidate_a6c275564e973f43bff3d3a3,c8dd1ab86b1d174f6e88169e,SRC-TAFSIR-TABARI-ADAM,7798,shamela://local/5ac170a3045185ccf78e81ebd473cafb8069279b898836fd768c78de76a3d8e5/book/7798/volume/1/page/480?database_sha256=59b3debd44645d1e86afcdc276a7a43239ad3509581c303aa6bca23fc272e3f3&segment_id=660,QURAN_EXEGESIS_CONTEXT_CANDIDATE,PRE_BOUNDARY_OR_NOT_APPLICABLE,,NO_ISNAD_PREFIX_DETECTED,0,EV-ADAM-010 | EV-ADAM-011 | EV-ADAM-020 | EV-ADAM-021 | EV-ADAM-022 | EV-ADAM-023 | EV-ADAM-024 | EV-ADAM-030 | EV-ADAM-031 | EV-ADAM-032 | EV-ADAM-033 | EV-ADAM-040 | EV-ADAM-041 | EV-ADAM-042 | EV-ADAM-050 | EV-ADAM-051 | EV-ADAM-052 | EV-ADAM-053 | EV-ADAM-054 | EV-ADAM-055,RQ-ADAM-007 | RQ-ADAM-008 | RQ-ADAM-009 | RQ-ADAM-010 | RQ-ADAM-011 | RQ-ADAM-012 | RQ-ADAM-013 | RQ-ADAM-014 | RQ-ADAM-015 | RQ-ADAM-016 | RQ-ADAM-017 | RQ-ADAM-018 | RQ-ADAM-019 | RQ-ADAM-020,,,,,
adam_report_candidate_0299f25e46eae8377ea53a25,c8dd1ab86b1d174f6e88169e,SRC-TAFSIR-TABARI-ADAM,7798,shamela://local/5ac170a3045185ccf78e81ebd473cafb8069279b898836fd768c78de76a3d8e5/book/7798/volume/1/page/481?database_sha256=59b3debd44645d1e86afcdc276a7a43239ad3509581c303aa6bca23fc272e3f3&segment_id=661,QURAN_EXEGESIS_CONTEXT_CANDIDATE,PRE_BOUNDARY_OR_NOT_APPLICABLE,,NO_ISNAD_PREFIX_DETECTED,0,EV-ADAM-010 | EV-ADAM-011 | EV-ADAM-020 | EV-ADAM-021 | EV-ADAM-022 | EV-ADAM-023 | EV-ADAM-024 | EV-ADAM-030 | EV-ADAM-031 | EV-ADAM-032 | EV-ADAM-033 | EV-ADAM-040 | EV-ADAM-041 | EV-ADAM-042 | EV-ADAM-050 | EV-ADAM-051 | EV-ADAM-052 | EV-ADAM-053 | EV-ADAM-054 | EV-ADAM-055,RQ-ADAM-007 | RQ-ADAM-008 | RQ-ADAM-009 | RQ-ADAM-010 | RQ-ADAM-011 | RQ-ADAM-012 | RQ-ADAM-013 | RQ-ADAM-014 | RQ-ADAM-015 | RQ-ADAM-016 | RQ-ADAM-017 | RQ-ADAM-018 | RQ-ADAM-019 | RQ-ADAM-020,,,,,
adam_report_candidate_95eaaedab520286416dccd69,c8dd1ab86b1d174f6e88169e,SRC-TAFSIR-TABARI-ADAM,7798,shamela://local/5ac170a3045185ccf78e81ebd473cafb8069279b898836fd768c78de76a3d8e5/book/7798/volume/1/page/482?database_sha256=59b3debd44645d1e86afcdc276a7a43239ad3509581c303aa6bca23fc272e3f3&segment_id=662,EARLY_REPORT_CANDIDATE,PRE_BOUNDARY_OR_NOT_APPLICABLE,,NO_ISNAD_PREFIX_DETECTED,1,EV-ADAM-010 | EV-ADAM-011 | EV-ADAM-020 | EV-ADAM-021 | EV-ADAM-022 | EV-ADAM-023 | EV-ADAM-024 | EV-ADAM-030 | EV-ADAM-031 | EV-ADAM-032 | EV-ADAM-033 | EV-ADAM-040 | EV-ADAM-041 | EV-ADAM-042 | EV-ADAM-050 | EV-ADAM-051 | EV-ADAM-052 | EV-ADAM-053 | EV-ADAM-054 | EV-ADAM-055,RQ-ADAM-007 | RQ-ADAM-008 | RQ-ADAM-009 | RQ-ADAM-010 | RQ-ADAM-011 | RQ-ADAM-012 | RQ-ADAM-013 | RQ-ADAM-014 | RQ-ADAM-015 | RQ-ADAM-016 | RQ-ADAM-017 | RQ-ADAM-018 | RQ-ADAM-019 | RQ-ADAM-020,,,,,
adam_report_candidate_f3c4ec3b6d23f80df9f5076d,c8dd1ab86b1d174f6e88169e,SRC-TAFSIR-TABARI-ADAM,7798,shamela://local/5ac170a3045185ccf78e81ebd473cafb8069279b898836fd768c78de76a3d8e5/book/7798/volume/1/page/482?database_sha256=59b3debd44645d1e86afcdc276a7a43239ad3509581c303aa6bca23fc272e3f3&segment_id=662,EARLY_REPORT_CANDIDATE,PRE_BOUNDARY_OR_NOT_APPLICABLE,,CANDIDATE_PREFIX_EXTRACTED,4,EV-ADAM-010 | EV-ADAM-011 | EV-ADAM-020 | EV-ADAM-021 | EV-ADAM-022 | EV-ADAM-023 | EV-ADAM-024 | EV-ADAM-030 | EV-ADAM-031 | EV-ADAM-032 | EV-ADAM-033 | EV-ADAM-040 | EV-ADAM-041 | EV-ADAM-042 | EV-ADAM-050 | EV-ADAM-051 | EV-ADAM-052 | EV-ADAM-053 | EV-ADAM-054 | EV-ADAM-055,RQ-ADAM-007 | RQ-ADAM-008 | RQ-ADAM-009 | RQ-ADAM-010 | RQ-ADAM-011 | RQ-ADAM-012 | RQ-ADAM-013 | RQ-ADAM-014 | RQ-ADAM-015 | RQ-ADAM-016 | RQ-ADAM-017 | RQ-ADAM-018 | RQ-ADAM-019 | RQ-ADAM-020,,,,,
adam_report_candidate_b2ff8547e40062c4e83830a1,c8dd1ab86b1d174f6e88169e,SRC-TAFSIR-TABARI-ADAM,7798,shamela://local/5ac170a3045185ccf78e81ebd473cafb8069279b898836fd768c78de76a3d8e5/book/7798/volume/1/page/483?database_sha256=59b3debd44645d1e86afcdc276a7a43239ad3509581c303aa6bca23fc272e3f3&segment_id=663,QURAN_EXEGESIS_CONTEXT_CANDIDATE,PRE_BOUNDARY_OR_NOT_APPLICABLE,,NO_ISNAD_PREFIX_DETECTED,0,EV-ADAM-010 | EV-ADAM-011 | EV-ADAM-020 | EV-ADAM-021 | EV-ADAM-022 | EV-ADAM-023 | EV-ADAM-024 | EV-ADAM-030 | EV-ADAM-031 | EV-ADAM-032 | EV-ADAM-033 | EV-ADAM-040 | EV-ADAM-041 | EV-ADAM-042 | EV-ADAM-050 | EV-ADAM-051 | EV-ADAM-052 | EV-ADAM-053 | EV-ADAM-054 | EV-ADAM-055,RQ-ADAM-007 | RQ-ADAM-008 | RQ-ADAM-009 | RQ-ADAM-010 | RQ-ADAM-011 | RQ-ADAM-012 | RQ-ADAM-013 | RQ-ADAM-014 | RQ-ADAM-015 | RQ-ADAM-016 | RQ-ADAM-017 | RQ-ADAM-018 | RQ-ADAM-019 | RQ-ADAM-020,,,,,
adam_report_candidate_cb1ee72f3b0949233042c5ed,c8dd1ab86b1d174f6e88169e,SRC-TAFSIR-TABARI-ADAM,7798,shamela://local/5ac170a3045185ccf78e81ebd473cafb8069279b898836fd768c78de76a3d8e5/book/7798/volume/1/page/484?database_sha256=59b3debd44645d1e86afcdc276a7a43239ad3509581c303aa6bca23fc272e3f3&segment_id=664,QURAN_EXEGESIS_CONTEXT_CANDIDATE,PRE_BOUNDARY_OR_NOT_APPLICABLE,,NO_ISNAD_PREFIX_DETECTED,0,EV-ADAM-010 | EV-ADAM-011 | EV-ADAM-020 | EV-ADAM-021 | EV-ADAM-022 | EV-ADAM-023 | EV-ADAM-024 | EV-ADAM-030 | EV-ADAM-031 | EV-ADAM-032 | EV-ADAM-033 | EV-ADAM-040 | EV-ADAM-041 | EV-ADAM-042 | EV-ADAM-050 | EV-ADAM-051 | EV-ADAM-052 | EV-ADAM-053 | EV-ADAM-054 | EV-ADAM-055,RQ-ADAM-007 | RQ-ADAM-008 | RQ-ADAM-009 | RQ-ADAM-010 | RQ-ADAM-011 | RQ-ADAM-012 | RQ-ADAM-013 | RQ-ADAM-014 | RQ-ADAM-015 | RQ-ADAM-016 | RQ-ADAM-017 | RQ-ADAM-018 | RQ-ADAM-019 | RQ-ADAM-020,,,,,
adam_report_candidate_82e91949c2e10df246fc12f2,c8dd1ab86b1d174f6e88169e,SRC-TAFSIR-TABARI-ADAM,7798,shamela://local/5ac170a3045185ccf78e81ebd473cafb8069279b898836fd768c78de76a3d8e5/book/7798/volume/1/page/485?database_sha256=59b3debd44645d1e86afcdc276a7a43239ad3509581c303aa6bca23fc272e3f3&segment_id=665,QURAN_EXEGESIS_CONTEXT_CANDIDATE,PRE_BOUNDARY_OR_NOT_APPLICABLE,,NO_ISNAD_PREFIX_DETECTED,0,EV-ADAM-010 | EV-ADAM-011 | EV-ADAM-020 | EV-ADAM-021 | EV-ADAM-022 | EV-ADAM-023 | EV-ADAM-024 | EV-ADAM-030 | EV-ADAM-031 | EV-ADAM-032 | EV-ADAM-033 | EV-ADAM-040 | EV-ADAM-041 | EV-ADAM-042 | EV-ADAM-050 | EV-ADAM-051 | EV-ADAM-052 | EV-ADAM-053 | EV-ADAM-054 | EV-ADAM-055,RQ-ADAM-007 | RQ-ADAM-008 | RQ-ADAM-009 | RQ-ADAM-010 | RQ-ADAM-011 | RQ-ADAM-012 | RQ-ADAM-013 | RQ-ADAM-014 | RQ-ADAM-015 | RQ-ADAM-016 | RQ-ADAM-017 | RQ-ADAM-018 | RQ-ADAM-019 | RQ-ADAM-020,,,,,
adam_report_candidate_40de4afbbd7d01c5ff9e308e,c8dd1ab86b1d174f6e88169e,SRC-TAFSIR-TABARI-ADAM,7798,shamela://local/5ac170a3045185ccf78e81ebd473cafb8069279b898836fd768c78de76a3d8e5/book/7798/volume/1/page/486?database_sha256=59b3debd44645d1e86afcdc276a7a43239ad3509581c303aa6bca23fc272e3f3&segment_id=666,EARLY_REPORT_CANDIDATE,PRE_BOUNDARY_OR_NOT_APPLICABLE,,NO_ISNAD_PREFIX_DETECTED,1,EV-ADAM-010 | EV-ADAM-011 | EV-ADAM-020 | EV-ADAM-021 | EV-ADAM-022 | EV-ADAM-023 | EV-ADAM-024 | EV-ADAM-030 | EV-ADAM-031 | EV-ADAM-032 | EV-ADAM-033 | EV-ADAM-040 | EV-ADAM-041 | EV-ADAM-042 | EV-ADAM-050 | EV-ADAM-051 | EV-ADAM-052 | EV-ADAM-053 | EV-ADAM-054 | EV-ADAM-055,RQ-ADAM-007 | RQ-ADAM-008 | RQ-ADAM-009 | RQ-ADAM-010 | RQ-ADAM-011 | RQ-ADAM-012 | RQ-ADAM-013 | RQ-ADAM-014 | RQ-ADAM-015 | RQ-ADAM-016 | RQ-ADAM-017 | RQ-ADAM-018 | RQ-ADAM-019 | RQ-ADAM-020,,,,,
adam_report_candidate_cdca100647d79e40e4f9ff86,c8dd1ab86b1d174f6e88169e,SRC-TAFSIR-TABARI-ADAM,7798,shamela://local/5ac170a3045185ccf78e81ebd473cafb8069279b898836fd768c78de76a3d8e5/book/7798/volume/1/page/486?database_sha256=59b3debd44645d1e86afcdc276a7a43239ad3509581c303aa6bca23fc272e3f3&segment_id=666,EARLY_REPORT_CANDIDATE,PRE_BOUNDARY_OR_NOT_APPLICABLE,,CANDIDATE_PREFIX_EXTRACTED,4,EV-ADAM-010 | EV-ADAM-011 | EV-ADAM-020 | EV-ADAM-021 | EV-ADAM-022 | EV-ADAM-023 | EV-ADAM-024 | EV-ADAM-030 | EV-ADAM-031 | EV-ADAM-032 | EV-ADAM-033 | EV-ADAM-040 | EV-ADAM-041 | EV-ADAM-042 | EV-ADAM-050 | EV-ADAM-051 | EV-ADAM-052 | EV-ADAM-053 | EV-ADAM-054 | EV-ADAM-055,RQ-ADAM-007 | RQ-ADAM-008 | RQ-ADAM-009 | RQ-ADAM-010 | RQ-ADAM-011 | RQ-ADAM-012 | RQ-ADAM-013 | RQ-ADAM-014 | RQ-ADAM-015 | RQ-ADAM-016 | RQ-ADAM-017 | RQ-ADAM-018 | RQ-ADAM-019 | RQ-ADAM-020,,,,,
adam_report_candidate_e64a8124f6fbca89895bd75c,c8dd1ab86b1d174f6e88169e,SRC-TAFSIR-TABARI-ADAM,7798,shamela://local/5ac170a3045185ccf78e81ebd473cafb8069279b898836fd768c78de76a3d8e5/book/7798/volume/1/page/487?database_sha256=59b3debd44645d1e86afcdc276a7a43239ad3509581c303aa6bca23fc272e3f3&segment_id=667,QURAN_EXEGESIS_CONTEXT_CANDIDATE,PRE_BOUNDARY_OR_NOT_APPLICABLE,,NO_ISNAD_PREFIX_DETECTED,0,EV-ADAM-010 | EV-ADAM-011 | EV-ADAM-020 | EV-ADAM-021 | EV-ADAM-022 | EV-ADAM-023 | EV-ADAM-024 | EV-ADAM-030 | EV-ADAM-031 | EV-ADAM-032 | EV-ADAM-033 | EV-ADAM-040 | EV-ADAM-041 | EV-ADAM-042 | EV-ADAM-050 | EV-ADAM-051 | EV-ADAM-052 | EV-ADAM-053 | EV-ADAM-054 | EV-ADAM-055,RQ-ADAM-007 | RQ-ADAM-008 | RQ-ADAM-009 | RQ-ADAM-010 | RQ-ADAM-011 | RQ-ADAM-012 | RQ-ADAM-013 | RQ-ADAM-014 | RQ-ADAM-015 | RQ-ADAM-016 | RQ-ADAM-017 | RQ-ADAM-018 | RQ-ADAM-019 | RQ-ADAM-020,,,,,
adam_report_candidate_7aad8e8b52ae614b44ed0635,c8dd1ab86b1d174f6e88169e,SRC-TAFSIR-TABARI-ADAM,7798,shamela://local/5ac170a3045185ccf78e81ebd473cafb8069279b898836fd768c78de76a3d8e5/book/7798/volume/1/page/488?database_sha256=59b3debd44645d1e86afcdc276a7a43239ad3509581c303aa6bca23fc272e3f3&segment_id=668,EARLY_REPORT_CANDIDATE,PRE_BOUNDARY_OR_NOT_APPLICABLE,,NO_ISNAD_PREFIX_DETECTED,1,EV-ADAM-010 | EV-ADAM-011 | EV-ADAM-020 | EV-ADAM-021 | EV-ADAM-022 | EV-ADAM-023 | EV-ADAM-024 | EV-ADAM-030 | EV-ADAM-031 | EV-ADAM-032 | EV-ADAM-033 | EV-ADAM-040 | EV-ADAM-041 | EV-ADAM-042 | EV-ADAM-050 | EV-ADAM-051 | EV-ADAM-052 | EV-ADAM-053 | EV-ADAM-054 | EV-ADAM-055,RQ-ADAM-007 | RQ-ADAM-008 | RQ-ADAM-009 | RQ-ADAM-010 | RQ-ADAM-011 | RQ-ADAM-012 | RQ-ADAM-013 | RQ-ADAM-014 | RQ-ADAM-015 | RQ-ADAM-016 | RQ-ADAM-017 | RQ-ADAM-018 | RQ-ADAM-019 | RQ-ADAM-020,,,,,
adam_report_candidate_fd88bbb7dee5cd3725a9b72f,c8dd1ab86b1d174f6e88169e,SRC-TAFSIR-TABARI-ADAM,7798,shamela://local/5ac170a3045185ccf78e81ebd473cafb8069279b898836fd768c78de76a3d8e5/book/7798/volume/1/page/488?database_sha256=59b3debd44645d1e86afcdc276a7a43239ad3509581c303aa6bca23fc272e3f3&segment_id=668,QURAN_EXEGESIS_CONTEXT_CANDIDATE,PRE_BOUNDARY_OR_NOT_APPLICABLE,,NO_ISNAD_PREFIX_DETECTED,0,EV-ADAM-010 | EV-ADAM-011 | EV-ADAM-020 | EV-ADAM-021 | EV-ADAM-022 | EV-ADAM-023 | EV-ADAM-024 | EV-ADAM-030 | EV-ADAM-031 | EV-ADAM-032 | EV-ADAM-033 | EV-ADAM-040 | EV-ADAM-041 | EV-ADAM-042 | EV-ADAM-050 | EV-ADAM-051 | EV-ADAM-052 | EV-ADAM-053 | EV-ADAM-054 | EV-ADAM-055,RQ-ADAM-007 | RQ-ADAM-008 | RQ-ADAM-009 | RQ-ADAM-010 | RQ-ADAM-011 | RQ-ADAM-012 | RQ-ADAM-013 | RQ-ADAM-014 | RQ-ADAM-015 | RQ-ADAM-016 | RQ-ADAM-017 | RQ-ADAM-018 | RQ-ADAM-019 | RQ-ADAM-020,,,,,
adam_report_candidate_f9d7bcfc56002352d5c28355,c8dd1ab86b1d174f6e88169e,SRC-TAFSIR-TABARI-ADAM,7798,shamela://local/5ac170a3045185ccf78e81ebd473cafb8069279b898836fd768c78de76a3d8e5/book/7798/volume/1/page/489?database_sha256=59b3debd44645d1e86afcdc276a7a43239ad3509581c303aa6bca23fc272e3f3&segment_id=669,QURAN_EXEGESIS_CONTEXT_CANDIDATE,PRE_BOUNDARY_OR_NOT_APPLICABLE,,NO_ISNAD_PREFIX_DETECTED,0,EV-ADAM-010 | EV-ADAM-011 | EV-ADAM-020 | EV-ADAM-021 | EV-ADAM-022 | EV-ADAM-023 | EV-ADAM-024 | EV-ADAM-030 | EV-ADAM-031 | EV-ADAM-032 | EV-ADAM-033 | EV-ADAM-040 | EV-ADAM-041 | EV-ADAM-042 | EV-ADAM-050 | EV-ADAM-051 | EV-ADAM-052 | EV-ADAM-053 | EV-ADAM-054 | EV-ADAM-055,RQ-ADAM-007 | RQ-ADAM-008 | RQ-ADAM-009 | RQ-ADAM-010 | RQ-ADAM-011 | RQ-ADAM-012 | RQ-ADAM-013 | RQ-ADAM-014 | RQ-ADAM-015 | RQ-ADAM-016 | RQ-ADAM-017 | RQ-ADAM-018 | RQ-ADAM-019 | RQ-ADAM-020,,,,,
adam_report_candidate_94a66cebced768fc6d05bc2e,c8dd1ab86b1d174f6e88169e,SRC-TAFSIR-TABARI-ADAM,7798,shamela://local/5ac170a3045185ccf78e81ebd473cafb8069279b898836fd768c78de76a3d8e5/book/7798/volume/1/page/490?database_sha256=59b3debd44645d1e86afcdc276a7a43239ad3509581c303aa6bca23fc272e3f3&segment_id=670,QURAN_EXEGESIS_CONTEXT_CANDIDATE,PRE_BOUNDARY_OR_NOT_APPLICABLE,,NO_ISNAD_PREFIX_DETECTED,0,EV-ADAM-010 | EV-ADAM-011 | EV-ADAM-020 | EV-ADAM-021 | EV-ADAM-022 | EV-ADAM-023 | EV-ADAM-024 | EV-ADAM-030 | EV-ADAM-031 | EV-ADAM-032 | EV-ADAM-033 | EV-ADAM-040 | EV-ADAM-041 | EV-ADAM-042 | EV-ADAM-050 | EV-ADAM-051 | EV-ADAM-052 | EV-ADAM-053 | EV-ADAM-054 | EV-ADAM-055,RQ-ADAM-007 | RQ-ADAM-008 | RQ-ADAM-009 | RQ-ADAM-010 | RQ-ADAM-011 | RQ-ADAM-012 | RQ-ADAM-013 | RQ-ADAM-014 | RQ-ADAM-015 | RQ-ADAM-016 | RQ-ADAM-017 | RQ-ADAM-018 | RQ-ADAM-019 | RQ-ADAM-020,,,,,
adam_report_candidate_ac8ccf787e1a7935be4755f1,c8dd1ab86b1d174f6e88169e,SRC-TAFSIR-TABARI-ADAM,7798,shamela://local/5ac170a3045185ccf78e81ebd473cafb8069279b898836fd768c78de76a3d8e5/book/7798/volume/1/page/491?database_sha256=59b3debd44645d1e86afcdc276a7a43239ad3509581c303aa6bca23fc272e3f3&segment_id=671,EARLY_REPORT_CANDIDATE,PRE_BOUNDARY_OR_NOT_APPLICABLE,,NO_ISNAD_PREFIX_DETECTED,1,EV-ADAM-010 | EV-ADAM-011 | EV-ADAM-020 | EV-ADAM-021 | EV-ADAM-022 | EV-ADAM-023 | EV-ADAM-024 | EV-ADAM-030 | EV-ADAM-031 | EV-ADAM-032 | EV-ADAM-033 | EV-ADAM-040 | EV-ADAM-041 | EV-ADAM-042 | EV-ADAM-050 | EV-ADAM-051 | EV-ADAM-052 | EV-ADAM-053 | EV-ADAM-054 | EV-ADAM-055,RQ-ADAM-007 | RQ-ADAM-008 | RQ-ADAM-009 | RQ-ADAM-010 | RQ-ADAM-011 | RQ-ADAM-012 | RQ-ADAM-013 | RQ-ADAM-014 | RQ-ADAM-015 | RQ-ADAM-016 | RQ-ADAM-017 | RQ-ADAM-018 | RQ-ADAM-019 | RQ-ADAM-020,,,,,
adam_report_candidate_6b70e0f77c5fca04a3b7a124,c8dd1ab86b1d174f6e88169e,SRC-TAFSIR-TABARI-ADAM,7798,shamela://local/5ac170a3045185ccf78e81ebd473cafb8069279b898836fd768c78de76a3d8e5/book/7798/volume/1/page/491?database_sha256=59b3debd44645d1e86afcdc276a7a43239ad3509581c303aa6bca23fc272e3f3&segment_id=671,EARLY_REPORT_CANDIDATE,PRE_BOUNDARY_OR_NOT_APPLICABLE,,CANDIDATE_PREFIX_EXTRACTED,4,EV-ADAM-010 | EV-ADAM-011 | EV-ADAM-020 | EV-ADAM-021 | EV-ADAM-022 | EV-ADAM-023 | EV-ADAM-024 | EV-ADAM-030 | EV-ADAM-031 | EV-ADAM-032 | EV-ADAM-033 | EV-ADAM-040 | EV-ADAM-041 | EV-ADAM-042 | EV-ADAM-050 | EV-ADAM-051 | EV-ADAM-052 | EV-ADAM-053 | EV-ADAM-054 | EV-ADAM-055,RQ-ADAM-007 | RQ-ADAM-008 | RQ-ADAM-009 | RQ-ADAM-010 | RQ-ADAM-011 | RQ-ADAM-012 | RQ-ADAM-013 | RQ-ADAM-014 | RQ-ADAM-015 | RQ-ADAM-016 | RQ-ADAM-017 | RQ-ADAM-018 | RQ-ADAM-019 | RQ-ADAM-020,,,,,
adam_report_candidate_8534dc468eb6618961700313,c8dd1ab86b1d174f6e88169e,SRC-TAFSIR-TABARI-ADAM,7798,shamela://local/5ac170a3045185ccf78e81ebd473cafb8069279b898836fd768c78de76a3d8e5/book/7798/volume/1/page/491?database_sha256=59b3debd44645d1e86afcdc276a7a43239ad3509581c303aa6bca23fc272e3f3&segment_id=671,EARLY_REPORT_CANDIDATE,PRE_BOUNDARY_OR_NOT_APPLICABLE,,CANDIDATE_PREFIX_EXTRACTED,2,EV-ADAM-010 | EV-ADAM-011 | EV-ADAM-020 | EV-ADAM-021 | EV-ADAM-022 | EV-ADAM-023 | EV-ADAM-024 | EV-ADAM-030 | EV-ADAM-031 | EV-ADAM-032 | EV-ADAM-033 | EV-ADAM-040 | EV-ADAM-041 | EV-ADAM-042 | EV-ADAM-050 | EV-ADAM-051 | EV-ADAM-052 | EV-ADAM-053 | EV-ADAM-054 | EV-ADAM-055,RQ-ADAM-007 | RQ-ADAM-008 | RQ-ADAM-009 | RQ-ADAM-010 | RQ-ADAM-011 | RQ-ADAM-012 | RQ-ADAM-013 | RQ-ADAM-014 | RQ-ADAM-015 | RQ-ADAM-016 | RQ-ADAM-017 | RQ-ADAM-018 | RQ-ADAM-019 | RQ-ADAM-020,,,,,
adam_report_candidate_886b596a5131becf1b73aad3,c8dd1ab86b1d174f6e88169e,SRC-TAFSIR-TABARI-ADAM,7798,shamela://local/5ac170a3045185ccf78e81ebd473cafb8069279b898836fd768c78de76a3d8e5/book/7798/volume/1/page/492?database_sha256=59b3debd44645d1e86afcdc276a7a43239ad3509581c303aa6bca23fc272e3f3&segment_id=672,EARLY_REPORT_CANDIDATE,PRE_BOUNDARY_OR_NOT_APPLICABLE,,NO_ISNAD_PREFIX_DETECTED,1,EV-ADAM-010 | EV-ADAM-011 | EV-ADAM-020 | EV-ADAM-021 | EV-ADAM-022 | EV-ADAM-023 | EV-ADAM-024 | EV-ADAM-030 | EV-ADAM-031 | EV-ADAM-032 | EV-ADAM-033 | EV-ADAM-040 | EV-ADAM-041 | EV-ADAM-042 | EV-ADAM-050 | EV-ADAM-051 | EV-ADAM-052 | EV-ADAM-053 | EV-ADAM-054 | EV-ADAM-055,RQ-ADAM-007 | RQ-ADAM-008 | RQ-ADAM-009 | RQ-ADAM-010 | RQ-ADAM-011 | RQ-ADAM-012 | RQ-ADAM-013 | RQ-ADAM-014 | RQ-ADAM-015 | RQ-ADAM-016 | RQ-ADAM-017 | RQ-ADAM-018 | RQ-ADAM-019 | RQ-ADAM-020,,,,,
adam_report_candidate_da07f27cd62d718120ef1856,c8dd1ab86b1d174f6e88169e,SRC-TAFSIR-TABARI-ADAM,7798,shamela://local/5ac170a3045185ccf78e81ebd473cafb8069279b898836fd768c78de76a3d8e5/book/7798/volume/1/page/492?database_sha256=59b3debd44645d1e86afcdc276a7a43239ad3509581c303aa6bca23fc272e3f3&segment_id=672,EARLY_REPORT_CANDIDATE,PRE_BOUNDARY_OR_NOT_APPLICABLE,,CANDIDATE_PREFIX_EXTRACTED,3,EV-ADAM-010 | EV-ADAM-011 | EV-ADAM-020 | EV-ADAM-021 | EV-ADAM-022 | EV-ADAM-023 | EV-ADAM-024 | EV-ADAM-030 | EV-ADAM-031 | EV-ADAM-032 | EV-ADAM-033 | EV-ADAM-040 | EV-ADAM-041 | EV-ADAM-042 | EV-ADAM-050 | EV-ADAM-051 | EV-ADAM-052 | EV-ADAM-053 | EV-ADAM-054 | EV-ADAM-055,RQ-ADAM-007 | RQ-ADAM-008 | RQ-ADAM-009 | RQ-ADAM-010 | RQ-ADAM-011 | RQ-ADAM-012 | RQ-ADAM-013 | RQ-ADAM-014 | RQ-ADAM-015 | RQ-ADAM-016 | RQ-ADAM-017 | RQ-ADAM-018 | RQ-ADAM-019 | RQ-ADAM-020,,,,,
adam_report_candidate_21eac37960f5e3653479f554,c8dd1ab86b1d174f6e88169e,SRC-TAFSIR-TABARI-ADAM,7798,shamela://local/5ac170a3045185ccf78e81ebd473cafb8069279b898836fd768c78de76a3d8e5/book/7798/volume/1/page/492?database_sha256=59b3debd44645d1e86afcdc276a7a43239ad3509581c303aa6bca23fc272e3f3&segment_id=672,EARLY_REPORT_CANDIDATE,PRE_BOUNDARY_OR_NOT_APPLICABLE,,CANDIDATE_PREFIX_EXTRACTED,5,EV-ADAM-010 | EV-ADAM-011 | EV-ADAM-020 | EV-ADAM-021 | EV-ADAM-022 | EV-ADAM-023 | EV-ADAM-024 | EV-ADAM-030 | EV-ADAM-031 | EV-ADAM-032 | EV-ADAM-033 | EV-ADAM-040 | EV-ADAM-041 | EV-ADAM-042 | EV-ADAM-050 | EV-ADAM-051 | EV-ADAM-052 | EV-ADAM-053 | EV-ADAM-054 | EV-ADAM-055,RQ-ADAM-007 | RQ-ADAM-008 | RQ-ADAM-009 | RQ-ADAM-010 | RQ-ADAM-011 | RQ-ADAM-012 | RQ-ADAM-013 | RQ-ADAM-014 | RQ-ADAM-015 | RQ-ADAM-016 | RQ-ADAM-017 | RQ-ADAM-018 | RQ-ADAM-019 | RQ-ADAM-020,,,,,
adam_report_candidate_634b43e8296538a0ac508449,c8dd1ab86b1d174f6e88169e,SRC-TAFSIR-TABARI-ADAM,7798,shamela://local/5ac170a3045185ccf78e81ebd473cafb8069279b898836fd768c78de76a3d8e5/book/7798/volume/1/page/493?database_sha256=59b3debd44645d1e86afcdc276a7a43239ad3509581c303aa6bca23fc272e3f3&segment_id=673,QURAN_EXEGESIS_CONTEXT_CANDIDATE,PRE_BOUNDARY_OR_NOT_APPLICABLE,,NO_ISNAD_PREFIX_DETECTED,0,EV-ADAM-010 | EV-ADAM-011 | EV-ADAM-020 | EV-ADAM-021 | EV-ADAM-022 | EV-ADAM-023 | EV-ADAM-024 | EV-ADAM-030 | EV-ADAM-031 | EV-ADAM-032 | EV-ADAM-033 | EV-ADAM-040 | EV-ADAM-041 | EV-ADAM-042 | EV-ADAM-050 | EV-ADAM-051 | EV-ADAM-052 | EV-ADAM-053 | EV-ADAM-054 | EV-ADAM-055,RQ-ADAM-007 | RQ-ADAM-008 | RQ-ADAM-009 | RQ-ADAM-010 | RQ-ADAM-011 | RQ-ADAM-012 | RQ-ADAM-013 | RQ-ADAM-014 | RQ-ADAM-015 | RQ-ADAM-016 | RQ-ADAM-017 | RQ-ADAM-018 | RQ-ADAM-019 | RQ-ADAM-020,,,,,
adam_report_candidate_40e0dd8f53f8a5277cce4133,c8dd1ab86b1d174f6e88169e,SRC-TAFSIR-TABARI-ADAM,7798,shamela://local/5ac170a3045185ccf78e81ebd473cafb8069279b898836fd768c78de76a3d8e5/book/7798/volume/1/page/494?database_sha256=59b3debd44645d1e86afcdc276a7a43239ad3509581c303aa6bca23fc272e3f3&segment_id=674,EARLY_REPORT_CANDIDATE,PRE_BOUNDARY_OR_NOT_APPLICABLE,,CANDIDATE_PREFIX_EXTRACTED,2,EV-ADAM-010 | EV-ADAM-011 | EV-ADAM-020 | EV-ADAM-021 | EV-ADAM-022 | EV-ADAM-023 | EV-ADAM-024 | EV-ADAM-030 | EV-ADAM-031 | EV-ADAM-032 | EV-ADAM-033 | EV-ADAM-040 | EV-ADAM-041 | EV-ADAM-042 | EV-ADAM-050 | EV-ADAM-051 | EV-ADAM-052 | EV-ADAM-053 | EV-ADAM-054 | EV-ADAM-055,RQ-ADAM-007 | RQ-ADAM-008 | RQ-ADAM-009 | RQ-ADAM-010 | RQ-ADAM-011 | RQ-ADAM-012 | RQ-ADAM-013 | RQ-ADAM-014 | RQ-ADAM-015 | RQ-ADAM-016 | RQ-ADAM-017 | RQ-ADAM-018 | RQ-ADAM-019 | RQ-ADAM-020,,,,,
adam_report_candidate_ebffaaffba2035b4385d653a,c8dd1ab86b1d174f6e88169e,SRC-TAFSIR-TABARI-ADAM,7798,shamela://local/5ac170a3045185ccf78e81ebd473cafb8069279b898836fd768c78de76a3d8e5/book/7798/volume/1/page/494?database_sha256=59b3debd44645d1e86afcdc276a7a43239ad3509581c303aa6bca23fc272e3f3&segment_id=674,EARLY_REPORT_CANDIDATE,PRE_BOUNDARY_OR_NOT_APPLICABLE,,CANDIDATE_PREFIX_EXTRACTED,3,EV-ADAM-010 | EV-ADAM-011 | EV-ADAM-020 | EV-ADAM-021 | EV-ADAM-022 | EV-ADAM-023 | EV-ADAM-024 | EV-ADAM-030 | EV-ADAM-031 | EV-ADAM-032 | EV-ADAM-033 | EV-ADAM-040 | EV-ADAM-041 | EV-ADAM-042 | EV-ADAM-050 | EV-ADAM-051 | EV-ADAM-052 | EV-ADAM-053 | EV-ADAM-054 | EV-ADAM-055,RQ-ADAM-007 | RQ-ADAM-008 | RQ-ADAM-009 | RQ-ADAM-010 | RQ-ADAM-011 | RQ-ADAM-012 | RQ-ADAM-013 | RQ-ADAM-014 | RQ-ADAM-015 | RQ-ADAM-016 | RQ-ADAM-017 | RQ-ADAM-018 | RQ-ADAM-019 | RQ-ADAM-020,,,,,
adam_report_candidate_082046f37b35d8559020399a,c8dd1ab86b1d174f6e88169e,SRC-TAFSIR-TABARI-ADAM,7798,shamela://local/5ac170a3045185ccf78e81ebd473cafb8069279b898836fd768c78de76a3d8e5/book/7798/volume/1/page/494?database_sha256=59b3debd44645d1e86afcdc276a7a43239ad3509581c303aa6bca23fc272e3f3&segment_id=674,EARLY_REPORT_CANDIDATE,PRE_BOUNDARY_OR_NOT_APPLICABLE,,CANDIDATE_PREFIX_EXTRACTED,6,EV-ADAM-010 | EV-ADAM-011 | EV-ADAM-020 | EV-ADAM-021 | EV-ADAM-022 | EV-ADAM-023 | EV-ADAM-024 | EV-ADAM-030 | EV-ADAM-031 | EV-ADAM-032 | EV-ADAM-033 | EV-ADAM-040 | EV-ADAM-041 | EV-ADAM-042 | EV-ADAM-050 | EV-ADAM-051 | EV-ADAM-052 | EV-ADAM-053 | EV-ADAM-054 | EV-ADAM-055,RQ-ADAM-007 | RQ-ADAM-008 | RQ-ADAM-009 | RQ-ADAM-010 | RQ-ADAM-011 | RQ-ADAM-012 | RQ-ADAM-013 | RQ-ADAM-014 | RQ-ADAM-015 | RQ-ADAM-016 | RQ-ADAM-017 | RQ-ADAM-018 | RQ-ADAM-019 | RQ-ADAM-020,,,,,
adam_report_candidate_ca3c00ae18070e99b45691a2,c8dd1ab86b1d174f6e88169e,SRC-TAFSIR-TABARI-ADAM,7798,shamela://local/5ac170a3045185ccf78e81ebd473cafb8069279b898836fd768c78de76a3d8e5/book/7798/volume/1/page/495?database_sha256=59b3debd44645d1e86afcdc276a7a43239ad3509581c303aa6bca23fc272e3f3&segment_id=675,QURAN_EXEGESIS_CONTEXT_CANDIDATE,PRE_BOUNDARY_OR_NOT_APPLICABLE,,NO_ISNAD_PREFIX_DETECTED,0,EV-ADAM-010 | EV-ADAM-011 | EV-ADAM-020 | EV-ADAM-021 | EV-ADAM-022 | EV-ADAM-023 | EV-ADAM-024 | EV-ADAM-030 | EV-ADAM-031 | EV-ADAM-032 | EV-ADAM-033 | EV-ADAM-040 | EV-ADAM-041 | EV-ADAM-042 | EV-ADAM-050 | EV-ADAM-051 | EV-ADAM-052 | EV-ADAM-053 | EV-ADAM-054 | EV-ADAM-055,RQ-ADAM-007 | RQ-ADAM-008 | RQ-ADAM-009 | RQ-ADAM-010 | RQ-ADAM-011 | RQ-ADAM-012 | RQ-ADAM-013 | RQ-ADAM-014 | RQ-ADAM-015 | RQ-ADAM-016 | RQ-ADAM-017 | RQ-ADAM-018 | RQ-ADAM-019 | RQ-ADAM-020,,,,,
adam_report_candidate_d343daa9bbc55b839c613f64,c8dd1ab86b1d174f6e88169e,SRC-TAFSIR-TABARI-ADAM,7798,shamela://local/5ac170a3045185ccf78e81ebd473cafb8069279b898836fd768c78de76a3d8e5/book/7798/volume/1/page/495?database_sha256=59b3debd44645d1e86afcdc276a7a43239ad3509581c303aa6bca23fc272e3f3&segment_id=675,EARLY_REPORT_CANDIDATE,PRE_BOUNDARY_OR_NOT_APPLICABLE,WAHB_IBN_MUNABBIH,CANDIDATE_PREFIX_EXTRACTED,3,EV-ADAM-010 | EV-ADAM-011 | EV-ADAM-020 | EV-ADAM-021 | EV-ADAM-022 | EV-ADAM-023 | EV-ADAM-024 | EV-ADAM-030 | EV-ADAM-031 | EV-ADAM-032 | EV-ADAM-033 | EV-ADAM-040 | EV-ADAM-041 | EV-ADAM-042 | EV-ADAM-050 | EV-ADAM-051 | EV-ADAM-052 | EV-ADAM-053 | EV-ADAM-054 | EV-ADAM-055,RQ-ADAM-007 | RQ-ADAM-008 | RQ-ADAM-009 | RQ-ADAM-010 | RQ-ADAM-011 | RQ-ADAM-012 | RQ-ADAM-013 | RQ-ADAM-014 | RQ-ADAM-015 | RQ-ADAM-016 | RQ-ADAM-017 | RQ-ADAM-018 | RQ-ADAM-019 | RQ-ADAM-020,,,,,
adam_report_candidate_00e1a9d8087223c52408ba27,c8dd1ab86b1d174f6e88169e,SRC-TAFSIR-TABARI-ADAM,7798,shamela://local/5ac170a3045185ccf78e81ebd473cafb8069279b898836fd768c78de76a3d8e5/book/7798/volume/1/page/496?database_sha256=59b3debd44645d1e86afcdc276a7a43239ad3509581c303aa6bca23fc272e3f3&segment_id=676,QURAN_EXEGESIS_CONTEXT_CANDIDATE,PRE_BOUNDARY_OR_NOT_APPLICABLE,,NO_ISNAD_PREFIX_DETECTED,0,EV-ADAM-010 | EV-ADAM-011 | EV-ADAM-020 | EV-ADAM-021 | EV-ADAM-022 | EV-ADAM-023 | EV-ADAM-024 | EV-ADAM-030 | EV-ADAM-031 | EV-ADAM-032 | EV-ADAM-033 | EV-ADAM-040 | EV-ADAM-041 | EV-ADAM-042 | EV-ADAM-050 | EV-ADAM-051 | EV-ADAM-052 | EV-ADAM-053 | EV-ADAM-054 | EV-ADAM-055,RQ-ADAM-007 | RQ-ADAM-008 | RQ-ADAM-009 | RQ-ADAM-010 | RQ-ADAM-011 | RQ-ADAM-012 | RQ-ADAM-013 | RQ-ADAM-014 | RQ-ADAM-015 | RQ-ADAM-016 | RQ-ADAM-017 | RQ-ADAM-018 | RQ-ADAM-019 | RQ-ADAM-020,,,,,
adam_report_candidate_f1f887d3285a184a9bf46808,c8dd1ab86b1d174f6e88169e,SRC-TAFSIR-TABARI-ADAM,7798,shamela://local/5ac170a3045185ccf78e81ebd473cafb8069279b898836fd768c78de76a3d8e5/book/7798/volume/1/page/496?database_sha256=59b3debd44645d1e86afcdc276a7a43239ad3509581c303aa6bca23fc272e3f3&segment_id=676,EARLY_REPORT_CANDIDATE,PRE_BOUNDARY_OR_NOT_APPLICABLE,,CANDIDATE_PREFIX_EXTRACTED,2,EV-ADAM-010 | EV-ADAM-011 | EV-ADAM-020 | EV-ADAM-021 | EV-ADAM-022 | EV-ADAM-023 | EV-ADAM-024 | EV-ADAM-030 | EV-ADAM-031 | EV-ADAM-032 | EV-ADAM-033 | EV-ADAM-040 | EV-ADAM-041 | EV-ADAM-042 | EV-ADAM-050 | EV-ADAM-051 | EV-ADAM-052 | EV-ADAM-053 | EV-ADAM-054 | EV-ADAM-055,RQ-ADAM-007 | RQ-ADAM-008 | RQ-ADAM-009 | RQ-ADAM-010 | RQ-ADAM-011 | RQ-ADAM-012 | RQ-ADAM-013 | RQ-ADAM-014 | RQ-ADAM-015 | RQ-ADAM-016 | RQ-ADAM-017 | RQ-ADAM-018 | RQ-ADAM-019 | RQ-ADAM-020,,,,,
adam_report_candidate_a65d18cb355c53eddbd69194,c8dd1ab86b1d174f6e88169e,SRC-TAFSIR-TABARI-ADAM,7798,shamela://local/5ac170a3045185ccf78e81ebd473cafb8069279b898836fd768c78de76a3d8e5/book/7798/volume/1/page/497?database_sha256=59b3debd44645d1e86afcdc276a7a43239ad3509581c303aa6bca23fc272e3f3&segment_id=677,QURAN_EXEGESIS_CONTEXT_CANDIDATE,PRE_BOUNDARY_OR_NOT_APPLICABLE,,NO_ISNAD_PREFIX_DETECTED,0,EV-ADAM-010 | EV-ADAM-011 | EV-ADAM-020 | EV-ADAM-021 | EV-ADAM-022 | EV-ADAM-023 | EV-ADAM-024 | EV-ADAM-030 | EV-ADAM-031 | EV-ADAM-032 | EV-ADAM-033 | EV-ADAM-040 | EV-ADAM-041 | EV-ADAM-042 | EV-ADAM-050 | EV-ADAM-051 | EV-ADAM-052 | EV-ADAM-053 | EV-ADAM-054 | EV-ADAM-055,RQ-ADAM-007 | RQ-ADAM-008 | RQ-ADAM-009 | RQ-ADAM-010 | RQ-ADAM-011 | RQ-ADAM-012 | RQ-ADAM-013 | RQ-ADAM-014 | RQ-ADAM-015 | RQ-ADAM-016 | RQ-ADAM-017 | RQ-ADAM-018 | RQ-ADAM-019 | RQ-ADAM-020,,,,,
adam_report_candidate_1a75a6cfdec2f47aec68194b,c8dd1ab86b1d174f6e88169e,SRC-TAFSIR-TABARI-ADAM,7798,shamela://local/5ac170a3045185ccf78e81ebd473cafb8069279b898836fd768c78de76a3d8e5/book/7798/volume/1/page/498?database_sha256=59b3debd44645d1e86afcdc276a7a43239ad3509581c303aa6bca23fc272e3f3&segment_id=678,EARLY_REPORT_CANDIDATE,PRE_BOUNDARY_OR_NOT_APPLICABLE,,NO_ISNAD_PREFIX_DETECTED,1,EV-ADAM-010 | EV-ADAM-011 | EV-ADAM-020 | EV-ADAM-021 | EV-ADAM-022 | EV-ADAM-023 | EV-ADAM-024 | EV-ADAM-030 | EV-ADAM-031 | EV-ADAM-032 | EV-ADAM-033 | EV-ADAM-040 | EV-ADAM-041 | EV-ADAM-042 | EV-ADAM-050 | EV-ADAM-051 | EV-ADAM-052 | EV-ADAM-053 | EV-ADAM-054 | EV-ADAM-055,RQ-ADAM-007 | RQ-ADAM-008 | RQ-ADAM-009 | RQ-ADAM-010 | RQ-ADAM-011 | RQ-ADAM-012 | RQ-ADAM-013 | RQ-ADAM-014 | RQ-ADAM-015 | RQ-ADAM-016 | RQ-ADAM-017 | RQ-ADAM-018 | RQ-ADAM-019 | RQ-ADAM-020,,,,,
adam_report_candidate_a8038642ee89b98ab297b27b,c8dd1ab86b1d174f6e88169e,SRC-TAFSIR-TABARI-ADAM,7798,shamela://local/5ac170a3045185ccf78e81ebd473cafb8069279b898836fd768c78de76a3d8e5/book/7798/volume/1/page/498?database_sha256=59b3debd44645d1e86afcdc276a7a43239ad3509581c303aa6bca23fc272e3f3&segment_id=678,EARLY_REPORT_CANDIDATE,PRE_BOUNDARY_OR_NOT_APPLICABLE,,CANDIDATE_PREFIX_EXTRACTED,2,EV-ADAM-010 | EV-ADAM-011 | EV-ADAM-020 | EV-ADAM-021 | EV-ADAM-022 | EV-ADAM-023 | EV-ADAM-024 | EV-ADAM-030 | EV-ADAM-031 | EV-ADAM-032 | EV-ADAM-033 | EV-ADAM-040 | EV-ADAM-041 | EV-ADAM-042 | EV-ADAM-050 | EV-ADAM-051 | EV-ADAM-052 | EV-ADAM-053 | EV-ADAM-054 | EV-ADAM-055,RQ-ADAM-007 | RQ-ADAM-008 | RQ-ADAM-009 | RQ-ADAM-010 | RQ-ADAM-011 | RQ-ADAM-012 | RQ-ADAM-013 | RQ-ADAM-014 | RQ-ADAM-015 | RQ-ADAM-016 | RQ-ADAM-017 | RQ-ADAM-018 | RQ-ADAM-019 | RQ-ADAM-020,,,,,
adam_report_candidate_5003349bc8511339ed9170f2,c8dd1ab86b1d174f6e88169e,SRC-TAFSIR-TABARI-ADAM,7798,shamela://local/5ac170a3045185ccf78e81ebd473cafb8069279b898836fd768c78de76a3d8e5/book/7798/volume/1/page/499?database_sha256=59b3debd44645d1e86afcdc276a7a43239ad3509581c303aa6bca23fc272e3f3&segment_id=679,QURAN_EXEGESIS_CONTEXT_CANDIDATE,PRE_BOUNDARY_OR_NOT_APPLICABLE,,NO_ISNAD_PREFIX_DETECTED,0,EV-ADAM-010 | EV-ADAM-011 | EV-ADAM-020 | EV-ADAM-021 | EV-ADAM-022 | EV-ADAM-023 | EV-ADAM-024 | EV-ADAM-030 | EV-ADAM-031 | EV-ADAM-032 | EV-ADAM-033 | EV-ADAM-040 | EV-ADAM-041 | EV-ADAM-042 | EV-ADAM-050 | EV-ADAM-051 | EV-ADAM-052 | EV-ADAM-053 | EV-ADAM-054 | EV-ADAM-055,RQ-ADAM-007 | RQ-ADAM-008 | RQ-ADAM-009 | RQ-ADAM-010 | RQ-ADAM-011 | RQ-ADAM-012 | RQ-ADAM-013 | RQ-ADAM-014 | RQ-ADAM-015 | RQ-ADAM-016 | RQ-ADAM-017 | RQ-ADAM-018 | RQ-ADAM-019 | RQ-ADAM-020,,,,,
adam_report_candidate_1a8566231003d6ea45a6c5ed,c8dd1ab86b1d174f6e88169e,SRC-TAFSIR-TABARI-ADAM,7798,shamela://local/5ac170a3045185ccf78e81ebd473cafb8069279b898836fd768c78de76a3d8e5/book/7798/volume/1/page/500?database_sha256=59b3debd44645d1e86afcdc276a7a43239ad3509581c303aa6bca23fc272e3f3&segment_id=680,UNCLASSIFIED_SOURCE_PASSAGE_CANDIDATE,PRE_BOUNDARY_OR_NOT_APPLICABLE,,NO_ISNAD_PREFIX_DETECTED,0,EV-ADAM-010 | EV-ADAM-011 | EV-ADAM-020 | EV-ADAM-021 | EV-ADAM-022 | EV-ADAM-023 | EV-ADAM-024 | EV-ADAM-030 | EV-ADAM-031 | EV-ADAM-032 | EV-ADAM-033 | EV-ADAM-040 | EV-ADAM-041 | EV-ADAM-042 | EV-ADAM-050 | EV-ADAM-051 | EV-ADAM-052 | EV-ADAM-053 | EV-ADAM-054 | EV-ADAM-055,RQ-ADAM-007 | RQ-ADAM-008 | RQ-ADAM-009 | RQ-ADAM-010 | RQ-ADAM-011 | RQ-ADAM-012 | RQ-ADAM-013 | RQ-ADAM-014 | RQ-ADAM-015 | RQ-ADAM-016 | RQ-ADAM-017 | RQ-ADAM-018 | RQ-ADAM-019 | RQ-ADAM-020,,,,,
adam_report_candidate_91d48fcc8aac32a539a55de3,c8dd1ab86b1d174f6e88169e,SRC-TAFSIR-TABARI-ADAM,7798,shamela://local/5ac170a3045185ccf78e81ebd473cafb8069279b898836fd768c78de76a3d8e5/book/7798/volume/1/page/501?database_sha256=59b3debd44645d1e86afcdc276a7a43239ad3509581c303aa6bca23fc272e3f3&segment_id=681,QURAN_EXEGESIS_CONTEXT_CANDIDATE,PRE_BOUNDARY_OR_NOT_APPLICABLE,,NO_ISNAD_PREFIX_DETECTED,0,EV-ADAM-010 | EV-ADAM-011 | EV-ADAM-020 | EV-ADAM-021 | EV-ADAM-022 | EV-ADAM-023 | EV-ADAM-024 | EV-ADAM-030 | EV-ADAM-031 | EV-ADAM-032 | EV-ADAM-033 | EV-ADAM-040 | EV-ADAM-041 | EV-ADAM-042 | EV-ADAM-050 | EV-ADAM-051 | EV-ADAM-052 | EV-ADAM-053 | EV-ADAM-054 | EV-ADAM-055,RQ-ADAM-007 | RQ-ADAM-008 | RQ-ADAM-009 | RQ-ADAM-010 | RQ-ADAM-011 | RQ-ADAM-012 | RQ-ADAM-013 | RQ-ADAM-014 | RQ-ADAM-015 | RQ-ADAM-016 | RQ-ADAM-017 | RQ-ADAM-018 | RQ-ADAM-019 | RQ-ADAM-020,,,,,
adam_report_candidate_ca382d76a20aa61ef42aab93,7822417dacbe32c4c34b524e,SRC-TAFSIR-TABARI-ADAM,7798,shamela://local/5ac170a3045185ccf78e81ebd473cafb8069279b898836fd768c78de76a3d8e5/book/7798/volume/1/page/508?database_sha256=59b3debd44645d1e86afcdc276a7a43239ad3509581c303aa6bca23fc272e3f3&segment_id=688,EARLY_REPORT_CANDIDATE,PRE_BOUNDARY_OR_NOT_APPLICABLE,,NO_ISNAD_PREFIX_DETECTED,3,EV-ADAM-020 | EV-ADAM-021 | EV-ADAM-022 | EV-ADAM-023 | EV-ADAM-024 | EV-ADAM-040 | EV-ADAM-041 | EV-ADAM-042,RQ-ADAM-009 | RQ-ADAM-010 | RQ-ADAM-011 | RQ-ADAM-012 | RQ-ADAM-015 | RQ-ADAM-016,,,,,
adam_report_candidate_c66fa1a32585cc9a25be8bbb,7822417dacbe32c4c34b524e,SRC-TAFSIR-TABARI-ADAM,7798,shamela://local/5ac170a3045185ccf78e81ebd473cafb8069279b898836fd768c78de76a3d8e5/book/7798/volume/1/page/508?database_sha256=59b3debd44645d1e86afcdc276a7a43239ad3509581c303aa6bca23fc272e3f3&segment_id=688,EARLY_REPORT_CANDIDATE,PRE_BOUNDARY_OR_NOT_APPLICABLE,,CANDIDATE_PREFIX_EXTRACTED,11,EV-ADAM-020 | EV-ADAM-021 | EV-ADAM-022 | EV-ADAM-023 | EV-ADAM-024 | EV-ADAM-040 | EV-ADAM-041 | EV-ADAM-042,RQ-ADAM-009 | RQ-ADAM-010 | RQ-ADAM-011 | RQ-ADAM-012 | RQ-ADAM-015 | RQ-ADAM-016,,,,,
adam_report_candidate_67707d6e8436f67cbd918bbb,7822417dacbe32c4c34b524e,SRC-TAFSIR-TABARI-ADAM,7798,shamela://local/5ac170a3045185ccf78e81ebd473cafb8069279b898836fd768c78de76a3d8e5/book/7798/volume/1/page/508?database_sha256=59b3debd44645d1e86afcdc276a7a43239ad3509581c303aa6bca23fc272e3f3&segment_id=688,EARLY_REPORT_CANDIDATE,PRE_BOUNDARY_OR_NOT_APPLICABLE,,CANDIDATE_PREFIX_EXTRACTED,7,EV-ADAM-020 | EV-ADAM-021 | EV-ADAM-022 | EV-ADAM-023 | EV-ADAM-024 | EV-ADAM-040 | EV-ADAM-041 | EV-ADAM-042,RQ-ADAM-009 | RQ-ADAM-010 | RQ-ADAM-011 | RQ-ADAM-012 | RQ-ADAM-015 | RQ-ADAM-016,,,,,
adam_report_candidate_de340117faeebf96de504b2a,7822417dacbe32c4c34b524e,SRC-TAFSIR-TABARI-ADAM,7798,shamela://local/5ac170a3045185ccf78e81ebd473cafb8069279b898836fd768c78de76a3d8e5/book/7798/volume/1/page/509?database_sha256=59b3debd44645d1e86afcdc276a7a43239ad3509581c303aa6bca23fc272e3f3&segment_id=689,EARLY_REPORT_CANDIDATE,PRE_BOUNDARY_OR_NOT_APPLICABLE,,NO_ISNAD_PREFIX_DETECTED,5,EV-ADAM-020 | EV-ADAM-021 | EV-ADAM-022 | EV-ADAM-023 | EV-ADAM-024 | EV-ADAM-040 | EV-ADAM-041 | EV-ADAM-042,RQ-ADAM-009 | RQ-ADAM-010 | RQ-ADAM-011 | RQ-ADAM-012 | RQ-ADAM-015 | RQ-ADAM-016,,,,,
adam_report_candidate_e87ca7c71d5f63964c66d3f3,7822417dacbe32c4c34b524e,SRC-TAFSIR-TABARI-ADAM,7798,shamela://local/5ac170a3045185ccf78e81ebd473cafb8069279b898836fd768c78de76a3d8e5/book/7798/volume/1/page/509?database_sha256=59b3debd44645d1e86afcdc276a7a43239ad3509581c303aa6bca23fc272e3f3&segment_id=689,EARLY_REPORT_CANDIDATE,PRE_BOUNDARY_OR_NOT_APPLICABLE,,CANDIDATE_PREFIX_EXTRACTED,6,EV-ADAM-020 | EV-ADAM-021 | EV-ADAM-022 | EV-ADAM-023 | EV-ADAM-024 | EV-ADAM-040 | EV-ADAM-041 | EV-ADAM-042,RQ-ADAM-009 | RQ-ADAM-010 | RQ-ADAM-011 | RQ-ADAM-012 | RQ-ADAM-015 | RQ-ADAM-016,,,,,
adam_report_candidate_25a76b47419773b374cf4753,7822417dacbe32c4c34b524e,SRC-TAFSIR-TABARI-ADAM,7798,shamela://local/5ac170a3045185ccf78e81ebd473cafb8069279b898836fd768c78de76a3d8e5/book/7798/volume/1/page/509?database_sha256=59b3debd44645d1e86afcdc276a7a43239ad3509581c303aa6bca23fc272e3f3&segment_id=689,EARLY_REPORT_CANDIDATE,PRE_BOUNDARY_OR_NOT_APPLICABLE,,CANDIDATE_PREFIX_EXTRACTED,4,EV-ADAM-020 | EV-ADAM-021 | EV-ADAM-022 | EV-ADAM-023 | EV-ADAM-024 | EV-ADAM-040 | EV-ADAM-041 | EV-ADAM-042,RQ-ADAM-009 | RQ-ADAM-010 | RQ-ADAM-011 | RQ-ADAM-012 | RQ-ADAM-015 | RQ-ADAM-016,,,,,
adam_report_candidate_cae4ac941a0fbdfe62b8eb0f,7822417dacbe32c4c34b524e,SRC-TAFSIR-TABARI-ADAM,7798,shamela://local/5ac170a3045185ccf78e81ebd473cafb8069279b898836fd768c78de76a3d8e5/book/7798/volume/1/page/509?database_sha256=59b3debd44645d1e86afcdc276a7a43239ad3509581c303aa6bca23fc272e3f3&segment_id=689,EARLY_REPORT_CANDIDATE,PRE_BOUNDARY_OR_NOT_APPLICABLE,,CANDIDATE_PREFIX_EXTRACTED,5,EV-ADAM-020 | EV-ADAM-021 | EV-ADAM-022 | EV-ADAM-023 | EV-ADAM-024 | EV-ADAM-040 | EV-ADAM-041 | EV-ADAM-042,RQ-ADAM-009 | RQ-ADAM-010 | RQ-ADAM-011 | RQ-ADAM-012 | RQ-ADAM-015 | RQ-ADAM-016,,,,,
adam_report_candidate_42173f03bcb218909ab861d6,7822417dacbe32c4c34b524e,SRC-TAFSIR-TABARI-ADAM,7798,shamela://local/5ac170a3045185ccf78e81ebd473cafb8069279b898836fd768c78de76a3d8e5/book/7798/volume/1/page/510?database_sha256=59b3debd44645d1e86afcdc276a7a43239ad3509581c303aa6bca23fc272e3f3&segment_id=690,EARLY_REPORT_CANDIDATE,PRE_BOUNDARY_OR_NOT_APPLICABLE,,NO_ISNAD_PREFIX_DETECTED,3,EV-ADAM-020 | EV-ADAM-021 | EV-ADAM-022 | EV-ADAM-023 | EV-ADAM-024 | EV-ADAM-040 | EV-ADAM-041 | EV-ADAM-042,RQ-ADAM-009 | RQ-ADAM-010 | RQ-ADAM-011 | RQ-ADAM-012 | RQ-ADAM-015 | RQ-ADAM-016,,,,,
adam_report_candidate_92a53c3faf469eac7b92f08d,7822417dacbe32c4c34b524e,SRC-TAFSIR-TABARI-ADAM,7798,shamela://local/5ac170a3045185ccf78e81ebd473cafb8069279b898836fd768c78de76a3d8e5/book/7798/volume/1/page/510?database_sha256=59b3debd44645d1e86afcdc276a7a43239ad3509581c303aa6bca23fc272e3f3&segment_id=690,EARLY_REPORT_CANDIDATE,PRE_BOUNDARY_OR_NOT_APPLICABLE,,CANDIDATE_PREFIX_EXTRACTED,3,EV-ADAM-020 | EV-ADAM-021 | EV-ADAM-022 | EV-ADAM-023 | EV-ADAM-024 | EV-ADAM-040 | EV-ADAM-041 | EV-ADAM-042,RQ-ADAM-009 | RQ-ADAM-010 | RQ-ADAM-011 | RQ-ADAM-012 | RQ-ADAM-015 | RQ-ADAM-016,,,,,
adam_report_candidate_d10018060164b58bc9a9d788,7822417dacbe32c4c34b524e,SRC-TAFSIR-TABARI-ADAM,7798,shamela://local/5ac170a3045185ccf78e81ebd473cafb8069279b898836fd768c78de76a3d8e5/book/7798/volume/1/page/510?database_sha256=59b3debd44645d1e86afcdc276a7a43239ad3509581c303aa6bca23fc272e3f3&segment_id=690,EARLY_REPORT_CANDIDATE,PRE_BOUNDARY_OR_NOT_APPLICABLE,,CANDIDATE_PREFIX_EXTRACTED,2,EV-ADAM-020 | EV-ADAM-021 | EV-ADAM-022 | EV-ADAM-023 | EV-ADAM-024 | EV-ADAM-040 | EV-ADAM-041 | EV-ADAM-042,RQ-ADAM-009 | RQ-ADAM-010 | RQ-ADAM-011 | RQ-ADAM-012 | RQ-ADAM-015 | RQ-ADAM-016,,,,,
adam_report_candidate_d2da10cce679deb8bfcc0f93,7822417dacbe32c4c34b524e,SRC-TAFSIR-TABARI-ADAM,7798,shamela://local/5ac170a3045185ccf78e81ebd473cafb8069279b898836fd768c78de76a3d8e5/book/7798/volume/1/page/511?database_sha256=59b3debd44645d1e86afcdc276a7a43239ad3509581c303aa6bca23fc272e3f3&segment_id=691,QURAN_EXEGESIS_CONTEXT_CANDIDATE,PRE_BOUNDARY_OR_NOT_APPLICABLE,,NO_ISNAD_PREFIX_DETECTED,0,EV-ADAM-020 | EV-ADAM-021 | EV-ADAM-022 | EV-ADAM-023 | EV-ADAM-024 | EV-ADAM-040 | EV-ADAM-041 | EV-ADAM-042,RQ-ADAM-009 | RQ-ADAM-010 | RQ-ADAM-011 | RQ-ADAM-012 | RQ-ADAM-015 | RQ-ADAM-016,,,,,
adam_report_candidate_76a0ca972beae8ee3157e23a,7822417dacbe32c4c34b524e,SRC-TAFSIR-TABARI-ADAM,7798,shamela://local/5ac170a3045185ccf78e81ebd473cafb8069279b898836fd768c78de76a3d8e5/book/7798/volume/1/page/511?database_sha256=59b3debd44645d1e86afcdc276a7a43239ad3509581c303aa6bca23fc272e3f3&segment_id=691,EARLY_REPORT_CANDIDATE,PRE_BOUNDARY_OR_NOT_APPLICABLE,,CANDIDATE_PREFIX_EXTRACTED,4,EV-ADAM-020 | EV-ADAM-021 | EV-ADAM-022 | EV-ADAM-023 | EV-ADAM-024 | EV-ADAM-040 | EV-ADAM-041 | EV-ADAM-042,RQ-ADAM-009 | RQ-ADAM-010 | RQ-ADAM-011 | RQ-ADAM-012 | RQ-ADAM-015 | RQ-ADAM-016,,,,,
adam_report_candidate_78019e4cef67f5a999d26155,7822417dacbe32c4c34b524e,SRC-TAFSIR-TABARI-ADAM,7798,shamela://local/5ac170a3045185ccf78e81ebd473cafb8069279b898836fd768c78de76a3d8e5/book/7798/volume/1/page/512?database_sha256=59b3debd44645d1e86afcdc276a7a43239ad3509581c303aa6bca23fc272e3f3&segment_id=692,EARLY_REPORT_CANDIDATE,PRE_BOUNDARY_OR_NOT_APPLICABLE,,CANDIDATE_PREFIX_EXTRACTED,2,EV-ADAM-020 | EV-ADAM-021 | EV-ADAM-022 | EV-ADAM-023 | EV-ADAM-024 | EV-ADAM-040 | EV-ADAM-041 | EV-ADAM-042,RQ-ADAM-009 | RQ-ADAM-010 | RQ-ADAM-011 | RQ-ADAM-012 | RQ-ADAM-015 | RQ-ADAM-016,,,,,
adam_report_candidate_b8c5d3bfc539c09f2428f294,7822417dacbe32c4c34b524e,SRC-TAFSIR-TABARI-ADAM,7798,shamela://local/5ac170a3045185ccf78e81ebd473cafb8069279b898836fd768c78de76a3d8e5/book/7798/volume/1/page/512?database_sha256=59b3debd44645d1e86afcdc276a7a43239ad3509581c303aa6bca23fc272e3f3&segment_id=692,EARLY_REPORT_CANDIDATE,PRE_BOUNDARY_OR_NOT_APPLICABLE,,CANDIDATE_PREFIX_EXTRACTED,13,EV-ADAM-020 | EV-ADAM-021 | EV-ADAM-022 | EV-ADAM-023 | EV-ADAM-024 | EV-ADAM-040 | EV-ADAM-041 | EV-ADAM-042,RQ-ADAM-009 | RQ-ADAM-010 | RQ-ADAM-011 | RQ-ADAM-012 | RQ-ADAM-015 | RQ-ADAM-016,,,,,
adam_report_candidate_455c1b1bf08290c7d62e72c0,7822417dacbe32c4c34b524e,SRC-TAFSIR-TABARI-ADAM,7798,shamela://local/5ac170a3045185ccf78e81ebd473cafb8069279b898836fd768c78de76a3d8e5/book/7798/volume/1/page/512?database_sha256=59b3debd44645d1e86afcdc276a7a43239ad3509581c303aa6bca23fc272e3f3&segment_id=692,EARLY_REPORT_CANDIDATE,PRE_BOUNDARY_OR_NOT_APPLICABLE,,CANDIDATE_PREFIX_EXTRACTED,4,EV-ADAM-020 | EV-ADAM-021 | EV-ADAM-022 | EV-ADAM-023 | EV-ADAM-024 | EV-ADAM-040 | EV-ADAM-041 | EV-ADAM-042,RQ-ADAM-009 | RQ-ADAM-010 | RQ-ADAM-011 | RQ-ADAM-012 | RQ-ADAM-015 | RQ-ADAM-016,,,,,
adam_report_candidate_e767263fda505f57842dcb68,7822417dacbe32c4c34b524e,SRC-TAFSIR-TABARI-ADAM,7798,shamela://local/5ac170a3045185ccf78e81ebd473cafb8069279b898836fd768c78de76a3d8e5/book/7798/volume/1/page/513?database_sha256=59b3debd44645d1e86afcdc276a7a43239ad3509581c303aa6bca23fc272e3f3&segment_id=693,PROPHETIC_HADITH_CANDIDATE,PRE_BOUNDARY_OR_NOT_APPLICABLE,,CANDIDATE_PREFIX_EXTRACTED,7,EV-ADAM-020 | EV-ADAM-021 | EV-ADAM-022 | EV-ADAM-023 | EV-ADAM-024 | EV-ADAM-040 | EV-ADAM-041 | EV-ADAM-042,RQ-ADAM-009 | RQ-ADAM-010 | RQ-ADAM-011 | RQ-ADAM-012 | RQ-ADAM-015 | RQ-ADAM-016,,,,,
adam_report_candidate_ab246b82efe4e599731f1b36,7822417dacbe32c4c34b524e,SRC-TAFSIR-TABARI-ADAM,7798,shamela://local/5ac170a3045185ccf78e81ebd473cafb8069279b898836fd768c78de76a3d8e5/book/7798/volume/1/page/513?database_sha256=59b3debd44645d1e86afcdc276a7a43239ad3509581c303aa6bca23fc272e3f3&segment_id=693,PROPHETIC_HADITH_CANDIDATE,PRE_BOUNDARY_OR_NOT_APPLICABLE,,CANDIDATE_PREFIX_EXTRACTED,5,EV-ADAM-020 | EV-ADAM-021 | EV-ADAM-022 | EV-ADAM-023 | EV-ADAM-024 | EV-ADAM-040 | EV-ADAM-041 | EV-ADAM-042,RQ-ADAM-009 | RQ-ADAM-010 | RQ-ADAM-011 | RQ-ADAM-012 | RQ-ADAM-015 | RQ-ADAM-016,,,,,
adam_report_candidate_1b36ced359b21f5f8bca57ba,7822417dacbe32c4c34b524e,SRC-TAFSIR-TABARI-ADAM,7798,shamela://local/5ac170a3045185ccf78e81ebd473cafb8069279b898836fd768c78de76a3d8e5/book/7798/volume/1/page/514?database_sha256=59b3debd44645d1e86afcdc276a7a43239ad3509581c303aa6bca23fc272e3f3&segment_id=694,AUTHORIAL_COMMENTARY_CANDIDATE,PRE_BOUNDARY_OR_NOT_APPLICABLE,,NO_ISNAD_PREFIX_DETECTED,1,EV-ADAM-020 | EV-ADAM-021 | EV-ADAM-022 | EV-ADAM-023 | EV-ADAM-024 | EV-ADAM-040 | EV-ADAM-041 | EV-ADAM-042,RQ-ADAM-009 | RQ-ADAM-010 | RQ-ADAM-011 | RQ-ADAM-012 | RQ-ADAM-015 | RQ-ADAM-016,,,,,
adam_report_candidate_3a718ce3cafd00b067c3e6dc,7822417dacbe32c4c34b524e,SRC-TAFSIR-TABARI-ADAM,7798,shamela://local/5ac170a3045185ccf78e81ebd473cafb8069279b898836fd768c78de76a3d8e5/book/7798/volume/1/page/514?database_sha256=59b3debd44645d1e86afcdc276a7a43239ad3509581c303aa6bca23fc272e3f3&segment_id=694,AUTHORIAL_COMMENTARY_CANDIDATE,PRE_BOUNDARY_OR_NOT_APPLICABLE,,NO_ISNAD_PREFIX_DETECTED,2,EV-ADAM-020 | EV-ADAM-021 | EV-ADAM-022 | EV-ADAM-023 | EV-ADAM-024 | EV-ADAM-040 | EV-ADAM-041 | EV-ADAM-042,RQ-ADAM-009 | RQ-ADAM-010 | RQ-ADAM-011 | RQ-ADAM-012 | RQ-ADAM-015 | RQ-ADAM-016,,,,,
adam_report_candidate_1faf1b040de495c5722e939d,7822417dacbe32c4c34b524e,SRC-TAFSIR-TABARI-ADAM,7798,shamela://local/5ac170a3045185ccf78e81ebd473cafb8069279b898836fd768c78de76a3d8e5/book/7798/volume/1/page/514?database_sha256=59b3debd44645d1e86afcdc276a7a43239ad3509581c303aa6bca23fc272e3f3&segment_id=694,EARLY_REPORT_CANDIDATE,PRE_BOUNDARY_OR_NOT_APPLICABLE,,CANDIDATE_PREFIX_EXTRACTED,11,EV-ADAM-020 | EV-ADAM-021 | EV-ADAM-022 | EV-ADAM-023 | EV-ADAM-024 | EV-ADAM-040 | EV-ADAM-041 | EV-ADAM-042,RQ-ADAM-009 | RQ-ADAM-010 | RQ-ADAM-011 | RQ-ADAM-012 | RQ-ADAM-015 | RQ-ADAM-016,,,,,
adam_report_candidate_42c2d023790483ad0a11ca08,7822417dacbe32c4c34b524e,SRC-TAFSIR-TABARI-ADAM,7798,shamela://local/5ac170a3045185ccf78e81ebd473cafb8069279b898836fd768c78de76a3d8e5/book/7798/volume/1/page/515?database_sha256=59b3debd44645d1e86afcdc276a7a43239ad3509581c303aa6bca23fc272e3f3&segment_id=695,QURAN_EXEGESIS_CONTEXT_CANDIDATE,PRE_BOUNDARY_OR_NOT_APPLICABLE,,NO_ISNAD_PREFIX_DETECTED,0,EV-ADAM-020 | EV-ADAM-021 | EV-ADAM-022 | EV-ADAM-023 | EV-ADAM-024 | EV-ADAM-040 | EV-ADAM-041 | EV-ADAM-042,RQ-ADAM-009 | RQ-ADAM-010 | RQ-ADAM-011 | RQ-ADAM-012 | RQ-ADAM-015 | RQ-ADAM-016,,,,,
adam_report_candidate_c42c0d710790a883f8d145f4,7822417dacbe32c4c34b524e,SRC-TAFSIR-TABARI-ADAM,7798,shamela://local/5ac170a3045185ccf78e81ebd473cafb8069279b898836fd768c78de76a3d8e5/book/7798/volume/1/page/515?database_sha256=59b3debd44645d1e86afcdc276a7a43239ad3509581c303aa6bca23fc272e3f3&segment_id=695,EARLY_REPORT_CANDIDATE,PRE_BOUNDARY_OR_NOT_APPLICABLE,,CANDIDATE_PREFIX_EXTRACTED,4,EV-ADAM-020 | EV-ADAM-021 | EV-ADAM-022 | EV-ADAM-023 | EV-ADAM-024 | EV-ADAM-040 | EV-ADAM-041 | EV-ADAM-042,RQ-ADAM-009 | RQ-ADAM-010 | RQ-ADAM-011 | RQ-ADAM-012 | RQ-ADAM-015 | RQ-ADAM-016,,,,,
adam_report_candidate_e5ac62ad49cf6004ab659d28,7822417dacbe32c4c34b524e,SRC-TAFSIR-TABARI-ADAM,7798,shamela://local/5ac170a3045185ccf78e81ebd473cafb8069279b898836fd768c78de76a3d8e5/book/7798/volume/1/page/515?database_sha256=59b3debd44645d1e86afcdc276a7a43239ad3509581c303aa6bca23fc272e3f3&segment_id=695,EARLY_REPORT_CANDIDATE,PRE_BOUNDARY_OR_NOT_APPLICABLE,,CANDIDATE_PREFIX_EXTRACTED,5,EV-ADAM-020 | EV-ADAM-021 | EV-ADAM-022 | EV-ADAM-023 | EV-ADAM-024 | EV-ADAM-040 | EV-ADAM-041 | EV-ADAM-042,RQ-ADAM-009 | RQ-ADAM-010 | RQ-ADAM-011 | RQ-ADAM-012 | RQ-ADAM-015 | RQ-ADAM-016,,,,,
adam_report_candidate_bf87527f9d7c32fc4930c5ad,7822417dacbe32c4c34b524e,SRC-TAFSIR-TABARI-ADAM,7798,shamela://local/5ac170a3045185ccf78e81ebd473cafb8069279b898836fd768c78de76a3d8e5/book/7798/volume/1/page/515?database_sha256=59b3debd44645d1e86afcdc276a7a43239ad3509581c303aa6bca23fc272e3f3&segment_id=695,EARLY_REPORT_CANDIDATE,PRE_BOUNDARY_OR_NOT_APPLICABLE,,CANDIDATE_PREFIX_EXTRACTED,4,EV-ADAM-020 | EV-ADAM-021 | EV-ADAM-022 | EV-ADAM-023 | EV-ADAM-024 | EV-ADAM-040 | EV-ADAM-041 | EV-ADAM-042,RQ-ADAM-009 | RQ-ADAM-010 | RQ-ADAM-011 | RQ-ADAM-012 | RQ-ADAM-015 | RQ-ADAM-016,,,,,
adam_report_candidate_0e220ba5cbf50395f86e0320,7822417dacbe32c4c34b524e,SRC-TAFSIR-TABARI-ADAM,7798,shamela://local/5ac170a3045185ccf78e81ebd473cafb8069279b898836fd768c78de76a3d8e5/book/7798/volume/1/page/515?database_sha256=59b3debd44645d1e86afcdc276a7a43239ad3509581c303aa6bca23fc272e3f3&segment_id=695,EARLY_REPORT_CANDIDATE,PRE_BOUNDARY_OR_NOT_APPLICABLE,,CANDIDATE_PREFIX_EXTRACTED,5,EV-ADAM-020 | EV-ADAM-021 | EV-ADAM-022 | EV-ADAM-023 | EV-ADAM-024 | EV-ADAM-040 | EV-ADAM-041 | EV-ADAM-042,RQ-ADAM-009 | RQ-ADAM-010 | RQ-ADAM-011 | RQ-ADAM-012 | RQ-ADAM-015 | RQ-ADAM-016,,,,,
adam_report_candidate_cc67e6dde74ae19469eaf9a7,7822417dacbe32c4c34b524e,SRC-TAFSIR-TABARI-ADAM,7798,shamela://local/5ac170a3045185ccf78e81ebd473cafb8069279b898836fd768c78de76a3d8e5/book/7798/volume/1/page/516?database_sha256=59b3debd44645d1e86afcdc276a7a43239ad3509581c303aa6bca23fc272e3f3&segment_id=696,EARLY_REPORT_CANDIDATE,PRE_BOUNDARY_OR_NOT_APPLICABLE,,CANDIDATE_PREFIX_EXTRACTED,2,EV-ADAM-020 | EV-ADAM-021 | EV-ADAM-022 | EV-ADAM-023 | EV-ADAM-024 | EV-ADAM-040 | EV-ADAM-041 | EV-ADAM-042,RQ-ADAM-009 | RQ-ADAM-010 | RQ-ADAM-011 | RQ-ADAM-012 | RQ-ADAM-015 | RQ-ADAM-016,,,,,
adam_report_candidate_19f432618b694f9514ec1c6e,7822417dacbe32c4c34b524e,SRC-TAFSIR-TABARI-ADAM,7798,shamela://local/5ac170a3045185ccf78e81ebd473cafb8069279b898836fd768c78de76a3d8e5/book/7798/volume/1/page/516?database_sha256=59b3debd44645d1e86afcdc276a7a43239ad3509581c303aa6bca23fc272e3f3&segment_id=696,EARLY_REPORT_CANDIDATE,PRE_BOUNDARY_OR_NOT_APPLICABLE,,CANDIDATE_PREFIX_EXTRACTED,5,EV-ADAM-020 | EV-ADAM-021 | EV-ADAM-022 | EV-ADAM-023 | EV-ADAM-024 | EV-ADAM-040 | EV-ADAM-041 | EV-ADAM-042,RQ-ADAM-009 | RQ-ADAM-010 | RQ-ADAM-011 | RQ-ADAM-012 | RQ-ADAM-015 | RQ-ADAM-016,,,,,
adam_report_candidate_dfbc9475de7c6fb7d40c1908,7822417dacbe32c4c34b524e,SRC-TAFSIR-TABARI-ADAM,7798,shamela://local/5ac170a3045185ccf78e81ebd473cafb8069279b898836fd768c78de76a3d8e5/book/7798/volume/1/page/516?database_sha256=59b3debd44645d1e86afcdc276a7a43239ad3509581c303aa6bca23fc272e3f3&segment_id=696,EARLY_REPORT_CANDIDATE,PRE_BOUNDARY_OR_NOT_APPLICABLE,,CANDIDATE_PREFIX_EXTRACTED,6,EV-ADAM-020 | EV-ADAM-021 | EV-ADAM-022 | EV-ADAM-023 | EV-ADAM-024 | EV-ADAM-040 | EV-ADAM-041 | EV-ADAM-042,RQ-ADAM-009 | RQ-ADAM-010 | RQ-ADAM-011 | RQ-ADAM-012 | RQ-ADAM-015 | RQ-ADAM-016,,,,,
adam_report_candidate_85ae7c183dac66a04873e43e,7822417dacbe32c4c34b524e,SRC-TAFSIR-TABARI-ADAM,7798,shamela://local/5ac170a3045185ccf78e81ebd473cafb8069279b898836fd768c78de76a3d8e5/book/7798/volume/1/page/516?database_sha256=59b3debd44645d1e86afcdc276a7a43239ad3509581c303aa6bca23fc272e3f3&segment_id=696,EARLY_REPORT_CANDIDATE,PRE_BOUNDARY_OR_NOT_APPLICABLE,,CANDIDATE_PREFIX_EXTRACTED,4,EV-ADAM-020 | EV-ADAM-021 | EV-ADAM-022 | EV-ADAM-023 | EV-ADAM-024 | EV-ADAM-040 | EV-ADAM-041 | EV-ADAM-042,RQ-ADAM-009 | RQ-ADAM-010 | RQ-ADAM-011 | RQ-ADAM-012 | RQ-ADAM-015 | RQ-ADAM-016,,,,,
adam_report_candidate_57085ff116101df1c376bfa6,7822417dacbe32c4c34b524e,SRC-TAFSIR-TABARI-ADAM,7798,shamela://local/5ac170a3045185ccf78e81ebd473cafb8069279b898836fd768c78de76a3d8e5/book/7798/volume/1/page/516?database_sha256=59b3debd44645d1e86afcdc276a7a43239ad3509581c303aa6bca23fc272e3f3&segment_id=696,EARLY_REPORT_CANDIDATE,PRE_BOUNDARY_OR_NOT_APPLICABLE,,CANDIDATE_PREFIX_EXTRACTED,5,EV-ADAM-020 | EV-ADAM-021 | EV-ADAM-022 | EV-ADAM-023 | EV-ADAM-024 | EV-ADAM-040 | EV-ADAM-041 | EV-ADAM-042,RQ-ADAM-009 | RQ-ADAM-010 | RQ-ADAM-011 | RQ-ADAM-012 | RQ-ADAM-015 | RQ-ADAM-016,,,,,
adam_report_candidate_22787e2e42fcd705bad57fe7,7822417dacbe32c4c34b524e,SRC-TAFSIR-TABARI-ADAM,7798,shamela://local/5ac170a3045185ccf78e81ebd473cafb8069279b898836fd768c78de76a3d8e5/book/7798/volume/1/page/517?database_sha256=59b3debd44645d1e86afcdc276a7a43239ad3509581c303aa6bca23fc272e3f3&segment_id=697,EARLY_REPORT_CANDIDATE,PRE_BOUNDARY_OR_NOT_APPLICABLE,,NO_ISNAD_PREFIX_DETECTED,1,EV-ADAM-020 | EV-ADAM-021 | EV-ADAM-022 | EV-ADAM-023 | EV-ADAM-024 | EV-ADAM-040 | EV-ADAM-041 | EV-ADAM-042,RQ-ADAM-009 | RQ-ADAM-010 | RQ-ADAM-011 | RQ-ADAM-012 | RQ-ADAM-015 | RQ-ADAM-016,,,,,
adam_report_candidate_5d96e5286000197d32af6d88,7822417dacbe32c4c34b524e,SRC-TAFSIR-TABARI-ADAM,7798,shamela://local/5ac170a3045185ccf78e81ebd473cafb8069279b898836fd768c78de76a3d8e5/book/7798/volume/1/page/517?database_sha256=59b3debd44645d1e86afcdc276a7a43239ad3509581c303aa6bca23fc272e3f3&segment_id=697,EARLY_REPORT_CANDIDATE,PRE_BOUNDARY_OR_NOT_APPLICABLE,,CANDIDATE_PREFIX_EXTRACTED,4,EV-ADAM-020 | EV-ADAM-021 | EV-ADAM-022 | EV-ADAM-023 | EV-ADAM-024 | EV-ADAM-040 | EV-ADAM-041 | EV-ADAM-042,RQ-ADAM-009 | RQ-ADAM-010 | RQ-ADAM-011 | RQ-ADAM-012 | RQ-ADAM-015 | RQ-ADAM-016,,,,,
adam_report_candidate_007ee658e4879e42f8bacfa6,7822417dacbe32c4c34b524e,SRC-TAFSIR-TABARI-ADAM,7798,shamela://local/5ac170a3045185ccf78e81ebd473cafb8069279b898836fd768c78de76a3d8e5/book/7798/volume/1/page/517?database_sha256=59b3debd44645d1e86afcdc276a7a43239ad3509581c303aa6bca23fc272e3f3&segment_id=697,EARLY_REPORT_CANDIDATE,PRE_BOUNDARY_OR_NOT_APPLICABLE,,CANDIDATE_PREFIX_EXTRACTED,3,EV-ADAM-020 | EV-ADAM-021 | EV-ADAM-022 | EV-ADAM-023 | EV-ADAM-024 | EV-ADAM-040 | EV-ADAM-041 | EV-ADAM-042,RQ-ADAM-009 | RQ-ADAM-010 | RQ-ADAM-011 | RQ-ADAM-012 | RQ-ADAM-015 | RQ-ADAM-016,,,,,
adam_report_candidate_7a405a14a4f96a433f37a5ae,7822417dacbe32c4c34b524e,SRC-TAFSIR-TABARI-ADAM,7798,shamela://local/5ac170a3045185ccf78e81ebd473cafb8069279b898836fd768c78de76a3d8e5/book/7798/volume/1/page/517?database_sha256=59b3debd44645d1e86afcdc276a7a43239ad3509581c303aa6bca23fc272e3f3&segment_id=697,EARLY_REPORT_CANDIDATE,PRE_BOUNDARY_OR_NOT_APPLICABLE,,CANDIDATE_PREFIX_EXTRACTED,3,EV-ADAM-020 | EV-ADAM-021 | EV-ADAM-022 | EV-ADAM-023 | EV-ADAM-024 | EV-ADAM-040 | EV-ADAM-041 | EV-ADAM-042,RQ-ADAM-009 | RQ-ADAM-010 | RQ-ADAM-011 | RQ-ADAM-012 | RQ-ADAM-015 | RQ-ADAM-016,,,,,
adam_report_candidate_50e4a94d18aef40c2fdc7931,7822417dacbe32c4c34b524e,SRC-TAFSIR-TABARI-ADAM,7798,shamela://local/5ac170a3045185ccf78e81ebd473cafb8069279b898836fd768c78de76a3d8e5/book/7798/volume/1/page/518?database_sha256=59b3debd44645d1e86afcdc276a7a43239ad3509581c303aa6bca23fc272e3f3&segment_id=698,EARLY_REPORT_CANDIDATE,PRE_BOUNDARY_OR_NOT_APPLICABLE,WAHB_IBN_MUNABBIH,CANDIDATE_PREFIX_EXTRACTED,2,EV-ADAM-020 | EV-ADAM-021 | EV-ADAM-022 | EV-ADAM-023 | EV-ADAM-024 | EV-ADAM-040 | EV-ADAM-041 | EV-ADAM-042,RQ-ADAM-009 | RQ-ADAM-010 | RQ-ADAM-011 | RQ-ADAM-012 | RQ-ADAM-015 | RQ-ADAM-016,,,,,
adam_report_candidate_acc6174d7c1cfd2abe46eee2,7822417dacbe32c4c34b524e,SRC-TAFSIR-TABARI-ADAM,7798,shamela://local/5ac170a3045185ccf78e81ebd473cafb8069279b898836fd768c78de76a3d8e5/book/7798/volume/1/page/518?database_sha256=59b3debd44645d1e86afcdc276a7a43239ad3509581c303aa6bca23fc272e3f3&segment_id=698,AUTHORIAL_COMMENTARY_CANDIDATE,PRE_BOUNDARY_OR_NOT_APPLICABLE,,NO_ISNAD_PREFIX_DETECTED,2,EV-ADAM-020 | EV-ADAM-021 | EV-ADAM-022 | EV-ADAM-023 | EV-ADAM-024 | EV-ADAM-040 | EV-ADAM-041 | EV-ADAM-042,RQ-ADAM-009 | RQ-ADAM-010 | RQ-ADAM-011 | RQ-ADAM-012 | RQ-ADAM-015 | RQ-ADAM-016,,,,,
adam_report_candidate_2682b7740004860c0c5dbd16,7822417dacbe32c4c34b524e,SRC-TAFSIR-TABARI-ADAM,7798,shamela://local/5ac170a3045185ccf78e81ebd473cafb8069279b898836fd768c78de76a3d8e5/book/7798/volume/1/page/519?database_sha256=59b3debd44645d1e86afcdc276a7a43239ad3509581c303aa6bca23fc272e3f3&segment_id=699,QURAN_EXEGESIS_CONTEXT_CANDIDATE,PRE_BOUNDARY_OR_NOT_APPLICABLE,,NO_ISNAD_PREFIX_DETECTED,0,EV-ADAM-020 | EV-ADAM-021 | EV-ADAM-022 | EV-ADAM-023 | EV-ADAM-024 | EV-ADAM-040 | EV-ADAM-041 | EV-ADAM-042,RQ-ADAM-009 | RQ-ADAM-010 | RQ-ADAM-011 | RQ-ADAM-012 | RQ-ADAM-015 | RQ-ADAM-016,,,,,
adam_report_candidate_b9c11a2978217a7961f9b763,7822417dacbe32c4c34b524e,SRC-TAFSIR-TABARI-ADAM,7798,shamela://local/5ac170a3045185ccf78e81ebd473cafb8069279b898836fd768c78de76a3d8e5/book/7798/volume/1/page/519?database_sha256=59b3debd44645d1e86afcdc276a7a43239ad3509581c303aa6bca23fc272e3f3&segment_id=699,AUTHORIAL_COMMENTARY_CANDIDATE,PRE_BOUNDARY_OR_NOT_APPLICABLE,,NO_ISNAD_PREFIX_DETECTED,1,EV-ADAM-020 | EV-ADAM-021 | EV-ADAM-022 | EV-ADAM-023 | EV-ADAM-024 | EV-ADAM-040 | EV-ADAM-041 | EV-ADAM-042,RQ-ADAM-009 | RQ-ADAM-010 | RQ-ADAM-011 | RQ-ADAM-012 | RQ-ADAM-015 | RQ-ADAM-016,,,,,
adam_report_candidate_c82e99a32aafc8f289f8f7eb,7822417dacbe32c4c34b524e,SRC-TAFSIR-TABARI-ADAM,7798,shamela://local/5ac170a3045185ccf78e81ebd473cafb8069279b898836fd768c78de76a3d8e5/book/7798/volume/1/page/520?database_sha256=59b3debd44645d1e86afcdc276a7a43239ad3509581c303aa6bca23fc272e3f3&segment_id=700,EARLY_REPORT_CANDIDATE,PRE_BOUNDARY_OR_NOT_APPLICABLE,,NO_ISNAD_PREFIX_DETECTED,1,EV-ADAM-020 | EV-ADAM-021 | EV-ADAM-022 | EV-ADAM-023 | EV-ADAM-024 | EV-ADAM-040 | EV-ADAM-041 | EV-ADAM-042,RQ-ADAM-009 | RQ-ADAM-010 | RQ-ADAM-011 | RQ-ADAM-012 | RQ-ADAM-015 | RQ-ADAM-016,,,,,
adam_report_candidate_e88e4a3b5515775ccdee0c31,7822417dacbe32c4c34b524e,SRC-TAFSIR-TABARI-ADAM,7798,shamela://local/5ac170a3045185ccf78e81ebd473cafb8069279b898836fd768c78de76a3d8e5/book/7798/volume/1/page/520?database_sha256=59b3debd44645d1e86afcdc276a7a43239ad3509581c303aa6bca23fc272e3f3&segment_id=700,EARLY_REPORT_CANDIDATE,PRE_BOUNDARY_OR_NOT_APPLICABLE,,CANDIDATE_PREFIX_EXTRACTED,5,EV-ADAM-020 | EV-ADAM-021 | EV-ADAM-022 | EV-ADAM-023 | EV-ADAM-024 | EV-ADAM-040 | EV-ADAM-041 | EV-ADAM-042,RQ-ADAM-009 | RQ-ADAM-010 | RQ-ADAM-011 | RQ-ADAM-012 | RQ-ADAM-015 | RQ-ADAM-016,,,,,
adam_report_candidate_6f84a54e0aab66ab1679ec26,7822417dacbe32c4c34b524e,SRC-TAFSIR-TABARI-ADAM,7798,shamela://local/5ac170a3045185ccf78e81ebd473cafb8069279b898836fd768c78de76a3d8e5/book/7798/volume/1/page/520?database_sha256=59b3debd44645d1e86afcdc276a7a43239ad3509581c303aa6bca23fc272e3f3&segment_id=700,EARLY_REPORT_CANDIDATE,PRE_BOUNDARY_OR_NOT_APPLICABLE,WAHB_IBN_MUNABBIH,CANDIDATE_PREFIX_EXTRACTED,8,EV-ADAM-020 | EV-ADAM-021 | EV-ADAM-022 | EV-ADAM-023 | EV-ADAM-024 | EV-ADAM-040 | EV-ADAM-041 | EV-ADAM-042,RQ-ADAM-009 | RQ-ADAM-010 | RQ-ADAM-011 | RQ-ADAM-012 | RQ-ADAM-015 | RQ-ADAM-016,,,,,
adam_report_candidate_a2154aa64bdf1db36359a03d,7822417dacbe32c4c34b524e,SRC-TAFSIR-TABARI-ADAM,7798,shamela://local/5ac170a3045185ccf78e81ebd473cafb8069279b898836fd768c78de76a3d8e5/book/7798/volume/1/page/521?database_sha256=59b3debd44645d1e86afcdc276a7a43239ad3509581c303aa6bca23fc272e3f3&segment_id=701,EARLY_REPORT_CANDIDATE,PRE_BOUNDARY_OR_NOT_APPLICABLE,,NO_ISNAD_PREFIX_DETECTED,5,EV-ADAM-020 | EV-ADAM-021 | EV-ADAM-022 | EV-ADAM-023 | EV-ADAM-024 | EV-ADAM-040 | EV-ADAM-041 | EV-ADAM-042,RQ-ADAM-009 | RQ-ADAM-010 | RQ-ADAM-011 | RQ-ADAM-012 | RQ-ADAM-015 | RQ-ADAM-016,,,,,
adam_report_candidate_80f8bd3304dda84b8235fcc2,7822417dacbe32c4c34b524e,SRC-TAFSIR-TABARI-ADAM,7798,shamela://local/5ac170a3045185ccf78e81ebd473cafb8069279b898836fd768c78de76a3d8e5/book/7798/volume/1/page/521?database_sha256=59b3debd44645d1e86afcdc276a7a43239ad3509581c303aa6bca23fc272e3f3&segment_id=701,EARLY_REPORT_CANDIDATE,PRE_BOUNDARY_OR_NOT_APPLICABLE,,CANDIDATE_PREFIX_EXTRACTED,5,EV-ADAM-020 | EV-ADAM-021 | EV-ADAM-022 | EV-ADAM-023 | EV-ADAM-024 | EV-ADAM-040 | EV-ADAM-041 | EV-ADAM-042,RQ-ADAM-009 | RQ-ADAM-010 | RQ-ADAM-011 | RQ-ADAM-012 | RQ-ADAM-015 | RQ-ADAM-016,,,,,
adam_report_candidate_01db14647a737148a3868126,7822417dacbe32c4c34b524e,SRC-TAFSIR-TABARI-ADAM,7798,shamela://local/5ac170a3045185ccf78e81ebd473cafb8069279b898836fd768c78de76a3d8e5/book/7798/volume/1/page/521?database_sha256=59b3debd44645d1e86afcdc276a7a43239ad3509581c303aa6bca23fc272e3f3&segment_id=701,EARLY_REPORT_CANDIDATE,PRE_BOUNDARY_OR_NOT_APPLICABLE,,CANDIDATE_PREFIX_EXTRACTED,9,EV-ADAM-020 | EV-ADAM-021 | EV-ADAM-022 | EV-ADAM-023 | EV-ADAM-024 | EV-ADAM-040 | EV-ADAM-041 | EV-ADAM-042,RQ-ADAM-009 | RQ-ADAM-010 | RQ-ADAM-011 | RQ-ADAM-012 | RQ-ADAM-015 | RQ-ADAM-016,,,,,
adam_report_candidate_ebeede947a4d98c40a0edfba,7822417dacbe32c4c34b524e,SRC-TAFSIR-TABARI-ADAM,7798,shamela://local/5ac170a3045185ccf78e81ebd473cafb8069279b898836fd768c78de76a3d8e5/book/7798/volume/1/page/522?database_sha256=59b3debd44645d1e86afcdc276a7a43239ad3509581c303aa6bca23fc272e3f3&segment_id=702,EARLY_REPORT_CANDIDATE,PRE_BOUNDARY_OR_NOT_APPLICABLE,,NO_ISNAD_PREFIX_DETECTED,3,EV-ADAM-020 | EV-ADAM-021 | EV-ADAM-022 | EV-ADAM-023 | EV-ADAM-024 | EV-ADAM-040 | EV-ADAM-041 | EV-ADAM-042,RQ-ADAM-009 | RQ-ADAM-010 | RQ-ADAM-011 | RQ-ADAM-012 | RQ-ADAM-015 | RQ-ADAM-016,,,,,
adam_report_candidate_42efd85e9126147291864e5f,7822417dacbe32c4c34b524e,SRC-TAFSIR-TABARI-ADAM,7798,shamela://local/5ac170a3045185ccf78e81ebd473cafb8069279b898836fd768c78de76a3d8e5/book/7798/volume/1/page/522?database_sha256=59b3debd44645d1e86afcdc276a7a43239ad3509581c303aa6bca23fc272e3f3&segment_id=702,EARLY_REPORT_CANDIDATE,PRE_BOUNDARY_OR_NOT_APPLICABLE,,CANDIDATE_PREFIX_EXTRACTED,3,EV-ADAM-020 | EV-ADAM-021 | EV-ADAM-022 | EV-ADAM-023 | EV-ADAM-024 | EV-ADAM-040 | EV-ADAM-041 | EV-ADAM-042,RQ-ADAM-009 | RQ-ADAM-010 | RQ-ADAM-011 | RQ-ADAM-012 | RQ-ADAM-015 | RQ-ADAM-016,,,,,
adam_report_candidate_4c132aa3c6797873c44dd743,7822417dacbe32c4c34b524e,SRC-TAFSIR-TABARI-ADAM,7798,shamela://local/5ac170a3045185ccf78e81ebd473cafb8069279b898836fd768c78de76a3d8e5/book/7798/volume/1/page/522?database_sha256=59b3debd44645d1e86afcdc276a7a43239ad3509581c303aa6bca23fc272e3f3&segment_id=702,EARLY_REPORT_CANDIDATE,PRE_BOUNDARY_OR_NOT_APPLICABLE,,CANDIDATE_PREFIX_EXTRACTED,4,EV-ADAM-020 | EV-ADAM-021 | EV-ADAM-022 | EV-ADAM-023 | EV-ADAM-024 | EV-ADAM-040 | EV-ADAM-041 | EV-ADAM-042,RQ-ADAM-009 | RQ-ADAM-010 | RQ-ADAM-011 | RQ-ADAM-012 | RQ-ADAM-015 | RQ-ADAM-016,,,,,
adam_report_candidate_a7e4b3de86678a8b628f7264,7822417dacbe32c4c34b524e,SRC-TAFSIR-TABARI-ADAM,7798,shamela://local/5ac170a3045185ccf78e81ebd473cafb8069279b898836fd768c78de76a3d8e5/book/7798/volume/1/page/522?database_sha256=59b3debd44645d1e86afcdc276a7a43239ad3509581c303aa6bca23fc272e3f3&segment_id=702,EARLY_REPORT_CANDIDATE,PRE_BOUNDARY_OR_NOT_APPLICABLE,,CANDIDATE_PREFIX_EXTRACTED,4,EV-ADAM-020 | EV-ADAM-021 | EV-ADAM-022 | EV-ADAM-023 | EV-ADAM-024 | EV-ADAM-040 | EV-ADAM-041 | EV-ADAM-042,RQ-ADAM-009 | RQ-ADAM-010 | RQ-ADAM-011 | RQ-ADAM-012 | RQ-ADAM-015 | RQ-ADAM-016,,,,,
adam_report_candidate_4e56a3a8988c6faa818fdaa2,7822417dacbe32c4c34b524e,SRC-TAFSIR-TABARI-ADAM,7798,shamela://local/5ac170a3045185ccf78e81ebd473cafb8069279b898836fd768c78de76a3d8e5/book/7798/volume/1/page/523?database_sha256=59b3debd44645d1e86afcdc276a7a43239ad3509581c303aa6bca23fc272e3f3&segment_id=703,EARLY_REPORT_CANDIDATE,PRE_BOUNDARY_OR_NOT_APPLICABLE,,NO_ISNAD_PREFIX_DETECTED,1,EV-ADAM-020 | EV-ADAM-021 | EV-ADAM-022 | EV-ADAM-023 | EV-ADAM-024 | EV-ADAM-040 | EV-ADAM-041 | EV-ADAM-042,RQ-ADAM-009 | RQ-ADAM-010 | RQ-ADAM-011 | RQ-ADAM-012 | RQ-ADAM-015 | RQ-ADAM-016,,,,,
adam_report_candidate_aeca41a2b99cbcb750fe86a8,7822417dacbe32c4c34b524e,SRC-TAFSIR-TABARI-ADAM,7798,shamela://local/5ac170a3045185ccf78e81ebd473cafb8069279b898836fd768c78de76a3d8e5/book/7798/volume/1/page/523?database_sha256=59b3debd44645d1e86afcdc276a7a43239ad3509581c303aa6bca23fc272e3f3&segment_id=703,EARLY_REPORT_CANDIDATE,PRE_BOUNDARY_OR_NOT_APPLICABLE,,CANDIDATE_PREFIX_EXTRACTED,5,EV-ADAM-020 | EV-ADAM-021 | EV-ADAM-022 | EV-ADAM-023 | EV-ADAM-024 | EV-ADAM-040 | EV-ADAM-041 | EV-ADAM-042,RQ-ADAM-009 | RQ-ADAM-010 | RQ-ADAM-011 | RQ-ADAM-012 | RQ-ADAM-015 | RQ-ADAM-016,,,,,
adam_report_candidate_1307416b0bd215f3d7bd1938,7822417dacbe32c4c34b524e,SRC-TAFSIR-TABARI-ADAM,7798,shamela://local/5ac170a3045185ccf78e81ebd473cafb8069279b898836fd768c78de76a3d8e5/book/7798/volume/1/page/523?database_sha256=59b3debd44645d1e86afcdc276a7a43239ad3509581c303aa6bca23fc272e3f3&segment_id=703,EARLY_REPORT_CANDIDATE,PRE_BOUNDARY_OR_NOT_APPLICABLE,,CANDIDATE_PREFIX_EXTRACTED,4,EV-ADAM-020 | EV-ADAM-021 | EV-ADAM-022 | EV-ADAM-023 | EV-ADAM-024 | EV-ADAM-040 | EV-ADAM-041 | EV-ADAM-042,RQ-ADAM-009 | RQ-ADAM-010 | RQ-ADAM-011 | RQ-ADAM-012 | RQ-ADAM-015 | RQ-ADAM-016,,,,,
adam_report_candidate_feab015500b3fe06bfb67e85,7822417dacbe32c4c34b524e,SRC-TAFSIR-TABARI-ADAM,7798,shamela://local/5ac170a3045185ccf78e81ebd473cafb8069279b898836fd768c78de76a3d8e5/book/7798/volume/1/page/523?database_sha256=59b3debd44645d1e86afcdc276a7a43239ad3509581c303aa6bca23fc272e3f3&segment_id=703,AUTHORIAL_COMMENTARY_CANDIDATE,PRE_BOUNDARY_OR_NOT_APPLICABLE,,NO_ISNAD_PREFIX_DETECTED,1,EV-ADAM-020 | EV-ADAM-021 | EV-ADAM-022 | EV-ADAM-023 | EV-ADAM-024 | EV-ADAM-040 | EV-ADAM-041 | EV-ADAM-042,RQ-ADAM-009 | RQ-ADAM-010 | RQ-ADAM-011 | RQ-ADAM-012 | RQ-ADAM-015 | RQ-ADAM-016,,,,,
adam_report_candidate_da59a169f355595c7e6bc4aa,7822417dacbe32c4c34b524e,SRC-TAFSIR-TABARI-ADAM,7798,shamela://local/5ac170a3045185ccf78e81ebd473cafb8069279b898836fd768c78de76a3d8e5/book/7798/volume/1/page/524?database_sha256=59b3debd44645d1e86afcdc276a7a43239ad3509581c303aa6bca23fc272e3f3&segment_id=704,QURAN_EXEGESIS_CONTEXT_CANDIDATE,PRE_BOUNDARY_OR_NOT_APPLICABLE,,NO_ISNAD_PREFIX_DETECTED,0,EV-ADAM-020 | EV-ADAM-021 | EV-ADAM-022 | EV-ADAM-023 | EV-ADAM-024 | EV-ADAM-040 | EV-ADAM-041 | EV-ADAM-042,RQ-ADAM-009 | RQ-ADAM-010 | RQ-ADAM-011 | RQ-ADAM-012 | RQ-ADAM-015 | RQ-ADAM-016,,,,,
adam_report_candidate_03b503e4ae66f47b51bc3183,7822417dacbe32c4c34b524e,SRC-TAFSIR-TABARI-ADAM,7798,shamela://local/5ac170a3045185ccf78e81ebd473cafb8069279b898836fd768c78de76a3d8e5/book/7798/volume/1/page/525?database_sha256=59b3debd44645d1e86afcdc276a7a43239ad3509581c303aa6bca23fc272e3f3&segment_id=705,QURAN_EXEGESIS_CONTEXT_CANDIDATE,PRE_BOUNDARY_OR_NOT_APPLICABLE,,NO_ISNAD_PREFIX_DETECTED,0,EV-ADAM-020 | EV-ADAM-021 | EV-ADAM-022 | EV-ADAM-023 | EV-ADAM-024 | EV-ADAM-040 | EV-ADAM-041 | EV-ADAM-042,RQ-ADAM-009 | RQ-ADAM-010 | RQ-ADAM-011 | RQ-ADAM-012 | RQ-ADAM-015 | RQ-ADAM-016,,,,,
adam_report_candidate_0706a8b9d1fa8d49bab59ecf,97719d941058649117cccb9b,SRC-TAFSIR-TABARI-ADAM,7798,shamela://local/5ac170a3045185ccf78e81ebd473cafb8069279b898836fd768c78de76a3d8e5/book/7798/volume/1/page/538?database_sha256=59b3debd44645d1e86afcdc276a7a43239ad3509581c303aa6bca23fc272e3f3&segment_id=718,EARLY_REPORT_CANDIDATE,PRE_BOUNDARY_OR_NOT_APPLICABLE,,NO_ISNAD_PREFIX_DETECTED,1,EV-ADAM-040 | EV-ADAM-041 | EV-ADAM-042 | EV-ADAM-070 | EV-ADAM-071 | EV-ADAM-080 | EV-ADAM-081 | EV-ADAM-082 | EV-ADAM-090 | EV-ADAM-091 | EV-ADAM-099,RQ-ADAM-015 | RQ-ADAM-016 | RQ-ADAM-025 | RQ-ADAM-026 | RQ-ADAM-027 | RQ-ADAM-028 | RQ-ADAM-029 | RQ-ADAM-030 | RQ-ADAM-032,,,,,
adam_report_candidate_1cb4aafac25051b4e9fec497,97719d941058649117cccb9b,SRC-TAFSIR-TABARI-ADAM,7798,shamela://local/5ac170a3045185ccf78e81ebd473cafb8069279b898836fd768c78de76a3d8e5/book/7798/volume/1/page/538?database_sha256=59b3debd44645d1e86afcdc276a7a43239ad3509581c303aa6bca23fc272e3f3&segment_id=718,EARLY_REPORT_CANDIDATE,PRE_BOUNDARY_OR_NOT_APPLICABLE,,CANDIDATE_PREFIX_EXTRACTED,7,EV-ADAM-040 | EV-ADAM-041 | EV-ADAM-042 | EV-ADAM-070 | EV-ADAM-071 | EV-ADAM-080 | EV-ADAM-081 | EV-ADAM-082 | EV-ADAM-090 | EV-ADAM-091 | EV-ADAM-099,RQ-ADAM-015 | RQ-ADAM-016 | RQ-ADAM-025 | RQ-ADAM-026 | RQ-ADAM-027 | RQ-ADAM-028 | RQ-ADAM-029 | RQ-ADAM-030 | RQ-ADAM-032,,,,,
adam_report_candidate_d2d08dae088c3ddf3c854021,97719d941058649117cccb9b,SRC-TAFSIR-TABARI-ADAM,7798,shamela://local/5ac170a3045185ccf78e81ebd473cafb8069279b898836fd768c78de76a3d8e5/book/7798/volume/1/page/538?database_sha256=59b3debd44645d1e86afcdc276a7a43239ad3509581c303aa6bca23fc272e3f3&segment_id=718,EARLY_REPORT_CANDIDATE,PRE_BOUNDARY_OR_NOT_APPLICABLE,,CANDIDATE_PREFIX_EXTRACTED,3,EV-ADAM-040 | EV-ADAM-041 | EV-ADAM-042 | EV-ADAM-070 | EV-ADAM-071 | EV-ADAM-080 | EV-ADAM-081 | EV-ADAM-082 | EV-ADAM-090 | EV-ADAM-091 | EV-ADAM-099,RQ-ADAM-015 | RQ-ADAM-016 | RQ-ADAM-025 | RQ-ADAM-026 | RQ-ADAM-027 | RQ-ADAM-028 | RQ-ADAM-029 | RQ-ADAM-030 | RQ-ADAM-032,,,,,
adam_report_candidate_6ab96ef7523f35b146aacc67,97719d941058649117cccb9b,SRC-TAFSIR-TABARI-ADAM,7798,shamela://local/5ac170a3045185ccf78e81ebd473cafb8069279b898836fd768c78de76a3d8e5/book/7798/volume/1/page/538?database_sha256=59b3debd44645d1e86afcdc276a7a43239ad3509581c303aa6bca23fc272e3f3&segment_id=718,EARLY_REPORT_CANDIDATE,PRE_BOUNDARY_OR_NOT_APPLICABLE,,CANDIDATE_PREFIX_EXTRACTED,4,EV-ADAM-040 | EV-ADAM-041 | EV-ADAM-042 | EV-ADAM-070 | EV-ADAM-071 | EV-ADAM-080 | EV-ADAM-081 | EV-ADAM-082 | EV-ADAM-090 | EV-ADAM-091 | EV-ADAM-099,RQ-ADAM-015 | RQ-ADAM-016 | RQ-ADAM-025 | RQ-ADAM-026 | RQ-ADAM-027 | RQ-ADAM-028 | RQ-ADAM-029 | RQ-ADAM-030 | RQ-ADAM-032,,,,,
adam_report_candidate_01163630721edf117b4dfa60,97719d941058649117cccb9b,SRC-TAFSIR-TABARI-ADAM,7798,shamela://local/5ac170a3045185ccf78e81ebd473cafb8069279b898836fd768c78de76a3d8e5/book/7798/volume/1/page/539?database_sha256=59b3debd44645d1e86afcdc276a7a43239ad3509581c303aa6bca23fc272e3f3&segment_id=719,EARLY_REPORT_CANDIDATE,PRE_BOUNDARY_OR_NOT_APPLICABLE,,NO_ISNAD_PREFIX_DETECTED,3,EV-ADAM-040 | EV-ADAM-041 | EV-ADAM-042 | EV-ADAM-070 | EV-ADAM-071 | EV-ADAM-080 | EV-ADAM-081 | EV-ADAM-082 | EV-ADAM-090 | EV-ADAM-091 | EV-ADAM-099,RQ-ADAM-015 | RQ-ADAM-016 | RQ-ADAM-025 | RQ-ADAM-026 | RQ-ADAM-027 | RQ-ADAM-028 | RQ-ADAM-029 | RQ-ADAM-030 | RQ-ADAM-032,,,,,
adam_report_candidate_2c8fdbee907ec7907294b04b,97719d941058649117cccb9b,SRC-TAFSIR-TABARI-ADAM,7798,shamela://local/5ac170a3045185ccf78e81ebd473cafb8069279b898836fd768c78de76a3d8e5/book/7798/volume/1/page/540?database_sha256=59b3debd44645d1e86afcdc276a7a43239ad3509581c303aa6bca23fc272e3f3&segment_id=720,EARLY_REPORT_CANDIDATE,PRE_BOUNDARY_OR_NOT_APPLICABLE,,NO_ISNAD_PREFIX_DETECTED,1,EV-ADAM-040 | EV-ADAM-041 | EV-ADAM-042 | EV-ADAM-070 | EV-ADAM-071 | EV-ADAM-080 | EV-ADAM-081 | EV-ADAM-082 | EV-ADAM-090 | EV-ADAM-091 | EV-ADAM-099,RQ-ADAM-015 | RQ-ADAM-016 | RQ-ADAM-025 | RQ-ADAM-026 | RQ-ADAM-027 | RQ-ADAM-028 | RQ-ADAM-029 | RQ-ADAM-030 | RQ-ADAM-032,,,,,
adam_report_candidate_14babfdb3486293c8d4b4f66,97719d941058649117cccb9b,SRC-TAFSIR-TABARI-ADAM,7798,shamela://local/5ac170a3045185ccf78e81ebd473cafb8069279b898836fd768c78de76a3d8e5/book/7798/volume/1/page/540?database_sha256=59b3debd44645d1e86afcdc276a7a43239ad3509581c303aa6bca23fc272e3f3&segment_id=720,EARLY_REPORT_CANDIDATE,PRE_BOUNDARY_OR_NOT_APPLICABLE,,CANDIDATE_PREFIX_EXTRACTED,4,EV-ADAM-040 | EV-ADAM-041 | EV-ADAM-042 | EV-ADAM-070 | EV-ADAM-071 | EV-ADAM-080 | EV-ADAM-081 | EV-ADAM-082 | EV-ADAM-090 | EV-ADAM-091 | EV-ADAM-099,RQ-ADAM-015 | RQ-ADAM-016 | RQ-ADAM-025 | RQ-ADAM-026 | RQ-ADAM-027 | RQ-ADAM-028 | RQ-ADAM-029 | RQ-ADAM-030 | RQ-ADAM-032,,,,,
adam_report_candidate_2d055c50e87d08ef9576d50a,97719d941058649117cccb9b,SRC-TAFSIR-TABARI-ADAM,7798,shamela://local/5ac170a3045185ccf78e81ebd473cafb8069279b898836fd768c78de76a3d8e5/book/7798/volume/1/page/540?database_sha256=59b3debd44645d1e86afcdc276a7a43239ad3509581c303aa6bca23fc272e3f3&segment_id=720,EARLY_REPORT_CANDIDATE,PRE_BOUNDARY_OR_NOT_APPLICABLE,WAHB_IBN_MUNABBIH,CANDIDATE_PREFIX_EXTRACTED,10,EV-ADAM-040 | EV-ADAM-041 | EV-ADAM-042 | EV-ADAM-070 | EV-ADAM-071 | EV-ADAM-080 | EV-ADAM-081 | EV-ADAM-082 | EV-ADAM-090 | EV-ADAM-091 | EV-ADAM-099,RQ-ADAM-015 | RQ-ADAM-016 | RQ-ADAM-025 | RQ-ADAM-026 | RQ-ADAM-027 | RQ-ADAM-028 | RQ-ADAM-029 | RQ-ADAM-030 | RQ-ADAM-032,,,,,
adam_report_candidate_3fad137cc2ccbc0031d5b10a,97719d941058649117cccb9b,SRC-TAFSIR-TABARI-ADAM,7798,shamela://local/5ac170a3045185ccf78e81ebd473cafb8069279b898836fd768c78de76a3d8e5/book/7798/volume/1/page/541?database_sha256=59b3debd44645d1e86afcdc276a7a43239ad3509581c303aa6bca23fc272e3f3&segment_id=721,EARLY_REPORT_CANDIDATE,PRE_BOUNDARY_OR_NOT_APPLICABLE,,NO_ISNAD_PREFIX_DETECTED,1,EV-ADAM-040 | EV-ADAM-041 | EV-ADAM-042 | EV-ADAM-070 | EV-ADAM-071 | EV-ADAM-080 | EV-ADAM-081 | EV-ADAM-082 | EV-ADAM-090 | EV-ADAM-091 | EV-ADAM-099,RQ-ADAM-015 | RQ-ADAM-016 | RQ-ADAM-025 | RQ-ADAM-026 | RQ-ADAM-027 | RQ-ADAM-028 | RQ-ADAM-029 | RQ-ADAM-030 | RQ-ADAM-032,,,,,
adam_report_candidate_719ca0e47e8a3025b33c0b2f,97719d941058649117cccb9b,SRC-TAFSIR-TABARI-ADAM,7798,shamela://local/5ac170a3045185ccf78e81ebd473cafb8069279b898836fd768c78de76a3d8e5/book/7798/volume/1/page/541?database_sha256=59b3debd44645d1e86afcdc276a7a43239ad3509581c303aa6bca23fc272e3f3&segment_id=721,EARLY_REPORT_CANDIDATE,PRE_BOUNDARY_OR_NOT_APPLICABLE,,CANDIDATE_PREFIX_EXTRACTED,4,EV-ADAM-040 | EV-ADAM-041 | EV-ADAM-042 | EV-ADAM-070 | EV-ADAM-071 | EV-ADAM-080 | EV-ADAM-081 | EV-ADAM-082 | EV-ADAM-090 | EV-ADAM-091 | EV-ADAM-099,RQ-ADAM-015 | RQ-ADAM-016 | RQ-ADAM-025 | RQ-ADAM-026 | RQ-ADAM-027 | RQ-ADAM-028 | RQ-ADAM-029 | RQ-ADAM-030 | RQ-ADAM-032,,,,,
adam_report_candidate_9d53bcd309fe3fdebbb8393d,97719d941058649117cccb9b,SRC-TAFSIR-TABARI-ADAM,7798,shamela://local/5ac170a3045185ccf78e81ebd473cafb8069279b898836fd768c78de76a3d8e5/book/7798/volume/1/page/541?database_sha256=59b3debd44645d1e86afcdc276a7a43239ad3509581c303aa6bca23fc272e3f3&segment_id=721,EARLY_REPORT_CANDIDATE,PRE_BOUNDARY_OR_NOT_APPLICABLE,,CANDIDATE_PREFIX_EXTRACTED,4,EV-ADAM-040 | EV-ADAM-041 | EV-ADAM-042 | EV-ADAM-070 | EV-ADAM-071 | EV-ADAM-080 | EV-ADAM-081 | EV-ADAM-082 | EV-ADAM-090 | EV-ADAM-091 | EV-ADAM-099,RQ-ADAM-015 | RQ-ADAM-016 | RQ-ADAM-025 | RQ-ADAM-026 | RQ-ADAM-027 | RQ-ADAM-028 | RQ-ADAM-029 | RQ-ADAM-030 | RQ-ADAM-032,,,,,
adam_report_candidate_65424035ace13ef693c365d7,97719d941058649117cccb9b,SRC-TAFSIR-TABARI-ADAM,7798,shamela://local/5ac170a3045185ccf78e81ebd473cafb8069279b898836fd768c78de76a3d8e5/book/7798/volume/1/page/542?database_sha256=59b3debd44645d1e86afcdc276a7a43239ad3509581c303aa6bca23fc272e3f3&segment_id=722,AUTHORIAL_COMMENTARY_CANDIDATE,PRE_BOUNDARY_OR_NOT_APPLICABLE,,NO_ISNAD_PREFIX_DETECTED,1,EV-ADAM-040 | EV-ADAM-041 | EV-ADAM-042 | EV-ADAM-070 | EV-ADAM-071 | EV-ADAM-080 | EV-ADAM-081 | EV-ADAM-082 | EV-ADAM-090 | EV-ADAM-091 | EV-ADAM-099,RQ-ADAM-015 | RQ-ADAM-016 | RQ-ADAM-025 | RQ-ADAM-026 | RQ-ADAM-027 | RQ-ADAM-028 | RQ-ADAM-029 | RQ-ADAM-030 | RQ-ADAM-032,,,,,
adam_report_candidate_00ea42e9aaf7ee6e14e3a1ff,97719d941058649117cccb9b,SRC-TAFSIR-TABARI-ADAM,7798,shamela://local/5ac170a3045185ccf78e81ebd473cafb8069279b898836fd768c78de76a3d8e5/book/7798/volume/1/page/542?database_sha256=59b3debd44645d1e86afcdc276a7a43239ad3509581c303aa6bca23fc272e3f3&segment_id=722,AUTHORIAL_COMMENTARY_CANDIDATE,PRE_BOUNDARY_OR_NOT_APPLICABLE,,NO_ISNAD_PREFIX_DETECTED,1,EV-ADAM-040 | EV-ADAM-041 | EV-ADAM-042 | EV-ADAM-070 | EV-ADAM-071 | EV-ADAM-080 | EV-ADAM-081 | EV-ADAM-082 | EV-ADAM-090 | EV-ADAM-091 | EV-ADAM-099,RQ-ADAM-015 | RQ-ADAM-016 | RQ-ADAM-025 | RQ-ADAM-026 | RQ-ADAM-027 | RQ-ADAM-028 | RQ-ADAM-029 | RQ-ADAM-030 | RQ-ADAM-032,,,,,
adam_report_candidate_afbb4c59d57dc788f7a23872,97719d941058649117cccb9b,SRC-TAFSIR-TABARI-ADAM,7798,shamela://local/5ac170a3045185ccf78e81ebd473cafb8069279b898836fd768c78de76a3d8e5/book/7798/volume/1/page/543?database_sha256=59b3debd44645d1e86afcdc276a7a43239ad3509581c303aa6bca23fc272e3f3&segment_id=723,QURAN_EXEGESIS_CONTEXT_CANDIDATE,PRE_BOUNDARY_OR_NOT_APPLICABLE,,NO_ISNAD_PREFIX_DETECTED,0,EV-ADAM-040 | EV-ADAM-041 | EV-ADAM-042 | EV-ADAM-070 | EV-ADAM-071 | EV-ADAM-080 | EV-ADAM-081 | EV-ADAM-082 | EV-ADAM-090 | EV-ADAM-091 | EV-ADAM-099,RQ-ADAM-015 | RQ-ADAM-016 | RQ-ADAM-025 | RQ-ADAM-026 | RQ-ADAM-027 | RQ-ADAM-028 | RQ-ADAM-029 | RQ-ADAM-030 | RQ-ADAM-032,,,,,
adam_report_candidate_e2c050afc76f8b7530c004c8,97719d941058649117cccb9b,SRC-TAFSIR-TABARI-ADAM,7798,shamela://local/5ac170a3045185ccf78e81ebd473cafb8069279b898836fd768c78de76a3d8e5/book/7798/volume/1/page/543?database_sha256=59b3debd44645d1e86afcdc276a7a43239ad3509581c303aa6bca23fc272e3f3&segment_id=723,AUTHORIAL_COMMENTARY_CANDIDATE,PRE_BOUNDARY_OR_NOT_APPLICABLE,,NO_ISNAD_PREFIX_DETECTED,2,EV-ADAM-040 | EV-ADAM-041 | EV-ADAM-042 | EV-ADAM-070 | EV-ADAM-071 | EV-ADAM-080 | EV-ADAM-081 | EV-ADAM-082 | EV-ADAM-090 | EV-ADAM-091 | EV-ADAM-099,RQ-ADAM-015 | RQ-ADAM-016 | RQ-ADAM-025 | RQ-ADAM-026 | RQ-ADAM-027 | RQ-ADAM-028 | RQ-ADAM-029 | RQ-ADAM-030 | RQ-ADAM-032,,,,,
adam_report_candidate_994461e07f062b42abbf62ef,97719d941058649117cccb9b,SRC-TAFSIR-TABARI-ADAM,7798,shamela://local/5ac170a3045185ccf78e81ebd473cafb8069279b898836fd768c78de76a3d8e5/book/7798/volume/1/page/543?database_sha256=59b3debd44645d1e86afcdc276a7a43239ad3509581c303aa6bca23fc272e3f3&segment_id=723,EARLY_REPORT_CANDIDATE,PRE_BOUNDARY_OR_NOT_APPLICABLE,,CANDIDATE_PREFIX_EXTRACTED,7,EV-ADAM-040 | EV-ADAM-041 | EV-ADAM-042 | EV-ADAM-070 | EV-ADAM-071 | EV-ADAM-080 | EV-ADAM-081 | EV-ADAM-082 | EV-ADAM-090 | EV-ADAM-091 | EV-ADAM-099,RQ-ADAM-015 | RQ-ADAM-016 | RQ-ADAM-025 | RQ-ADAM-026 | RQ-ADAM-027 | RQ-ADAM-028 | RQ-ADAM-029 | RQ-ADAM-030 | RQ-ADAM-032,,,,,
adam_report_candidate_ca3ce4deaeb2db331d403f93,97719d941058649117cccb9b,SRC-TAFSIR-TABARI-ADAM,7798,shamela://local/5ac170a3045185ccf78e81ebd473cafb8069279b898836fd768c78de76a3d8e5/book/7798/volume/1/page/543?database_sha256=59b3debd44645d1e86afcdc276a7a43239ad3509581c303aa6bca23fc272e3f3&segment_id=723,AUTHORIAL_COMMENTARY_CANDIDATE,PRE_BOUNDARY_OR_NOT_APPLICABLE,,NO_ISNAD_PREFIX_DETECTED,1,EV-ADAM-040 | EV-ADAM-041 | EV-ADAM-042 | EV-ADAM-070 | EV-ADAM-071 | EV-ADAM-080 | EV-ADAM-081 | EV-ADAM-082 | EV-ADAM-090 | EV-ADAM-091 | EV-ADAM-099,RQ-ADAM-015 | RQ-ADAM-016 | RQ-ADAM-025 | RQ-ADAM-026 | RQ-ADAM-027 | RQ-ADAM-028 | RQ-ADAM-029 | RQ-ADAM-030 | RQ-ADAM-032,,,,,
adam_report_candidate_288ec2d10769a8dee051ad86,97719d941058649117cccb9b,SRC-TAFSIR-TABARI-ADAM,7798,shamela://local/5ac170a3045185ccf78e81ebd473cafb8069279b898836fd768c78de76a3d8e5/book/7798/volume/1/page/544?database_sha256=59b3debd44645d1e86afcdc276a7a43239ad3509581c303aa6bca23fc272e3f3&segment_id=724,QURAN_EXEGESIS_CONTEXT_CANDIDATE,PRE_BOUNDARY_OR_NOT_APPLICABLE,,NO_ISNAD_PREFIX_DETECTED,0,EV-ADAM-040 | EV-ADAM-041 | EV-ADAM-042 | EV-ADAM-070 | EV-ADAM-071 | EV-ADAM-080 | EV-ADAM-081 | EV-ADAM-082 | EV-ADAM-090 | EV-ADAM-091 | EV-ADAM-099,RQ-ADAM-015 | RQ-ADAM-016 | RQ-ADAM-025 | RQ-ADAM-026 | RQ-ADAM-027 | RQ-ADAM-028 | RQ-ADAM-029 | RQ-ADAM-030 | RQ-ADAM-032,,,,,
adam_report_candidate_2bef7e922c229cc242d85916,97719d941058649117cccb9b,SRC-TAFSIR-TABARI-ADAM,7798,shamela://local/5ac170a3045185ccf78e81ebd473cafb8069279b898836fd768c78de76a3d8e5/book/7798/volume/1/page/545?database_sha256=59b3debd44645d1e86afcdc276a7a43239ad3509581c303aa6bca23fc272e3f3&segment_id=725,QURAN_EXEGESIS_CONTEXT_CANDIDATE,PRE_BOUNDARY_OR_NOT_APPLICABLE,,NO_ISNAD_PREFIX_DETECTED,0,EV-ADAM-040 | EV-ADAM-041 | EV-ADAM-042 | EV-ADAM-070 | EV-ADAM-071 | EV-ADAM-080 | EV-ADAM-081 | EV-ADAM-082 | EV-ADAM-090 | EV-ADAM-091 | EV-ADAM-099,RQ-ADAM-015 | RQ-ADAM-016 | RQ-ADAM-025 | RQ-ADAM-026 | RQ-ADAM-027 | RQ-ADAM-028 | RQ-ADAM-029 | RQ-ADAM-030 | RQ-ADAM-032,,,,,
adam_report_candidate_0a1f6b98233d307b0da84e6c,97719d941058649117cccb9b,SRC-TAFSIR-TABARI-ADAM,7798,shamela://local/5ac170a3045185ccf78e81ebd473cafb8069279b898836fd768c78de76a3d8e5/book/7798/volume/1/page/546?database_sha256=59b3debd44645d1e86afcdc276a7a43239ad3509581c303aa6bca23fc272e3f3&segment_id=726,EARLY_REPORT_CANDIDATE,PRE_BOUNDARY_OR_NOT_APPLICABLE,,NO_ISNAD_PREFIX_DETECTED,2,EV-ADAM-040 | EV-ADAM-041 | EV-ADAM-042 | EV-ADAM-070 | EV-ADAM-071 | EV-ADAM-080 | EV-ADAM-081 | EV-ADAM-082 | EV-ADAM-090 | EV-ADAM-091 | EV-ADAM-099,RQ-ADAM-015 | RQ-ADAM-016 | RQ-ADAM-025 | RQ-ADAM-026 | RQ-ADAM-027 | RQ-ADAM-028 | RQ-ADAM-029 | RQ-ADAM-030 | RQ-ADAM-032,,,,,
adam_report_candidate_4851f562729c6dec2dc4fc92,97719d941058649117cccb9b,SRC-TAFSIR-TABARI-ADAM,7798,shamela://local/5ac170a3045185ccf78e81ebd473cafb8069279b898836fd768c78de76a3d8e5/book/7798/volume/1/page/546?database_sha256=59b3debd44645d1e86afcdc276a7a43239ad3509581c303aa6bca23fc272e3f3&segment_id=726,EARLY_REPORT_CANDIDATE,PRE_BOUNDARY_OR_NOT_APPLICABLE,,CANDIDATE_PREFIX_EXTRACTED,3,EV-ADAM-040 | EV-ADAM-041 | EV-ADAM-042 | EV-ADAM-070 | EV-ADAM-071 | EV-ADAM-080 | EV-ADAM-081 | EV-ADAM-082 | EV-ADAM-090 | EV-ADAM-091 | EV-ADAM-099,RQ-ADAM-015 | RQ-ADAM-016 | RQ-ADAM-025 | RQ-ADAM-026 | RQ-ADAM-027 | RQ-ADAM-028 | RQ-ADAM-029 | RQ-ADAM-030 | RQ-ADAM-032,,,,,
adam_report_candidate_3776d95a9dc25f9b2f4c835a,97719d941058649117cccb9b,SRC-TAFSIR-TABARI-ADAM,7798,shamela://local/5ac170a3045185ccf78e81ebd473cafb8069279b898836fd768c78de76a3d8e5/book/7798/volume/1/page/546?database_sha256=59b3debd44645d1e86afcdc276a7a43239ad3509581c303aa6bca23fc272e3f3&segment_id=726,EARLY_REPORT_CANDIDATE,PRE_BOUNDARY_OR_NOT_APPLICABLE,,CANDIDATE_PREFIX_EXTRACTED,5,EV-ADAM-040 | EV-ADAM-041 | EV-ADAM-042 | EV-ADAM-070 | EV-ADAM-071 | EV-ADAM-080 | EV-ADAM-081 | EV-ADAM-082 | EV-ADAM-090 | EV-ADAM-091 | EV-ADAM-099,RQ-ADAM-015 | RQ-ADAM-016 | RQ-ADAM-025 | RQ-ADAM-026 | RQ-ADAM-027 | RQ-ADAM-028 | RQ-ADAM-029 | RQ-ADAM-030 | RQ-ADAM-032,,,,,
adam_report_candidate_bab1064ff2412bb894a0b45f,97719d941058649117cccb9b,SRC-TAFSIR-TABARI-ADAM,7798,shamela://local/5ac170a3045185ccf78e81ebd473cafb8069279b898836fd768c78de76a3d8e5/book/7798/volume/1/page/547?database_sha256=59b3debd44645d1e86afcdc276a7a43239ad3509581c303aa6bca23fc272e3f3&segment_id=727,QURAN_EXEGESIS_CONTEXT_CANDIDATE,PRE_BOUNDARY_OR_NOT_APPLICABLE,,NO_ISNAD_PREFIX_DETECTED,0,EV-ADAM-040 | EV-ADAM-041 | EV-ADAM-042 | EV-ADAM-070 | EV-ADAM-071 | EV-ADAM-080 | EV-ADAM-081 | EV-ADAM-082 | EV-ADAM-090 | EV-ADAM-091 | EV-ADAM-099,RQ-ADAM-015 | RQ-ADAM-016 | RQ-ADAM-025 | RQ-ADAM-026 | RQ-ADAM-027 | RQ-ADAM-028 | RQ-ADAM-029 | RQ-ADAM-030 | RQ-ADAM-032,,,,,
adam_report_candidate_e0543ef9c1b1e10547b5acb1,97719d941058649117cccb9b,SRC-TAFSIR-TABARI-ADAM,7798,shamela://local/5ac170a3045185ccf78e81ebd473cafb8069279b898836fd768c78de76a3d8e5/book/7798/volume/1/page/547?database_sha256=59b3debd44645d1e86afcdc276a7a43239ad3509581c303aa6bca23fc272e3f3&segment_id=727,AUTHORIAL_COMMENTARY_CANDIDATE,MIXED_BOUNDARY_PRE_SECTION,,NO_ISNAD_PREFIX_DETECTED,1,EV-ADAM-040 | EV-ADAM-041 | EV-ADAM-042 | EV-ADAM-070 | EV-ADAM-071 | EV-ADAM-080 | EV-ADAM-081 | EV-ADAM-082 | EV-ADAM-090 | EV-ADAM-091 | EV-ADAM-099,RQ-ADAM-015 | RQ-ADAM-016 | RQ-ADAM-025 | RQ-ADAM-026 | RQ-ADAM-027 | RQ-ADAM-028 | RQ-ADAM-029 | RQ-ADAM-030 | RQ-ADAM-032,,,,,
adam_report_candidate_8fa3afd020cdec95f5d13fa5,69606a01829c587de9b3a1ae,SRC-TAFSIR-TABARI-ADAM,7798,shamela://local/5ac170a3045185ccf78e81ebd473cafb8069279b898836fd768c78de76a3d8e5/book/7798/volume/20/page/141?database_sha256=59b3debd44645d1e86afcdc276a7a43239ad3509581c303aa6bca23fc272e3f3&segment_id=13539,EARLY_REPORT_CANDIDATE,PRE_BOUNDARY_OR_NOT_APPLICABLE,,NO_ISNAD_PREFIX_DETECTED,1,,,,,,,
adam_report_candidate_dfa4a14018ce5c64e3bf5388,69606a01829c587de9b3a1ae,SRC-TAFSIR-TABARI-ADAM,7798,shamela://local/5ac170a3045185ccf78e81ebd473cafb8069279b898836fd768c78de76a3d8e5/book/7798/volume/20/page/141?database_sha256=59b3debd44645d1e86afcdc276a7a43239ad3509581c303aa6bca23fc272e3f3&segment_id=13539,EARLY_REPORT_CANDIDATE,PRE_BOUNDARY_OR_NOT_APPLICABLE,,CANDIDATE_PREFIX_EXTRACTED,4,,,,,,,
adam_report_candidate_79d984a5c423f8e1ba405afc,69606a01829c587de9b3a1ae,SRC-TAFSIR-TABARI-ADAM,7798,shamela://local/5ac170a3045185ccf78e81ebd473cafb8069279b898836fd768c78de76a3d8e5/book/7798/volume/20/page/141?database_sha256=59b3debd44645d1e86afcdc276a7a43239ad3509581c303aa6bca23fc272e3f3&segment_id=13539,EARLY_REPORT_CANDIDATE,PRE_BOUNDARY_OR_NOT_APPLICABLE,,CANDIDATE_PREFIX_EXTRACTED,2,,,,,,,
adam_report_candidate_ba0fd8d5d9ffec0c91469a1f,69606a01829c587de9b3a1ae,SRC-TAFSIR-TABARI-ADAM,7798,shamela://local/5ac170a3045185ccf78e81ebd473cafb8069279b898836fd768c78de76a3d8e5/book/7798/volume/20/page/142?database_sha256=59b3debd44645d1e86afcdc276a7a43239ad3509581c303aa6bca23fc272e3f3&segment_id=13540,UNCLASSIFIED_SOURCE_PASSAGE_CANDIDATE,PRE_BOUNDARY_OR_NOT_APPLICABLE,,NO_ISNAD_PREFIX_DETECTED,0,,,,,,,
adam_report_candidate_e3104a3a09c8d633df698e67,69606a01829c587de9b3a1ae,SRC-TAFSIR-TABARI-ADAM,7798,shamela://local/5ac170a3045185ccf78e81ebd473cafb8069279b898836fd768c78de76a3d8e5/book/7798/volume/20/page/142?database_sha256=59b3debd44645d1e86afcdc276a7a43239ad3509581c303aa6bca23fc272e3f3&segment_id=13540,EARLY_REPORT_CANDIDATE,PRE_BOUNDARY_OR_NOT_APPLICABLE,,CANDIDATE_PREFIX_EXTRACTED,4,,,,,,,
adam_report_candidate_651a8c26c6b3c862d4175101,69606a01829c587de9b3a1ae,SRC-TAFSIR-TABARI-ADAM,7798,shamela://local/5ac170a3045185ccf78e81ebd473cafb8069279b898836fd768c78de76a3d8e5/book/7798/volume/20/page/142?database_sha256=59b3debd44645d1e86afcdc276a7a43239ad3509581c303aa6bca23fc272e3f3&segment_id=13540,EARLY_REPORT_CANDIDATE,PRE_BOUNDARY_OR_NOT_APPLICABLE,,CANDIDATE_PREFIX_EXTRACTED,3,,,,,,,
adam_report_candidate_3b6c9416aa6c448f71d21e1b,69606a01829c587de9b3a1ae,SRC-TAFSIR-TABARI-ADAM,7798,shamela://local/5ac170a3045185ccf78e81ebd473cafb8069279b898836fd768c78de76a3d8e5/book/7798/volume/20/page/142?database_sha256=59b3debd44645d1e86afcdc276a7a43239ad3509581c303aa6bca23fc272e3f3&segment_id=13540,EARLY_REPORT_CANDIDATE,PRE_BOUNDARY_OR_NOT_APPLICABLE,,CANDIDATE_PREFIX_EXTRACTED,2,,,,,,,
adam_report_candidate_4228e85e449dfa0cc438c8ff,69606a01829c587de9b3a1ae,SRC-TAFSIR-TABARI-ADAM,7798,shamela://local/5ac170a3045185ccf78e81ebd473cafb8069279b898836fd768c78de76a3d8e5/book/7798/volume/20/page/143?database_sha256=59b3debd44645d1e86afcdc276a7a43239ad3509581c303aa6bca23fc272e3f3&segment_id=13541,QURAN_EXEGESIS_CONTEXT_CANDIDATE,PRE_BOUNDARY_OR_NOT_APPLICABLE,,NO_ISNAD_PREFIX_DETECTED,0,,,,,,,
adam_report_candidate_ffe38c837b74cd45f6600f02,69606a01829c587de9b3a1ae,SRC-TAFSIR-TABARI-ADAM,7798,shamela://local/5ac170a3045185ccf78e81ebd473cafb8069279b898836fd768c78de76a3d8e5/book/7798/volume/20/page/144?database_sha256=59b3debd44645d1e86afcdc276a7a43239ad3509581c303aa6bca23fc272e3f3&segment_id=13542,QURAN_EXEGESIS_CONTEXT_CANDIDATE,PRE_BOUNDARY_OR_NOT_APPLICABLE,,NO_ISNAD_PREFIX_DETECTED,0,,,,,,,
adam_report_candidate_4d6446fb9e0f0b6d5a0882b8,69606a01829c587de9b3a1ae,SRC-TAFSIR-TABARI-ADAM,7798,shamela://local/5ac170a3045185ccf78e81ebd473cafb8069279b898836fd768c78de76a3d8e5/book/7798/volume/20/page/144?database_sha256=59b3debd44645d1e86afcdc276a7a43239ad3509581c303aa6bca23fc272e3f3&segment_id=13542,EARLY_REPORT_CANDIDATE,PRE_BOUNDARY_OR_NOT_APPLICABLE,,NO_ISNAD_PREFIX_DETECTED,2,,,,,,,
adam_report_candidate_e03bbb6bffdd9ccf109f7015,69606a01829c587de9b3a1ae,SRC-TAFSIR-TABARI-ADAM,7798,shamela://local/5ac170a3045185ccf78e81ebd473cafb8069279b898836fd768c78de76a3d8e5/book/7798/volume/20/page/145?database_sha256=59b3debd44645d1e86afcdc276a7a43239ad3509581c303aa6bca23fc272e3f3&segment_id=13543,EARLY_REPORT_CANDIDATE,PRE_BOUNDARY_OR_NOT_APPLICABLE,,NO_ISNAD_PREFIX_DETECTED,5,,,,,,,
adam_report_candidate_cd8758964b2f915675dfd39f,69606a01829c587de9b3a1ae,SRC-TAFSIR-TABARI-ADAM,7798,shamela://local/5ac170a3045185ccf78e81ebd473cafb8069279b898836fd768c78de76a3d8e5/book/7798/volume/20/page/145?database_sha256=59b3debd44645d1e86afcdc276a7a43239ad3509581c303aa6bca23fc272e3f3&segment_id=13543,EARLY_REPORT_CANDIDATE,PRE_BOUNDARY_OR_NOT_APPLICABLE,,CANDIDATE_PREFIX_EXTRACTED,3,,,,,,,
adam_report_candidate_f353b76da707160fc187efaf,69606a01829c587de9b3a1ae,SRC-TAFSIR-TABARI-ADAM,7798,shamela://local/5ac170a3045185ccf78e81ebd473cafb8069279b898836fd768c78de76a3d8e5/book/7798/volume/20/page/146?database_sha256=59b3debd44645d1e86afcdc276a7a43239ad3509581c303aa6bca23fc272e3f3&segment_id=13544,EARLY_REPORT_CANDIDATE,PRE_BOUNDARY_OR_NOT_APPLICABLE,,NO_ISNAD_PREFIX_DETECTED,3,,,,,,,
adam_report_candidate_6e4c91a081167dd4fada9f83,69606a01829c587de9b3a1ae,SRC-TAFSIR-TABARI-ADAM,7798,shamela://local/5ac170a3045185ccf78e81ebd473cafb8069279b898836fd768c78de76a3d8e5/book/7798/volume/20/page/147?database_sha256=59b3debd44645d1e86afcdc276a7a43239ad3509581c303aa6bca23fc272e3f3&segment_id=13545,EARLY_REPORT_CANDIDATE,PRE_BOUNDARY_OR_NOT_APPLICABLE,,NO_ISNAD_PREFIX_DETECTED,5,,,,,,,
adam_report_candidate_c80b97f057f1a0141e6ebf41,69606a01829c587de9b3a1ae,SRC-TAFSIR-TABARI-ADAM,7798,shamela://local/5ac170a3045185ccf78e81ebd473cafb8069279b898836fd768c78de76a3d8e5/book/7798/volume/20/page/148?database_sha256=59b3debd44645d1e86afcdc276a7a43239ad3509581c303aa6bca23fc272e3f3&segment_id=13546,PROPHETIC_HADITH_CANDIDATE,PRE_BOUNDARY_OR_NOT_APPLICABLE,,CANDIDATE_PREFIX_EXTRACTED,2,,,,,,,
adam_report_candidate_176579aed2f3095f8875ad4d,77c665c37c70ab8fdc300f09,SRC-TAFSIR-TABARI-ADAM,7798,shamela://local/5ac170a3045185ccf78e81ebd473cafb8069279b898836fd768c78de76a3d8e5/book/7798/volume/1/page/527?database_sha256=59b3debd44645d1e86afcdc276a7a43239ad3509581c303aa6bca23fc272e3f3&segment_id=707,AUTHORIAL_COMMENTARY_CANDIDATE,PRE_BOUNDARY_OR_NOT_APPLICABLE,,NO_ISNAD_PREFIX_DETECTED,1,EV-ADAM-040 | EV-ADAM-041 | EV-ADAM-042 | EV-ADAM-050 | EV-ADAM-051 | EV-ADAM-052 | EV-ADAM-053 | EV-ADAM-054 | EV-ADAM-055,RQ-ADAM-015 | RQ-ADAM-016 | RQ-ADAM-017 | RQ-ADAM-018 | RQ-ADAM-019 | RQ-ADAM-020,,,,,
adam_report_candidate_7e71cb95166bf2b86eb33637,77c665c37c70ab8fdc300f09,SRC-TAFSIR-TABARI-ADAM,7798,shamela://local/5ac170a3045185ccf78e81ebd473cafb8069279b898836fd768c78de76a3d8e5/book/7798/volume/1/page/528?database_sha256=59b3debd44645d1e86afcdc276a7a43239ad3509581c303aa6bca23fc272e3f3&segment_id=708,EARLY_REPORT_CANDIDATE,PRE_BOUNDARY_OR_NOT_APPLICABLE,,NO_ISNAD_PREFIX_DETECTED,1,EV-ADAM-040 | EV-ADAM-041 | EV-ADAM-042 | EV-ADAM-050 | EV-ADAM-051 | EV-ADAM-052 | EV-ADAM-053 | EV-ADAM-054 | EV-ADAM-055,RQ-ADAM-015 | RQ-ADAM-016 | RQ-ADAM-017 | RQ-ADAM-018 | RQ-ADAM-019 | RQ-ADAM-020,,,,,
adam_report_candidate_c9aabdc5efa7924625456a66,77c665c37c70ab8fdc300f09,SRC-TAFSIR-TABARI-ADAM,7798,shamela://local/5ac170a3045185ccf78e81ebd473cafb8069279b898836fd768c78de76a3d8e5/book/7798/volume/1/page/528?database_sha256=59b3debd44645d1e86afcdc276a7a43239ad3509581c303aa6bca23fc272e3f3&segment_id=708,EARLY_REPORT_CANDIDATE,PRE_BOUNDARY_OR_NOT_APPLICABLE,,CANDIDATE_PREFIX_EXTRACTED,4,EV-ADAM-040 | EV-ADAM-041 | EV-ADAM-042 | EV-ADAM-050 | EV-ADAM-051 | EV-ADAM-052 | EV-ADAM-053 | EV-ADAM-054 | EV-ADAM-055,RQ-ADAM-015 | RQ-ADAM-016 | RQ-ADAM-017 | RQ-ADAM-018 | RQ-ADAM-019 | RQ-ADAM-020,,,,,
adam_report_candidate_c8afe6a638dd4228a5ff80bc,77c665c37c70ab8fdc300f09,SRC-TAFSIR-TABARI-ADAM,7798,shamela://local/5ac170a3045185ccf78e81ebd473cafb8069279b898836fd768c78de76a3d8e5/book/7798/volume/1/page/529?database_sha256=59b3debd44645d1e86afcdc276a7a43239ad3509581c303aa6bca23fc272e3f3&segment_id=709,EARLY_REPORT_CANDIDATE,PRE_BOUNDARY_OR_NOT_APPLICABLE,,NO_ISNAD_PREFIX_DETECTED,1,EV-ADAM-040 | EV-ADAM-041 | EV-ADAM-042 | EV-ADAM-050 | EV-ADAM-051 | EV-ADAM-052 | EV-ADAM-053 | EV-ADAM-054 | EV-ADAM-055,RQ-ADAM-015 | RQ-ADAM-016 | RQ-ADAM-017 | RQ-ADAM-018 | RQ-ADAM-019 | RQ-ADAM-020,,,,,
adam_report_candidate_fe63de60dd0f6e174f4b09a8,77c665c37c70ab8fdc300f09,SRC-TAFSIR-TABARI-ADAM,7798,shamela://local/5ac170a3045185ccf78e81ebd473cafb8069279b898836fd768c78de76a3d8e5/book/7798/volume/1/page/529?database_sha256=59b3debd44645d1e86afcdc276a7a43239ad3509581c303aa6bca23fc272e3f3&segment_id=709,EARLY_REPORT_CANDIDATE,PRE_BOUNDARY_OR_NOT_APPLICABLE,,CANDIDATE_PREFIX_EXTRACTED,3,EV-ADAM-040 | EV-ADAM-041 | EV-ADAM-042 | EV-ADAM-050 | EV-ADAM-051 | EV-ADAM-052 | EV-ADAM-053 | EV-ADAM-054 | EV-ADAM-055,RQ-ADAM-015 | RQ-ADAM-016 | RQ-ADAM-017 | RQ-ADAM-018 | RQ-ADAM-019 | RQ-ADAM-020,,,,,
adam_report_candidate_6fb37ef78c5f5448d67a8d6e,77c665c37c70ab8fdc300f09,SRC-TAFSIR-TABARI-ADAM,7798,shamela://local/5ac170a3045185ccf78e81ebd473cafb8069279b898836fd768c78de76a3d8e5/book/7798/volume/1/page/529?database_sha256=59b3debd44645d1e86afcdc276a7a43239ad3509581c303aa6bca23fc272e3f3&segment_id=709,AUTHORIAL_COMMENTARY_CANDIDATE,PRE_BOUNDARY_OR_NOT_APPLICABLE,,NO_ISNAD_PREFIX_DETECTED,1,EV-ADAM-040 | EV-ADAM-041 | EV-ADAM-042 | EV-ADAM-050 | EV-ADAM-051 | EV-ADAM-052 | EV-ADAM-053 | EV-ADAM-054 | EV-ADAM-055,RQ-ADAM-015 | RQ-ADAM-016 | RQ-ADAM-017 | RQ-ADAM-018 | RQ-ADAM-019 | RQ-ADAM-020,,,,,
adam_report_candidate_9a1b1bef002a255bf942632c,77c665c37c70ab8fdc300f09,SRC-TAFSIR-TABARI-ADAM,7798,shamela://local/5ac170a3045185ccf78e81ebd473cafb8069279b898836fd768c78de76a3d8e5/book/7798/volume/1/page/530?database_sha256=59b3debd44645d1e86afcdc276a7a43239ad3509581c303aa6bca23fc272e3f3&segment_id=710,EARLY_REPORT_CANDIDATE,PRE_BOUNDARY_OR_NOT_APPLICABLE,,NO_ISNAD_PREFIX_DETECTED,1,EV-ADAM-040 | EV-ADAM-041 | EV-ADAM-042 | EV-ADAM-050 | EV-ADAM-051 | EV-ADAM-052 | EV-ADAM-053 | EV-ADAM-054 | EV-ADAM-055,RQ-ADAM-015 | RQ-ADAM-016 | RQ-ADAM-017 | RQ-ADAM-018 | RQ-ADAM-019 | RQ-ADAM-020,,,,,
adam_report_candidate_8edc98132405e1c1b5b99e3e,77c665c37c70ab8fdc300f09,SRC-TAFSIR-TABARI-ADAM,7798,shamela://local/5ac170a3045185ccf78e81ebd473cafb8069279b898836fd768c78de76a3d8e5/book/7798/volume/1/page/530?database_sha256=59b3debd44645d1e86afcdc276a7a43239ad3509581c303aa6bca23fc272e3f3&segment_id=710,EARLY_REPORT_CANDIDATE,PRE_BOUNDARY_OR_NOT_APPLICABLE,WAHB_IBN_MUNABBIH,CANDIDATE_PREFIX_EXTRACTED,6,EV-ADAM-040 | EV-ADAM-041 | EV-ADAM-042 | EV-ADAM-050 | EV-ADAM-051 | EV-ADAM-052 | EV-ADAM-053 | EV-ADAM-054 | EV-ADAM-055,RQ-ADAM-015 | RQ-ADAM-016 | RQ-ADAM-017 | RQ-ADAM-018 | RQ-ADAM-019 | RQ-ADAM-020,,,,,
adam_report_candidate_a5fb9f28ecfc1931f76ebfdf,77c665c37c70ab8fdc300f09,SRC-TAFSIR-TABARI-ADAM,7798,shamela://local/5ac170a3045185ccf78e81ebd473cafb8069279b898836fd768c78de76a3d8e5/book/7798/volume/1/page/531?database_sha256=59b3debd44645d1e86afcdc276a7a43239ad3509581c303aa6bca23fc272e3f3&segment_id=711,EARLY_REPORT_CANDIDATE,PRE_BOUNDARY_OR_NOT_APPLICABLE,,NO_ISNAD_PREFIX_DETECTED,1,EV-ADAM-040 | EV-ADAM-041 | EV-ADAM-042 | EV-ADAM-050 | EV-ADAM-051 | EV-ADAM-052 | EV-ADAM-053 | EV-ADAM-054 | EV-ADAM-055,RQ-ADAM-015 | RQ-ADAM-016 | RQ-ADAM-017 | RQ-ADAM-018 | RQ-ADAM-019 | RQ-ADAM-020,,,,,
adam_report_candidate_2cf40b136cf73b09629743fc,77c665c37c70ab8fdc300f09,SRC-TAFSIR-TABARI-ADAM,7798,shamela://local/5ac170a3045185ccf78e81ebd473cafb8069279b898836fd768c78de76a3d8e5/book/7798/volume/1/page/531?database_sha256=59b3debd44645d1e86afcdc276a7a43239ad3509581c303aa6bca23fc272e3f3&segment_id=711,EARLY_REPORT_CANDIDATE,PRE_BOUNDARY_OR_NOT_APPLICABLE,,CANDIDATE_PREFIX_EXTRACTED,5,EV-ADAM-040 | EV-ADAM-041 | EV-ADAM-042 | EV-ADAM-050 | EV-ADAM-051 | EV-ADAM-052 | EV-ADAM-053 | EV-ADAM-054 | EV-ADAM-055,RQ-ADAM-015 | RQ-ADAM-016 | RQ-ADAM-017 | RQ-ADAM-018 | RQ-ADAM-019 | RQ-ADAM-020,,,,,
adam_report_candidate_e6f11775d619ab920940f0de,77c665c37c70ab8fdc300f09,SRC-TAFSIR-TABARI-ADAM,7798,shamela://local/5ac170a3045185ccf78e81ebd473cafb8069279b898836fd768c78de76a3d8e5/book/7798/volume/1/page/531?database_sha256=59b3debd44645d1e86afcdc276a7a43239ad3509581c303aa6bca23fc272e3f3&segment_id=711,EARLY_REPORT_CANDIDATE,PRE_BOUNDARY_OR_NOT_APPLICABLE,,CANDIDATE_PREFIX_EXTRACTED,4,EV-ADAM-040 | EV-ADAM-041 | EV-ADAM-042 | EV-ADAM-050 | EV-ADAM-051 | EV-ADAM-052 | EV-ADAM-053 | EV-ADAM-054 | EV-ADAM-055,RQ-ADAM-015 | RQ-ADAM-016 | RQ-ADAM-017 | RQ-ADAM-018 | RQ-ADAM-019 | RQ-ADAM-020,,,,,
adam_report_candidate_d17158a9ed3a509fa77cebd7,77c665c37c70ab8fdc300f09,SRC-TAFSIR-TABARI-ADAM,7798,shamela://local/5ac170a3045185ccf78e81ebd473cafb8069279b898836fd768c78de76a3d8e5/book/7798/volume/1/page/532?database_sha256=59b3debd44645d1e86afcdc276a7a43239ad3509581c303aa6bca23fc272e3f3&segment_id=712,EARLY_REPORT_CANDIDATE,PRE_BOUNDARY_OR_NOT_APPLICABLE,,CANDIDATE_PREFIX_EXTRACTED,2,EV-ADAM-040 | EV-ADAM-041 | EV-ADAM-042 | EV-ADAM-050 | EV-ADAM-051 | EV-ADAM-052 | EV-ADAM-053 | EV-ADAM-054 | EV-ADAM-055,RQ-ADAM-015 | RQ-ADAM-016 | RQ-ADAM-017 | RQ-ADAM-018 | RQ-ADAM-019 | RQ-ADAM-020,,,,,
adam_report_candidate_01291a98f660c71ab503e0e6,77c665c37c70ab8fdc300f09,SRC-TAFSIR-TABARI-ADAM,7798,shamela://local/5ac170a3045185ccf78e81ebd473cafb8069279b898836fd768c78de76a3d8e5/book/7798/volume/1/page/532?database_sha256=59b3debd44645d1e86afcdc276a7a43239ad3509581c303aa6bca23fc272e3f3&segment_id=712,EARLY_REPORT_CANDIDATE,PRE_BOUNDARY_OR_NOT_APPLICABLE,,CANDIDATE_PREFIX_EXTRACTED,4,EV-ADAM-040 | EV-ADAM-041 | EV-ADAM-042 | EV-ADAM-050 | EV-ADAM-051 | EV-ADAM-052 | EV-ADAM-053 | EV-ADAM-054 | EV-ADAM-055,RQ-ADAM-015 | RQ-ADAM-016 | RQ-ADAM-017 | RQ-ADAM-018 | RQ-ADAM-019 | RQ-ADAM-020,,,,,
adam_report_candidate_bb19756ae1f46d0c9a2d90c3,77c665c37c70ab8fdc300f09,SRC-TAFSIR-TABARI-ADAM,7798,shamela://local/5ac170a3045185ccf78e81ebd473cafb8069279b898836fd768c78de76a3d8e5/book/7798/volume/1/page/532?database_sha256=59b3debd44645d1e86afcdc276a7a43239ad3509581c303aa6bca23fc272e3f3&segment_id=712,EARLY_REPORT_CANDIDATE,PRE_BOUNDARY_OR_NOT_APPLICABLE,,CANDIDATE_PREFIX_EXTRACTED,2,EV-ADAM-040 | EV-ADAM-041 | EV-ADAM-042 | EV-ADAM-050 | EV-ADAM-051 | EV-ADAM-052 | EV-ADAM-053 | EV-ADAM-054 | EV-ADAM-055,RQ-ADAM-015 | RQ-ADAM-016 | RQ-ADAM-017 | RQ-ADAM-018 | RQ-ADAM-019 | RQ-ADAM-020,,,,,
adam_report_candidate_5a72fb0578a1d476d589e442,77c665c37c70ab8fdc300f09,SRC-TAFSIR-TABARI-ADAM,7798,shamela://local/5ac170a3045185ccf78e81ebd473cafb8069279b898836fd768c78de76a3d8e5/book/7798/volume/1/page/532?database_sha256=59b3debd44645d1e86afcdc276a7a43239ad3509581c303aa6bca23fc272e3f3&segment_id=712,EARLY_REPORT_CANDIDATE,PRE_BOUNDARY_OR_NOT_APPLICABLE,,CANDIDATE_PREFIX_EXTRACTED,3,EV-ADAM-040 | EV-ADAM-041 | EV-ADAM-042 | EV-ADAM-050 | EV-ADAM-051 | EV-ADAM-052 | EV-ADAM-053 | EV-ADAM-054 | EV-ADAM-055,RQ-ADAM-015 | RQ-ADAM-016 | RQ-ADAM-017 | RQ-ADAM-018 | RQ-ADAM-019 | RQ-ADAM-020,,,,,
adam_report_candidate_5d5fc43ac98bfefdefdbb76a,77c665c37c70ab8fdc300f09,SRC-TAFSIR-TABARI-ADAM,7798,shamela://local/5ac170a3045185ccf78e81ebd473cafb8069279b898836fd768c78de76a3d8e5/book/7798/volume/1/page/532?database_sha256=59b3debd44645d1e86afcdc276a7a43239ad3509581c303aa6bca23fc272e3f3&segment_id=712,EARLY_REPORT_CANDIDATE,PRE_BOUNDARY_OR_NOT_APPLICABLE,,CANDIDATE_PREFIX_EXTRACTED,2,EV-ADAM-040 | EV-ADAM-041 | EV-ADAM-042 | EV-ADAM-050 | EV-ADAM-051 | EV-ADAM-052 | EV-ADAM-053 | EV-ADAM-054 | EV-ADAM-055,RQ-ADAM-015 | RQ-ADAM-016 | RQ-ADAM-017 | RQ-ADAM-018 | RQ-ADAM-019 | RQ-ADAM-020,,,,,
adam_report_candidate_2f46f60596487d06b4babbf5,77c665c37c70ab8fdc300f09,SRC-TAFSIR-TABARI-ADAM,7798,shamela://local/5ac170a3045185ccf78e81ebd473cafb8069279b898836fd768c78de76a3d8e5/book/7798/volume/1/page/533?database_sha256=59b3debd44645d1e86afcdc276a7a43239ad3509581c303aa6bca23fc272e3f3&segment_id=713,EARLY_REPORT_CANDIDATE,PRE_BOUNDARY_OR_NOT_APPLICABLE,,NO_ISNAD_PREFIX_DETECTED,1,EV-ADAM-040 | EV-ADAM-041 | EV-ADAM-042 | EV-ADAM-050 | EV-ADAM-051 | EV-ADAM-052 | EV-ADAM-053 | EV-ADAM-054 | EV-ADAM-055,RQ-ADAM-015 | RQ-ADAM-016 | RQ-ADAM-017 | RQ-ADAM-018 | RQ-ADAM-019 | RQ-ADAM-020,,,,,
adam_report_candidate_0fcc1bc6caafead4c3100374,77c665c37c70ab8fdc300f09,SRC-TAFSIR-TABARI-ADAM,7798,shamela://local/5ac170a3045185ccf78e81ebd473cafb8069279b898836fd768c78de76a3d8e5/book/7798/volume/1/page/533?database_sha256=59b3debd44645d1e86afcdc276a7a43239ad3509581c303aa6bca23fc272e3f3&segment_id=713,EARLY_REPORT_CANDIDATE,PRE_BOUNDARY_OR_NOT_APPLICABLE,,CANDIDATE_PREFIX_EXTRACTED,3,EV-ADAM-040 | EV-ADAM-041 | EV-ADAM-042 | EV-ADAM-050 | EV-ADAM-051 | EV-ADAM-052 | EV-ADAM-053 | EV-ADAM-054 | EV-ADAM-055,RQ-ADAM-015 | RQ-ADAM-016 | RQ-ADAM-017 | RQ-ADAM-018 | RQ-ADAM-019 | RQ-ADAM-020,,,,,
adam_report_candidate_092e0bdbe11dc39449ec50bc,77c665c37c70ab8fdc300f09,SRC-TAFSIR-TABARI-ADAM,7798,shamela://local/5ac170a3045185ccf78e81ebd473cafb8069279b898836fd768c78de76a3d8e5/book/7798/volume/1/page/533?database_sha256=59b3debd44645d1e86afcdc276a7a43239ad3509581c303aa6bca23fc272e3f3&segment_id=713,AUTHORIAL_COMMENTARY_CANDIDATE,PRE_BOUNDARY_OR_NOT_APPLICABLE,,NO_ISNAD_PREFIX_DETECTED,1,EV-ADAM-040 | EV-ADAM-041 | EV-ADAM-042 | EV-ADAM-050 | EV-ADAM-051 | EV-ADAM-052 | EV-ADAM-053 | EV-ADAM-054 | EV-ADAM-055,RQ-ADAM-015 | RQ-ADAM-016 | RQ-ADAM-017 | RQ-ADAM-018 | RQ-ADAM-019 | RQ-ADAM-020,,,,,
adam_report_candidate_18a86a80228d0351f5b8ba06,77c665c37c70ab8fdc300f09,SRC-TAFSIR-TABARI-ADAM,7798,shamela://local/5ac170a3045185ccf78e81ebd473cafb8069279b898836fd768c78de76a3d8e5/book/7798/volume/1/page/534?database_sha256=59b3debd44645d1e86afcdc276a7a43239ad3509581c303aa6bca23fc272e3f3&segment_id=714,QURAN_EXEGESIS_CONTEXT_CANDIDATE,PRE_BOUNDARY_OR_NOT_APPLICABLE,,NO_ISNAD_PREFIX_DETECTED,0,EV-ADAM-040 | EV-ADAM-041 | EV-ADAM-042 | EV-ADAM-050 | EV-ADAM-051 | EV-ADAM-052 | EV-ADAM-053 | EV-ADAM-054 | EV-ADAM-055,RQ-ADAM-015 | RQ-ADAM-016 | RQ-ADAM-017 | RQ-ADAM-018 | RQ-ADAM-019 | RQ-ADAM-020,,,,,
adam_report_candidate_0d3f1322b96a5817c056519d,77c665c37c70ab8fdc300f09,SRC-TAFSIR-TABARI-ADAM,7798,shamela://local/5ac170a3045185ccf78e81ebd473cafb8069279b898836fd768c78de76a3d8e5/book/7798/volume/1/page/534?database_sha256=59b3debd44645d1e86afcdc276a7a43239ad3509581c303aa6bca23fc272e3f3&segment_id=714,UNCLASSIFIED_SOURCE_PASSAGE_CANDIDATE,PRE_BOUNDARY_OR_NOT_APPLICABLE,,NO_ISNAD_PREFIX_DETECTED,0,EV-ADAM-040 | EV-ADAM-041 | EV-ADAM-042 | EV-ADAM-050 | EV-ADAM-051 | EV-ADAM-052 | EV-ADAM-053 | EV-ADAM-054 | EV-ADAM-055,RQ-ADAM-015 | RQ-ADAM-016 | RQ-ADAM-017 | RQ-ADAM-018 | RQ-ADAM-019 | RQ-ADAM-020,,,,,
adam_report_candidate_57956571674b09aceae3370b,77c665c37c70ab8fdc300f09,SRC-TAFSIR-TABARI-ADAM,7798,shamela://local/5ac170a3045185ccf78e81ebd473cafb8069279b898836fd768c78de76a3d8e5/book/7798/volume/1/page/535?database_sha256=59b3debd44645d1e86afcdc276a7a43239ad3509581c303aa6bca23fc272e3f3&segment_id=715,UNCLASSIFIED_SOURCE_PASSAGE_CANDIDATE,PRE_BOUNDARY_OR_NOT_APPLICABLE,,NO_ISNAD_PREFIX_DETECTED,0,EV-ADAM-040 | EV-ADAM-041 | EV-ADAM-042 | EV-ADAM-050 | EV-ADAM-051 | EV-ADAM-052 | EV-ADAM-053 | EV-ADAM-054 | EV-ADAM-055,RQ-ADAM-015 | RQ-ADAM-016 | RQ-ADAM-017 | RQ-ADAM-018 | RQ-ADAM-019 | RQ-ADAM-020,,,,,
adam_report_candidate_4f441a33ffe89d942cbdceea,77c665c37c70ab8fdc300f09,SRC-TAFSIR-TABARI-ADAM,7798,shamela://local/5ac170a3045185ccf78e81ebd473cafb8069279b898836fd768c78de76a3d8e5/book/7798/volume/1/page/535?database_sha256=59b3debd44645d1e86afcdc276a7a43239ad3509581c303aa6bca23fc272e3f3&segment_id=715,AUTHORIAL_COMMENTARY_CANDIDATE,PRE_BOUNDARY_OR_NOT_APPLICABLE,,NO_ISNAD_PREFIX_DETECTED,2,EV-ADAM-040 | EV-ADAM-041 | EV-ADAM-042 | EV-ADAM-050 | EV-ADAM-051 | EV-ADAM-052 | EV-ADAM-053 | EV-ADAM-054 | EV-ADAM-055,RQ-ADAM-015 | RQ-ADAM-016 | RQ-ADAM-017 | RQ-ADAM-018 | RQ-ADAM-019 | RQ-ADAM-020,,,,,
adam_report_candidate_6cafd53d64d8cdd8d13e119e,77c665c37c70ab8fdc300f09,SRC-TAFSIR-TABARI-ADAM,7798,shamela://local/5ac170a3045185ccf78e81ebd473cafb8069279b898836fd768c78de76a3d8e5/book/7798/volume/1/page/535?database_sha256=59b3debd44645d1e86afcdc276a7a43239ad3509581c303aa6bca23fc272e3f3&segment_id=715,EARLY_REPORT_CANDIDATE,PRE_BOUNDARY_OR_NOT_APPLICABLE,,CANDIDATE_PREFIX_EXTRACTED,4,EV-ADAM-040 | EV-ADAM-041 | EV-ADAM-042 | EV-ADAM-050 | EV-ADAM-051 | EV-ADAM-052 | EV-ADAM-053 | EV-ADAM-054 | EV-ADAM-055,RQ-ADAM-015 | RQ-ADAM-016 | RQ-ADAM-017 | RQ-ADAM-018 | RQ-ADAM-019 | RQ-ADAM-020,,,,,
adam_report_candidate_b59af80426ad553a639ae756,77c665c37c70ab8fdc300f09,SRC-TAFSIR-TABARI-ADAM,7798,shamela://local/5ac170a3045185ccf78e81ebd473cafb8069279b898836fd768c78de76a3d8e5/book/7798/volume/1/page/536?database_sha256=59b3debd44645d1e86afcdc276a7a43239ad3509581c303aa6bca23fc272e3f3&segment_id=716,EARLY_REPORT_CANDIDATE,PRE_BOUNDARY_OR_NOT_APPLICABLE,,CANDIDATE_PREFIX_EXTRACTED,5,EV-ADAM-040 | EV-ADAM-041 | EV-ADAM-042 | EV-ADAM-050 | EV-ADAM-051 | EV-ADAM-052 | EV-ADAM-053 | EV-ADAM-054 | EV-ADAM-055,RQ-ADAM-015 | RQ-ADAM-016 | RQ-ADAM-017 | RQ-ADAM-018 | RQ-ADAM-019 | RQ-ADAM-020,,,,,
adam_report_candidate_d4a0467d93ed380e66a37557,77c665c37c70ab8fdc300f09,SRC-TAFSIR-TABARI-ADAM,7798,shamela://local/5ac170a3045185ccf78e81ebd473cafb8069279b898836fd768c78de76a3d8e5/book/7798/volume/1/page/536?database_sha256=59b3debd44645d1e86afcdc276a7a43239ad3509581c303aa6bca23fc272e3f3&segment_id=716,EARLY_REPORT_CANDIDATE,PRE_BOUNDARY_OR_NOT_APPLICABLE,,CANDIDATE_PREFIX_EXTRACTED,9,EV-ADAM-040 | EV-ADAM-041 | EV-ADAM-042 | EV-ADAM-050 | EV-ADAM-051 | EV-ADAM-052 | EV-ADAM-053 | EV-ADAM-054 | EV-ADAM-055,RQ-ADAM-015 | RQ-ADAM-016 | RQ-ADAM-017 | RQ-ADAM-018 | RQ-ADAM-019 | RQ-ADAM-020,,,,,
adam_report_candidate_8dadeaee7b603c0ad5ac937d,c5e813e1eea4ca77eeda2fc3,SRC-TAFSIR-TABARI-ADAM,7798,shamela://local/5ac170a3045185ccf78e81ebd473cafb8069279b898836fd768c78de76a3d8e5/book/7798/volume/10/page/85?database_sha256=59b3debd44645d1e86afcdc276a7a43239ad3509581c303aa6bca23fc272e3f3&segment_id=6793,QURAN_EXEGESIS_CONTEXT_CANDIDATE,PRE_BOUNDARY_OR_NOT_APPLICABLE,,NO_ISNAD_PREFIX_DETECTED,0,,,,,,,
adam_report_candidate_5dba287634ed6f65d654e3aa,c5e813e1eea4ca77eeda2fc3,SRC-TAFSIR-TABARI-ADAM,7798,shamela://local/5ac170a3045185ccf78e81ebd473cafb8069279b898836fd768c78de76a3d8e5/book/7798/volume/10/page/86?database_sha256=59b3debd44645d1e86afcdc276a7a43239ad3509581c303aa6bca23fc272e3f3&segment_id=6794,UNCLASSIFIED_SOURCE_PASSAGE_CANDIDATE,PRE_BOUNDARY_OR_NOT_APPLICABLE,,NO_ISNAD_PREFIX_DETECTED,0,,,,,,,
adam_report_candidate_c3d9db70847ba04e95129e87,c5e813e1eea4ca77eeda2fc3,SRC-TAFSIR-TABARI-ADAM,7798,shamela://local/5ac170a3045185ccf78e81ebd473cafb8069279b898836fd768c78de76a3d8e5/book/7798/volume/10/page/87?database_sha256=59b3debd44645d1e86afcdc276a7a43239ad3509581c303aa6bca23fc272e3f3&segment_id=6795,UNCLASSIFIED_SOURCE_PASSAGE_CANDIDATE,PRE_BOUNDARY_OR_NOT_APPLICABLE,,NO_ISNAD_PREFIX_DETECTED,0,,,,,,,
adam_report_candidate_a69fe1da73360c0182e0bbc2,c5e813e1eea4ca77eeda2fc3,SRC-TAFSIR-TABARI-ADAM,7798,shamela://local/5ac170a3045185ccf78e81ebd473cafb8069279b898836fd768c78de76a3d8e5/book/7798/volume/10/page/87?database_sha256=59b3debd44645d1e86afcdc276a7a43239ad3509581c303aa6bca23fc272e3f3&segment_id=6795,EARLY_REPORT_CANDIDATE,PRE_BOUNDARY_OR_NOT_APPLICABLE,,CANDIDATE_PREFIX_EXTRACTED,4,,,,,,,
adam_report_candidate_df1f900bdf21b2c8dbaa576b,c5e813e1eea4ca77eeda2fc3,SRC-TAFSIR-TABARI-ADAM,7798,shamela://local/5ac170a3045185ccf78e81ebd473cafb8069279b898836fd768c78de76a3d8e5/book/7798/volume/10/page/87?database_sha256=59b3debd44645d1e86afcdc276a7a43239ad3509581c303aa6bca23fc272e3f3&segment_id=6795,EARLY_REPORT_CANDIDATE,PRE_BOUNDARY_OR_NOT_APPLICABLE,,CANDIDATE_PREFIX_EXTRACTED,5,,,,,,,
adam_report_candidate_ffc6bfb262c635138fa30965,c5e813e1eea4ca77eeda2fc3,SRC-TAFSIR-TABARI-ADAM,7798,shamela://local/5ac170a3045185ccf78e81ebd473cafb8069279b898836fd768c78de76a3d8e5/book/7798/volume/10/page/87?database_sha256=59b3debd44645d1e86afcdc276a7a43239ad3509581c303aa6bca23fc272e3f3&segment_id=6795,EARLY_REPORT_CANDIDATE,PRE_BOUNDARY_OR_NOT_APPLICABLE,,CANDIDATE_PREFIX_EXTRACTED,4,,,,,,,
adam_report_candidate_34def0bce64c08f26a2e91c8,c5e813e1eea4ca77eeda2fc3,SRC-TAFSIR-TABARI-ADAM,7798,shamela://local/5ac170a3045185ccf78e81ebd473cafb8069279b898836fd768c78de76a3d8e5/book/7798/volume/10/page/88?database_sha256=59b3debd44645d1e86afcdc276a7a43239ad3509581c303aa6bca23fc272e3f3&segment_id=6796,UNCLASSIFIED_SOURCE_PASSAGE_CANDIDATE,PRE_BOUNDARY_OR_NOT_APPLICABLE,,NO_ISNAD_PREFIX_DETECTED,0,,,,,,,
adam_report_candidate_a0b7e40d6247c962b4206567,c5e813e1eea4ca77eeda2fc3,SRC-TAFSIR-TABARI-ADAM,7798,shamela://local/5ac170a3045185ccf78e81ebd473cafb8069279b898836fd768c78de76a3d8e5/book/7798/volume/10/page/88?database_sha256=59b3debd44645d1e86afcdc276a7a43239ad3509581c303aa6bca23fc272e3f3&segment_id=6796,EARLY_REPORT_CANDIDATE,PRE_BOUNDARY_OR_NOT_APPLICABLE,,CANDIDATE_PREFIX_EXTRACTED,3,,,,,,,
adam_report_candidate_b5dc88637800a6f0c7026960,c5e813e1eea4ca77eeda2fc3,SRC-TAFSIR-TABARI-ADAM,7798,shamela://local/5ac170a3045185ccf78e81ebd473cafb8069279b898836fd768c78de76a3d8e5/book/7798/volume/10/page/89?database_sha256=59b3debd44645d1e86afcdc276a7a43239ad3509581c303aa6bca23fc272e3f3&segment_id=6797,EARLY_REPORT_CANDIDATE,PRE_BOUNDARY_OR_NOT_APPLICABLE,,NO_ISNAD_PREFIX_DETECTED,2,,,,,,,
adam_report_candidate_45425922bd831f6349263541,c5e813e1eea4ca77eeda2fc3,SRC-TAFSIR-TABARI-ADAM,7798,shamela://local/5ac170a3045185ccf78e81ebd473cafb8069279b898836fd768c78de76a3d8e5/book/7798/volume/10/page/89?database_sha256=59b3debd44645d1e86afcdc276a7a43239ad3509581c303aa6bca23fc272e3f3&segment_id=6797,EARLY_REPORT_CANDIDATE,PRE_BOUNDARY_OR_NOT_APPLICABLE,,CANDIDATE_PREFIX_EXTRACTED,2,,,,,,,
adam_report_candidate_42b1c44e3fea4beb8a6ec8de,b9cdee4a9fc424c4ecccbc4c,SRC-TAFSIR-TABARI-ADAM,7798,shamela://local/5ac170a3045185ccf78e81ebd473cafb8069279b898836fd768c78de76a3d8e5/book/7798/volume/10/page/545?database_sha256=59b3debd44645d1e86afcdc276a7a43239ad3509581c303aa6bca23fc272e3f3&segment_id=7253,QURAN_EXEGESIS_CONTEXT_CANDIDATE,PRE_BOUNDARY_OR_NOT_APPLICABLE,,NO_ISNAD_PREFIX_DETECTED,0,EV-ADAM-060 | EV-ADAM-061,RQ-ADAM-021 | RQ-ADAM-022 | RQ-ADAM-023 | RQ-ADAM-024,,,,,
adam_report_candidate_1d7f99eba67786bb86d20f7f,b9cdee4a9fc424c4ecccbc4c,SRC-TAFSIR-TABARI-ADAM,7798,shamela://local/5ac170a3045185ccf78e81ebd473cafb8069279b898836fd768c78de76a3d8e5/book/7798/volume/10/page/546?database_sha256=59b3debd44645d1e86afcdc276a7a43239ad3509581c303aa6bca23fc272e3f3&segment_id=7254,QURAN_EXEGESIS_CONTEXT_CANDIDATE,PRE_BOUNDARY_OR_NOT_APPLICABLE,,NO_ISNAD_PREFIX_DETECTED,0,EV-ADAM-060 | EV-ADAM-061,RQ-ADAM-021 | RQ-ADAM-022 | RQ-ADAM-023 | RQ-ADAM-024,,,,,
adam_report_candidate_ddfc7e3a1b0d154cdbd6eba4,b9cdee4a9fc424c4ecccbc4c,SRC-TAFSIR-TABARI-ADAM,7798,shamela://local/5ac170a3045185ccf78e81ebd473cafb8069279b898836fd768c78de76a3d8e5/book/7798/volume/10/page/547?database_sha256=59b3debd44645d1e86afcdc276a7a43239ad3509581c303aa6bca23fc272e3f3&segment_id=7255,EARLY_REPORT_CANDIDATE,PRE_BOUNDARY_OR_NOT_APPLICABLE,,NO_ISNAD_PREFIX_DETECTED,1,EV-ADAM-060 | EV-ADAM-061,RQ-ADAM-021 | RQ-ADAM-022 | RQ-ADAM-023 | RQ-ADAM-024,,,,,
adam_report_candidate_424f4bd695d749356453ac87,b9cdee4a9fc424c4ecccbc4c,SRC-TAFSIR-TABARI-ADAM,7798,shamela://local/5ac170a3045185ccf78e81ebd473cafb8069279b898836fd768c78de76a3d8e5/book/7798/volume/10/page/547?database_sha256=59b3debd44645d1e86afcdc276a7a43239ad3509581c303aa6bca23fc272e3f3&segment_id=7255,PROPHETIC_HADITH_CANDIDATE,PRE_BOUNDARY_OR_NOT_APPLICABLE,,CANDIDATE_PREFIX_EXTRACTED,6,EV-ADAM-060 | EV-ADAM-061,RQ-ADAM-021 | RQ-ADAM-022 | RQ-ADAM-023 | RQ-ADAM-024,,,,,
adam_report_candidate_faa2631a833eb67b52d2d974,b9cdee4a9fc424c4ecccbc4c,SRC-TAFSIR-TABARI-ADAM,7798,shamela://local/5ac170a3045185ccf78e81ebd473cafb8069279b898836fd768c78de76a3d8e5/book/7798/volume/10/page/547?database_sha256=59b3debd44645d1e86afcdc276a7a43239ad3509581c303aa6bca23fc272e3f3&segment_id=7255,EARLY_REPORT_CANDIDATE,PRE_BOUNDARY_OR_NOT_APPLICABLE,,CANDIDATE_PREFIX_EXTRACTED,1,EV-ADAM-060 | EV-ADAM-061,RQ-ADAM-021 | RQ-ADAM-022 | RQ-ADAM-023 | RQ-ADAM-024,,,,,
adam_report_candidate_1eea42d8ede21e8e33444455,b9cdee4a9fc424c4ecccbc4c,SRC-TAFSIR-TABARI-ADAM,7798,shamela://local/5ac170a3045185ccf78e81ebd473cafb8069279b898836fd768c78de76a3d8e5/book/7798/volume/10/page/548?database_sha256=59b3debd44645d1e86afcdc276a7a43239ad3509581c303aa6bca23fc272e3f3&segment_id=7256,EARLY_REPORT_CANDIDATE,PRE_BOUNDARY_OR_NOT_APPLICABLE,,CANDIDATE_PREFIX_EXTRACTED,2,EV-ADAM-060 | EV-ADAM-061,RQ-ADAM-021 | RQ-ADAM-022 | RQ-ADAM-023 | RQ-ADAM-024,,,,,
adam_report_candidate_59f8e7ba8d6796bdf7b984f4,b9cdee4a9fc424c4ecccbc4c,SRC-TAFSIR-TABARI-ADAM,7798,shamela://local/5ac170a3045185ccf78e81ebd473cafb8069279b898836fd768c78de76a3d8e5/book/7798/volume/10/page/548?database_sha256=59b3debd44645d1e86afcdc276a7a43239ad3509581c303aa6bca23fc272e3f3&segment_id=7256,EARLY_REPORT_CANDIDATE,PRE_BOUNDARY_OR_NOT_APPLICABLE,,CANDIDATE_PREFIX_EXTRACTED,3,EV-ADAM-060 | EV-ADAM-061,RQ-ADAM-021 | RQ-ADAM-022 | RQ-ADAM-023 | RQ-ADAM-024,,,,,
adam_report_candidate_e4cef1342f493d026be188ea,b9cdee4a9fc424c4ecccbc4c,SRC-TAFSIR-TABARI-ADAM,7798,shamela://local/5ac170a3045185ccf78e81ebd473cafb8069279b898836fd768c78de76a3d8e5/book/7798/volume/10/page/548?database_sha256=59b3debd44645d1e86afcdc276a7a43239ad3509581c303aa6bca23fc272e3f3&segment_id=7256,EARLY_REPORT_CANDIDATE,PRE_BOUNDARY_OR_NOT_APPLICABLE,,CANDIDATE_PREFIX_EXTRACTED,4,EV-ADAM-060 | EV-ADAM-061,RQ-ADAM-021 | RQ-ADAM-022 | RQ-ADAM-023 | RQ-ADAM-024,,,,,
adam_report_candidate_40f3960f8dd49ad112748b9e,b9cdee4a9fc424c4ecccbc4c,SRC-TAFSIR-TABARI-ADAM,7798,shamela://local/5ac170a3045185ccf78e81ebd473cafb8069279b898836fd768c78de76a3d8e5/book/7798/volume/10/page/548?database_sha256=59b3debd44645d1e86afcdc276a7a43239ad3509581c303aa6bca23fc272e3f3&segment_id=7256,EARLY_REPORT_CANDIDATE,PRE_BOUNDARY_OR_NOT_APPLICABLE,,CANDIDATE_PREFIX_EXTRACTED,3,EV-ADAM-060 | EV-ADAM-061,RQ-ADAM-021 | RQ-ADAM-022 | RQ-ADAM-023 | RQ-ADAM-024,,,,,
adam_report_candidate_38ea025ccd96a7ff6b717a99,b9cdee4a9fc424c4ecccbc4c,SRC-TAFSIR-TABARI-ADAM,7798,shamela://local/5ac170a3045185ccf78e81ebd473cafb8069279b898836fd768c78de76a3d8e5/book/7798/volume/10/page/548?database_sha256=59b3debd44645d1e86afcdc276a7a43239ad3509581c303aa6bca23fc272e3f3&segment_id=7256,EARLY_REPORT_CANDIDATE,PRE_BOUNDARY_OR_NOT_APPLICABLE,,CANDIDATE_PREFIX_EXTRACTED,4,EV-ADAM-060 | EV-ADAM-061,RQ-ADAM-021 | RQ-ADAM-022 | RQ-ADAM-023 | RQ-ADAM-024,,,,,
adam_report_candidate_5965139042f9ad9285b37c6d,b9cdee4a9fc424c4ecccbc4c,SRC-TAFSIR-TABARI-ADAM,7798,shamela://local/5ac170a3045185ccf78e81ebd473cafb8069279b898836fd768c78de76a3d8e5/book/7798/volume/10/page/549?database_sha256=59b3debd44645d1e86afcdc276a7a43239ad3509581c303aa6bca23fc272e3f3&segment_id=7257,QURAN_EXEGESIS_CONTEXT_CANDIDATE,PRE_BOUNDARY_OR_NOT_APPLICABLE,,NO_ISNAD_PREFIX_DETECTED,0,EV-ADAM-060 | EV-ADAM-061,RQ-ADAM-021 | RQ-ADAM-022 | RQ-ADAM-023 | RQ-ADAM-024,,,,,
adam_report_candidate_03aad710105acda2b86654fd,b9cdee4a9fc424c4ecccbc4c,SRC-TAFSIR-TABARI-ADAM,7798,shamela://local/5ac170a3045185ccf78e81ebd473cafb8069279b898836fd768c78de76a3d8e5/book/7798/volume/10/page/549?database_sha256=59b3debd44645d1e86afcdc276a7a43239ad3509581c303aa6bca23fc272e3f3&segment_id=7257,EARLY_REPORT_CANDIDATE,PRE_BOUNDARY_OR_NOT_APPLICABLE,,CANDIDATE_PREFIX_EXTRACTED,5,EV-ADAM-060 | EV-ADAM-061,RQ-ADAM-021 | RQ-ADAM-022 | RQ-ADAM-023 | RQ-ADAM-024,,,,,
adam_report_candidate_2508045f1d14c1811c4659fe,b9cdee4a9fc424c4ecccbc4c,SRC-TAFSIR-TABARI-ADAM,7798,shamela://local/5ac170a3045185ccf78e81ebd473cafb8069279b898836fd768c78de76a3d8e5/book/7798/volume/10/page/549?database_sha256=59b3debd44645d1e86afcdc276a7a43239ad3509581c303aa6bca23fc272e3f3&segment_id=7257,EARLY_REPORT_CANDIDATE,PRE_BOUNDARY_OR_NOT_APPLICABLE,,CANDIDATE_PREFIX_EXTRACTED,4,EV-ADAM-060 | EV-ADAM-061,RQ-ADAM-021 | RQ-ADAM-022 | RQ-ADAM-023 | RQ-ADAM-024,,,,,
adam_report_candidate_70a07a43085a533079b0e4c4,b9cdee4a9fc424c4ecccbc4c,SRC-TAFSIR-TABARI-ADAM,7798,shamela://local/5ac170a3045185ccf78e81ebd473cafb8069279b898836fd768c78de76a3d8e5/book/7798/volume/10/page/549?database_sha256=59b3debd44645d1e86afcdc276a7a43239ad3509581c303aa6bca23fc272e3f3&segment_id=7257,EARLY_REPORT_CANDIDATE,PRE_BOUNDARY_OR_NOT_APPLICABLE,,CANDIDATE_PREFIX_EXTRACTED,6,EV-ADAM-060 | EV-ADAM-061,RQ-ADAM-021 | RQ-ADAM-022 | RQ-ADAM-023 | RQ-ADAM-024,,,,,
adam_report_candidate_08a6ffc8b65fec5c76249c39,b9cdee4a9fc424c4ecccbc4c,SRC-TAFSIR-TABARI-ADAM,7798,shamela://local/5ac170a3045185ccf78e81ebd473cafb8069279b898836fd768c78de76a3d8e5/book/7798/volume/10/page/549?database_sha256=59b3debd44645d1e86afcdc276a7a43239ad3509581c303aa6bca23fc272e3f3&segment_id=7257,EARLY_REPORT_CANDIDATE,PRE_BOUNDARY_OR_NOT_APPLICABLE,,CANDIDATE_PREFIX_EXTRACTED,4,EV-ADAM-060 | EV-ADAM-061,RQ-ADAM-021 | RQ-ADAM-022 | RQ-ADAM-023 | RQ-ADAM-024,,,,,
adam_report_candidate_19b2949e3c566357252deb65,b9cdee4a9fc424c4ecccbc4c,SRC-TAFSIR-TABARI-ADAM,7798,shamela://local/5ac170a3045185ccf78e81ebd473cafb8069279b898836fd768c78de76a3d8e5/book/7798/volume/10/page/550?database_sha256=59b3debd44645d1e86afcdc276a7a43239ad3509581c303aa6bca23fc272e3f3&segment_id=7258,QURAN_EXEGESIS_CONTEXT_CANDIDATE,PRE_BOUNDARY_OR_NOT_APPLICABLE,,NO_ISNAD_PREFIX_DETECTED,0,EV-ADAM-060 | EV-ADAM-061,RQ-ADAM-021 | RQ-ADAM-022 | RQ-ADAM-023 | RQ-ADAM-024,,,,,
adam_report_candidate_92930fe84165703b0101f307,b9cdee4a9fc424c4ecccbc4c,SRC-TAFSIR-TABARI-ADAM,7798,shamela://local/5ac170a3045185ccf78e81ebd473cafb8069279b898836fd768c78de76a3d8e5/book/7798/volume/10/page/550?database_sha256=59b3debd44645d1e86afcdc276a7a43239ad3509581c303aa6bca23fc272e3f3&segment_id=7258,EARLY_REPORT_CANDIDATE,PRE_BOUNDARY_OR_NOT_APPLICABLE,,CANDIDATE_PREFIX_EXTRACTED,5,EV-ADAM-060 | EV-ADAM-061,RQ-ADAM-021 | RQ-ADAM-022 | RQ-ADAM-023 | RQ-ADAM-024,,,,,
adam_report_candidate_e2f2b38532413d60c8e351a4,b9cdee4a9fc424c4ecccbc4c,SRC-TAFSIR-TABARI-ADAM,7798,shamela://local/5ac170a3045185ccf78e81ebd473cafb8069279b898836fd768c78de76a3d8e5/book/7798/volume/10/page/550?database_sha256=59b3debd44645d1e86afcdc276a7a43239ad3509581c303aa6bca23fc272e3f3&segment_id=7258,EARLY_REPORT_CANDIDATE,PRE_BOUNDARY_OR_NOT_APPLICABLE,,CANDIDATE_PREFIX_EXTRACTED,5,EV-ADAM-060 | EV-ADAM-061,RQ-ADAM-021 | RQ-ADAM-022 | RQ-ADAM-023 | RQ-ADAM-024,,,,,
adam_report_candidate_819116f0579615d1fac0102f,b9cdee4a9fc424c4ecccbc4c,SRC-TAFSIR-TABARI-ADAM,7798,shamela://local/5ac170a3045185ccf78e81ebd473cafb8069279b898836fd768c78de76a3d8e5/book/7798/volume/10/page/550?database_sha256=59b3debd44645d1e86afcdc276a7a43239ad3509581c303aa6bca23fc272e3f3&segment_id=7258,EARLY_REPORT_CANDIDATE,PRE_BOUNDARY_OR_NOT_APPLICABLE,,CANDIDATE_PREFIX_EXTRACTED,9,EV-ADAM-060 | EV-ADAM-061,RQ-ADAM-021 | RQ-ADAM-022 | RQ-ADAM-023 | RQ-ADAM-024,,,,,
adam_report_candidate_c9b99c32788fdc1102b9b9d3,b9cdee4a9fc424c4ecccbc4c,SRC-TAFSIR-TABARI-ADAM,7798,shamela://local/5ac170a3045185ccf78e81ebd473cafb8069279b898836fd768c78de76a3d8e5/book/7798/volume/10/page/551?database_sha256=59b3debd44645d1e86afcdc276a7a43239ad3509581c303aa6bca23fc272e3f3&segment_id=7259,EARLY_REPORT_CANDIDATE,PRE_BOUNDARY_OR_NOT_APPLICABLE,,NO_ISNAD_PREFIX_DETECTED,1,EV-ADAM-060 | EV-ADAM-061,RQ-ADAM-021 | RQ-ADAM-022 | RQ-ADAM-023 | RQ-ADAM-024,,,,,
adam_report_candidate_bbf4b2a60fe35676c5fb7895,b9cdee4a9fc424c4ecccbc4c,SRC-TAFSIR-TABARI-ADAM,7798,shamela://local/5ac170a3045185ccf78e81ebd473cafb8069279b898836fd768c78de76a3d8e5/book/7798/volume/10/page/551?database_sha256=59b3debd44645d1e86afcdc276a7a43239ad3509581c303aa6bca23fc272e3f3&segment_id=7259,EARLY_REPORT_CANDIDATE,PRE_BOUNDARY_OR_NOT_APPLICABLE,WAHB_IBN_MUNABBIH,CANDIDATE_PREFIX_EXTRACTED,3,EV-ADAM-060 | EV-ADAM-061,RQ-ADAM-021 | RQ-ADAM-022 | RQ-ADAM-023 | RQ-ADAM-024,,,,,
adam_report_candidate_17e471487b3c277e71e68b6b,b9cdee4a9fc424c4ecccbc4c,SRC-TAFSIR-TABARI-ADAM,7798,shamela://local/5ac170a3045185ccf78e81ebd473cafb8069279b898836fd768c78de76a3d8e5/book/7798/volume/10/page/551?database_sha256=59b3debd44645d1e86afcdc276a7a43239ad3509581c303aa6bca23fc272e3f3&segment_id=7259,EARLY_REPORT_CANDIDATE,PRE_BOUNDARY_OR_NOT_APPLICABLE,,CANDIDATE_PREFIX_EXTRACTED,2,EV-ADAM-060 | EV-ADAM-061,RQ-ADAM-021 | RQ-ADAM-022 | RQ-ADAM-023 | RQ-ADAM-024,,,,,
adam_report_candidate_807c22dd07b1cbea28e0afee,b9cdee4a9fc424c4ecccbc4c,SRC-TAFSIR-TABARI-ADAM,7798,shamela://local/5ac170a3045185ccf78e81ebd473cafb8069279b898836fd768c78de76a3d8e5/book/7798/volume/10/page/552?database_sha256=59b3debd44645d1e86afcdc276a7a43239ad3509581c303aa6bca23fc272e3f3&segment_id=7260,QURAN_EXEGESIS_CONTEXT_CANDIDATE,PRE_BOUNDARY_OR_NOT_APPLICABLE,,NO_ISNAD_PREFIX_DETECTED,0,EV-ADAM-060 | EV-ADAM-061,RQ-ADAM-021 | RQ-ADAM-022 | RQ-ADAM-023 | RQ-ADAM-024,,,,,
adam_report_candidate_8487bc1d2fa2f42d6daa36c6,b9cdee4a9fc424c4ecccbc4c,SRC-TAFSIR-TABARI-ADAM,7798,shamela://local/5ac170a3045185ccf78e81ebd473cafb8069279b898836fd768c78de76a3d8e5/book/7798/volume/10/page/552?database_sha256=59b3debd44645d1e86afcdc276a7a43239ad3509581c303aa6bca23fc272e3f3&segment_id=7260,PROPHETIC_HADITH_CANDIDATE,PRE_BOUNDARY_OR_NOT_APPLICABLE,,CANDIDATE_PREFIX_EXTRACTED,10,EV-ADAM-060 | EV-ADAM-061,RQ-ADAM-021 | RQ-ADAM-022 | RQ-ADAM-023 | RQ-ADAM-024,,,,,
adam_report_candidate_24733ba71423cc658d766b22,b9cdee4a9fc424c4ecccbc4c,SRC-TAFSIR-TABARI-ADAM,7798,shamela://local/5ac170a3045185ccf78e81ebd473cafb8069279b898836fd768c78de76a3d8e5/book/7798/volume/10/page/553?database_sha256=59b3debd44645d1e86afcdc276a7a43239ad3509581c303aa6bca23fc272e3f3&segment_id=7261,EARLY_REPORT_CANDIDATE,PRE_BOUNDARY_OR_NOT_APPLICABLE,,NO_ISNAD_PREFIX_DETECTED,1,EV-ADAM-060 | EV-ADAM-061,RQ-ADAM-021 | RQ-ADAM-022 | RQ-ADAM-023 | RQ-ADAM-024,,,,,
adam_report_candidate_444c33f7bdb274bf1d313caf,b9cdee4a9fc424c4ecccbc4c,SRC-TAFSIR-TABARI-ADAM,7798,shamela://local/5ac170a3045185ccf78e81ebd473cafb8069279b898836fd768c78de76a3d8e5/book/7798/volume/10/page/553?database_sha256=59b3debd44645d1e86afcdc276a7a43239ad3509581c303aa6bca23fc272e3f3&segment_id=7261,EARLY_REPORT_CANDIDATE,PRE_BOUNDARY_OR_NOT_APPLICABLE,,CANDIDATE_PREFIX_EXTRACTED,4,EV-ADAM-060 | EV-ADAM-061,RQ-ADAM-021 | RQ-ADAM-022 | RQ-ADAM-023 | RQ-ADAM-024,,,,,
adam_report_candidate_1c15572dd5d29257c52facc7,b9cdee4a9fc424c4ecccbc4c,SRC-TAFSIR-TABARI-ADAM,7798,shamela://local/5ac170a3045185ccf78e81ebd473cafb8069279b898836fd768c78de76a3d8e5/book/7798/volume/10/page/553?database_sha256=59b3debd44645d1e86afcdc276a7a43239ad3509581c303aa6bca23fc272e3f3&segment_id=7261,EARLY_REPORT_CANDIDATE,PRE_BOUNDARY_OR_NOT_APPLICABLE,,CANDIDATE_PREFIX_EXTRACTED,6,EV-ADAM-060 | EV-ADAM-061,RQ-ADAM-021 | RQ-ADAM-022 | RQ-ADAM-023 | RQ-ADAM-024,,,,,
adam_report_candidate_ff8f18a8673a623480b2c837,b9cdee4a9fc424c4ecccbc4c,SRC-TAFSIR-TABARI-ADAM,7798,shamela://local/5ac170a3045185ccf78e81ebd473cafb8069279b898836fd768c78de76a3d8e5/book/7798/volume/10/page/554?database_sha256=59b3debd44645d1e86afcdc276a7a43239ad3509581c303aa6bca23fc272e3f3&segment_id=7262,PROPHETIC_HADITH_CANDIDATE,PRE_BOUNDARY_OR_NOT_APPLICABLE,,CANDIDATE_PREFIX_EXTRACTED,9,EV-ADAM-060 | EV-ADAM-061,RQ-ADAM-021 | RQ-ADAM-022 | RQ-ADAM-023 | RQ-ADAM-024,,,,,
adam_report_candidate_85a77d89f45b190caa7bcabb,b9cdee4a9fc424c4ecccbc4c,SRC-TAFSIR-TABARI-ADAM,7798,shamela://local/5ac170a3045185ccf78e81ebd473cafb8069279b898836fd768c78de76a3d8e5/book/7798/volume/10/page/554?database_sha256=59b3debd44645d1e86afcdc276a7a43239ad3509581c303aa6bca23fc272e3f3&segment_id=7262,EARLY_REPORT_CANDIDATE,PRE_BOUNDARY_OR_NOT_APPLICABLE,,CANDIDATE_PREFIX_EXTRACTED,6,EV-ADAM-060 | EV-ADAM-061,RQ-ADAM-021 | RQ-ADAM-022 | RQ-ADAM-023 | RQ-ADAM-024,,,,,
adam_report_candidate_dea018845655075d965bc238,b9cdee4a9fc424c4ecccbc4c,SRC-TAFSIR-TABARI-ADAM,7798,shamela://local/5ac170a3045185ccf78e81ebd473cafb8069279b898836fd768c78de76a3d8e5/book/7798/volume/10/page/555?database_sha256=59b3debd44645d1e86afcdc276a7a43239ad3509581c303aa6bca23fc272e3f3&segment_id=7263,QURAN_EXEGESIS_CONTEXT_CANDIDATE,PRE_BOUNDARY_OR_NOT_APPLICABLE,,NO_ISNAD_PREFIX_DETECTED,0,EV-ADAM-060 | EV-ADAM-061,RQ-ADAM-021 | RQ-ADAM-022 | RQ-ADAM-023 | RQ-ADAM-024,,,,,
adam_report_candidate_4da7490fa79e3134a7079871,b9cdee4a9fc424c4ecccbc4c,SRC-TAFSIR-TABARI-ADAM,7798,shamela://local/5ac170a3045185ccf78e81ebd473cafb8069279b898836fd768c78de76a3d8e5/book/7798/volume/10/page/555?database_sha256=59b3debd44645d1e86afcdc276a7a43239ad3509581c303aa6bca23fc272e3f3&segment_id=7263,EARLY_REPORT_CANDIDATE,PRE_BOUNDARY_OR_NOT_APPLICABLE,,CANDIDATE_PREFIX_EXTRACTED,4,EV-ADAM-060 | EV-ADAM-061,RQ-ADAM-021 | RQ-ADAM-022 | RQ-ADAM-023 | RQ-ADAM-024,,,,,
adam_report_candidate_cbd9ddc9358bac9dead75860,b9cdee4a9fc424c4ecccbc4c,SRC-TAFSIR-TABARI-ADAM,7798,shamela://local/5ac170a3045185ccf78e81ebd473cafb8069279b898836fd768c78de76a3d8e5/book/7798/volume/10/page/556?database_sha256=59b3debd44645d1e86afcdc276a7a43239ad3509581c303aa6bca23fc272e3f3&segment_id=7264,UNCLASSIFIED_SOURCE_PASSAGE_CANDIDATE,PRE_BOUNDARY_OR_NOT_APPLICABLE,,NO_ISNAD_PREFIX_DETECTED,0,EV-ADAM-060 | EV-ADAM-061,RQ-ADAM-021 | RQ-ADAM-022 | RQ-ADAM-023 | RQ-ADAM-024,,,,,
adam_report_candidate_58ac8ad28ae88e65e07c82cb,b9cdee4a9fc424c4ecccbc4c,SRC-TAFSIR-TABARI-ADAM,7798,shamela://local/5ac170a3045185ccf78e81ebd473cafb8069279b898836fd768c78de76a3d8e5/book/7798/volume/10/page/556?database_sha256=59b3debd44645d1e86afcdc276a7a43239ad3509581c303aa6bca23fc272e3f3&segment_id=7264,EARLY_REPORT_CANDIDATE,PRE_BOUNDARY_OR_NOT_APPLICABLE,,CANDIDATE_PREFIX_EXTRACTED,8,EV-ADAM-060 | EV-ADAM-061,RQ-ADAM-021 | RQ-ADAM-022 | RQ-ADAM-023 | RQ-ADAM-024,,,,,
adam_report_candidate_2ca6cc8929d790072e24cc0e,b9cdee4a9fc424c4ecccbc4c,SRC-TAFSIR-TABARI-ADAM,7798,shamela://local/5ac170a3045185ccf78e81ebd473cafb8069279b898836fd768c78de76a3d8e5/book/7798/volume/10/page/557?database_sha256=59b3debd44645d1e86afcdc276a7a43239ad3509581c303aa6bca23fc272e3f3&segment_id=7265,EARLY_REPORT_CANDIDATE,PRE_BOUNDARY_OR_NOT_APPLICABLE,,CANDIDATE_PREFIX_EXTRACTED,6,EV-ADAM-060 | EV-ADAM-061,RQ-ADAM-021 | RQ-ADAM-022 | RQ-ADAM-023 | RQ-ADAM-024,,,,,
adam_report_candidate_4949bf03bac7e46a99050ba0,b9cdee4a9fc424c4ecccbc4c,SRC-TAFSIR-TABARI-ADAM,7798,shamela://local/5ac170a3045185ccf78e81ebd473cafb8069279b898836fd768c78de76a3d8e5/book/7798/volume/10/page/558?database_sha256=59b3debd44645d1e86afcdc276a7a43239ad3509581c303aa6bca23fc272e3f3&segment_id=7266,EARLY_REPORT_CANDIDATE,PRE_BOUNDARY_OR_NOT_APPLICABLE,,NO_ISNAD_PREFIX_DETECTED,1,EV-ADAM-060 | EV-ADAM-061,RQ-ADAM-021 | RQ-ADAM-022 | RQ-ADAM-023 | RQ-ADAM-024,,,,,
adam_report_candidate_90c1b6083b0a72b198b6489b,b9cdee4a9fc424c4ecccbc4c,SRC-TAFSIR-TABARI-ADAM,7798,shamela://local/5ac170a3045185ccf78e81ebd473cafb8069279b898836fd768c78de76a3d8e5/book/7798/volume/10/page/558?database_sha256=59b3debd44645d1e86afcdc276a7a43239ad3509581c303aa6bca23fc272e3f3&segment_id=7266,EARLY_REPORT_CANDIDATE,PRE_BOUNDARY_OR_NOT_APPLICABLE,,CANDIDATE_PREFIX_EXTRACTED,6,EV-ADAM-060 | EV-ADAM-061,RQ-ADAM-021 | RQ-ADAM-022 | RQ-ADAM-023 | RQ-ADAM-024,,,,,
adam_report_candidate_660b4c1a02172c5995c8f45c,b9cdee4a9fc424c4ecccbc4c,SRC-TAFSIR-TABARI-ADAM,7798,shamela://local/5ac170a3045185ccf78e81ebd473cafb8069279b898836fd768c78de76a3d8e5/book/7798/volume/10/page/559?database_sha256=59b3debd44645d1e86afcdc276a7a43239ad3509581c303aa6bca23fc272e3f3&segment_id=7267,EARLY_REPORT_CANDIDATE,PRE_BOUNDARY_OR_NOT_APPLICABLE,,NO_ISNAD_PREFIX_DETECTED,4,EV-ADAM-060 | EV-ADAM-061,RQ-ADAM-021 | RQ-ADAM-022 | RQ-ADAM-023 | RQ-ADAM-024,,,,,
adam_report_candidate_00c324ca1041f616234d51d2,b9cdee4a9fc424c4ecccbc4c,SRC-TAFSIR-TABARI-ADAM,7798,shamela://local/5ac170a3045185ccf78e81ebd473cafb8069279b898836fd768c78de76a3d8e5/book/7798/volume/10/page/559?database_sha256=59b3debd44645d1e86afcdc276a7a43239ad3509581c303aa6bca23fc272e3f3&segment_id=7267,EARLY_REPORT_CANDIDATE,PRE_BOUNDARY_OR_NOT_APPLICABLE,,CANDIDATE_PREFIX_EXTRACTED,3,EV-ADAM-060 | EV-ADAM-061,RQ-ADAM-021 | RQ-ADAM-022 | RQ-ADAM-023 | RQ-ADAM-024,,,,,
adam_report_candidate_e27a86c5827824c594981f3a,b9cdee4a9fc424c4ecccbc4c,SRC-TAFSIR-TABARI-ADAM,7798,shamela://local/5ac170a3045185ccf78e81ebd473cafb8069279b898836fd768c78de76a3d8e5/book/7798/volume/10/page/559?database_sha256=59b3debd44645d1e86afcdc276a7a43239ad3509581c303aa6bca23fc272e3f3&segment_id=7267,EARLY_REPORT_CANDIDATE,PRE_BOUNDARY_OR_NOT_APPLICABLE,,CANDIDATE_PREFIX_EXTRACTED,2,EV-ADAM-060 | EV-ADAM-061,RQ-ADAM-021 | RQ-ADAM-022 | RQ-ADAM-023 | RQ-ADAM-024,,,,,
adam_report_candidate_034890fe631441e315e5b443,b9cdee4a9fc424c4ecccbc4c,SRC-TAFSIR-TABARI-ADAM,7798,shamela://local/5ac170a3045185ccf78e81ebd473cafb8069279b898836fd768c78de76a3d8e5/book/7798/volume/10/page/559?database_sha256=59b3debd44645d1e86afcdc276a7a43239ad3509581c303aa6bca23fc272e3f3&segment_id=7267,EARLY_REPORT_CANDIDATE,PRE_BOUNDARY_OR_NOT_APPLICABLE,,CANDIDATE_PREFIX_EXTRACTED,5,EV-ADAM-060 | EV-ADAM-061,RQ-ADAM-021 | RQ-ADAM-022 | RQ-ADAM-023 | RQ-ADAM-024,,,,,
adam_report_candidate_48f3d55b9b2c61f6741f4614,b9cdee4a9fc424c4ecccbc4c,SRC-TAFSIR-TABARI-ADAM,7798,shamela://local/5ac170a3045185ccf78e81ebd473cafb8069279b898836fd768c78de76a3d8e5/book/7798/volume/10/page/560?database_sha256=59b3debd44645d1e86afcdc276a7a43239ad3509581c303aa6bca23fc272e3f3&segment_id=7268,EARLY_REPORT_CANDIDATE,PRE_BOUNDARY_OR_NOT_APPLICABLE,,NO_ISNAD_PREFIX_DETECTED,2,EV-ADAM-060 | EV-ADAM-061,RQ-ADAM-021 | RQ-ADAM-022 | RQ-ADAM-023 | RQ-ADAM-024,,,,,
adam_report_candidate_0f8c08e464252d8757b95260,b9cdee4a9fc424c4ecccbc4c,SRC-TAFSIR-TABARI-ADAM,7798,shamela://local/5ac170a3045185ccf78e81ebd473cafb8069279b898836fd768c78de76a3d8e5/book/7798/volume/10/page/560?database_sha256=59b3debd44645d1e86afcdc276a7a43239ad3509581c303aa6bca23fc272e3f3&segment_id=7268,EARLY_REPORT_CANDIDATE,PRE_BOUNDARY_OR_NOT_APPLICABLE,,CANDIDATE_PREFIX_EXTRACTED,6,EV-ADAM-060 | EV-ADAM-061,RQ-ADAM-021 | RQ-ADAM-022 | RQ-ADAM-023 | RQ-ADAM-024,,,,,
adam_report_candidate_2ce1dd148dd7700df7a46880,b9cdee4a9fc424c4ecccbc4c,SRC-TAFSIR-TABARI-ADAM,7798,shamela://local/5ac170a3045185ccf78e81ebd473cafb8069279b898836fd768c78de76a3d8e5/book/7798/volume/10/page/560?database_sha256=59b3debd44645d1e86afcdc276a7a43239ad3509581c303aa6bca23fc272e3f3&segment_id=7268,QURAN_EXEGESIS_CONTEXT_CANDIDATE,PRE_BOUNDARY_OR_NOT_APPLICABLE,,NO_ISNAD_PREFIX_DETECTED,0,EV-ADAM-060 | EV-ADAM-061,RQ-ADAM-021 | RQ-ADAM-022 | RQ-ADAM-023 | RQ-ADAM-024,,,,,
adam_report_candidate_bf4de9587380b48f4e920ec0,b9cdee4a9fc424c4ecccbc4c,SRC-TAFSIR-TABARI-ADAM,7798,shamela://local/5ac170a3045185ccf78e81ebd473cafb8069279b898836fd768c78de76a3d8e5/book/7798/volume/10/page/561?database_sha256=59b3debd44645d1e86afcdc276a7a43239ad3509581c303aa6bca23fc272e3f3&segment_id=7269,EARLY_REPORT_CANDIDATE,PRE_BOUNDARY_OR_NOT_APPLICABLE,,NO_ISNAD_PREFIX_DETECTED,1,EV-ADAM-060 | EV-ADAM-061,RQ-ADAM-021 | RQ-ADAM-022 | RQ-ADAM-023 | RQ-ADAM-024,,,,,
adam_report_candidate_added2a241bd4890f1f7eb95,b9cdee4a9fc424c4ecccbc4c,SRC-TAFSIR-TABARI-ADAM,7798,shamela://local/5ac170a3045185ccf78e81ebd473cafb8069279b898836fd768c78de76a3d8e5/book/7798/volume/10/page/561?database_sha256=59b3debd44645d1e86afcdc276a7a43239ad3509581c303aa6bca23fc272e3f3&segment_id=7269,EARLY_REPORT_CANDIDATE,PRE_BOUNDARY_OR_NOT_APPLICABLE,,CANDIDATE_PREFIX_EXTRACTED,2,EV-ADAM-060 | EV-ADAM-061,RQ-ADAM-021 | RQ-ADAM-022 | RQ-ADAM-023 | RQ-ADAM-024,,,,,
adam_report_candidate_6b7e4a3c34e13619e2a38843,b9cdee4a9fc424c4ecccbc4c,SRC-TAFSIR-TABARI-ADAM,7798,shamela://local/5ac170a3045185ccf78e81ebd473cafb8069279b898836fd768c78de76a3d8e5/book/7798/volume/10/page/561?database_sha256=59b3debd44645d1e86afcdc276a7a43239ad3509581c303aa6bca23fc272e3f3&segment_id=7269,EARLY_REPORT_CANDIDATE,PRE_BOUNDARY_OR_NOT_APPLICABLE,,CANDIDATE_PREFIX_EXTRACTED,3,EV-ADAM-060 | EV-ADAM-061,RQ-ADAM-021 | RQ-ADAM-022 | RQ-ADAM-023 | RQ-ADAM-024,,,,,
adam_report_candidate_3b16ff999752413ea3014ee9,1ca47360c50ffbf84c33ed01,SRC-TAFSIR-TABARI-ADAM,7798,shamela://local/5ac170a3045185ccf78e81ebd473cafb8069279b898836fd768c78de76a3d8e5/book/7798/volume/18/page/599?database_sha256=59b3debd44645d1e86afcdc276a7a43239ad3509581c303aa6bca23fc272e3f3&segment_id=12697,QURAN_EXEGESIS_CONTEXT_CANDIDATE,PRE_BOUNDARY_OR_NOT_APPLICABLE,,NO_ISNAD_PREFIX_DETECTED,0,,,,,,,
adam_report_candidate_a9b58e563b3486d075a1e87d,1ca47360c50ffbf84c33ed01,SRC-TAFSIR-TABARI-ADAM,7798,shamela://local/5ac170a3045185ccf78e81ebd473cafb8069279b898836fd768c78de76a3d8e5/book/7798/volume/18/page/599?database_sha256=59b3debd44645d1e86afcdc276a7a43239ad3509581c303aa6bca23fc272e3f3&segment_id=12697,EARLY_REPORT_CANDIDATE,PRE_BOUNDARY_OR_NOT_APPLICABLE,,CANDIDATE_PREFIX_EXTRACTED,4,,,,,,,
adam_report_candidate_45f1c931e3355052e627c458,1ca47360c50ffbf84c33ed01,SRC-TAFSIR-TABARI-ADAM,7798,shamela://local/5ac170a3045185ccf78e81ebd473cafb8069279b898836fd768c78de76a3d8e5/book/7798/volume/18/page/600?database_sha256=59b3debd44645d1e86afcdc276a7a43239ad3509581c303aa6bca23fc272e3f3&segment_id=12698,EARLY_REPORT_CANDIDATE,PRE_BOUNDARY_OR_NOT_APPLICABLE,,NO_ISNAD_PREFIX_DETECTED,3,,,,,,,
adam_report_candidate_97452e674354b5387ced668d,1ca47360c50ffbf84c33ed01,SRC-TAFSIR-TABARI-ADAM,7798,shamela://local/5ac170a3045185ccf78e81ebd473cafb8069279b898836fd768c78de76a3d8e5/book/7798/volume/18/page/601?database_sha256=59b3debd44645d1e86afcdc276a7a43239ad3509581c303aa6bca23fc272e3f3&segment_id=12699,QURAN_EXEGESIS_CONTEXT_CANDIDATE,PRE_BOUNDARY_OR_NOT_APPLICABLE,,NO_ISNAD_PREFIX_DETECTED,0,,,,,,,
adam_report_candidate_9cff1e29a35521dc97a89d0b,1ca47360c50ffbf84c33ed01,SRC-TAFSIR-TABARI-ADAM,7798,shamela://local/5ac170a3045185ccf78e81ebd473cafb8069279b898836fd768c78de76a3d8e5/book/7798/volume/18/page/601?database_sha256=59b3debd44645d1e86afcdc276a7a43239ad3509581c303aa6bca23fc272e3f3&segment_id=12699,EARLY_REPORT_CANDIDATE,PRE_BOUNDARY_OR_NOT_APPLICABLE,,CANDIDATE_PREFIX_EXTRACTED,8,,,,,,,
adam_report_candidate_76f1e2396da1daedc5e43c68,1ca47360c50ffbf84c33ed01,SRC-TAFSIR-TABARI-ADAM,7798,shamela://local/5ac170a3045185ccf78e81ebd473cafb8069279b898836fd768c78de76a3d8e5/book/7798/volume/18/page/601?database_sha256=59b3debd44645d1e86afcdc276a7a43239ad3509581c303aa6bca23fc272e3f3&segment_id=12699,EARLY_REPORT_CANDIDATE,PRE_BOUNDARY_OR_NOT_APPLICABLE,WAHB_IBN_MUNABBIH,CANDIDATE_PREFIX_EXTRACTED,2,,,,,,,
adam_report_candidate_aea38c1a6775afc0141dcd10,1ca47360c50ffbf84c33ed01,SRC-TAFSIR-TABARI-ADAM,7798,shamela://local/5ac170a3045185ccf78e81ebd473cafb8069279b898836fd768c78de76a3d8e5/book/7798/volume/18/page/602?database_sha256=59b3debd44645d1e86afcdc276a7a43239ad3509581c303aa6bca23fc272e3f3&segment_id=12700,QURAN_EXEGESIS_CONTEXT_CANDIDATE,PRE_BOUNDARY_OR_NOT_APPLICABLE,,NO_ISNAD_PREFIX_DETECTED,0,,,,,,,
adam_report_candidate_e44b907d19e4a8871cae7dbb,157dfa2875c5eef0d63593e7,SRC-TAFSIR-TABARI-ADAM,7798,shamela://local/5ac170a3045185ccf78e81ebd473cafb8069279b898836fd768c78de76a3d8e5/book/7798/volume/14/page/62?database_sha256=59b3debd44645d1e86afcdc276a7a43239ad3509581c303aa6bca23fc272e3f3&segment_id=9523,EARLY_REPORT_CANDIDATE,PRE_BOUNDARY_OR_NOT_APPLICABLE,WAHB_IBN_MUNABBIH,NO_ISNAD_PREFIX_DETECTED,4,,,,,,,
adam_report_candidate_d79e4506e0835f019fefeb75,157dfa2875c5eef0d63593e7,SRC-TAFSIR-TABARI-ADAM,7798,shamela://local/5ac170a3045185ccf78e81ebd473cafb8069279b898836fd768c78de76a3d8e5/book/7798/volume/14/page/62?database_sha256=59b3debd44645d1e86afcdc276a7a43239ad3509581c303aa6bca23fc272e3f3&segment_id=9523,EARLY_REPORT_CANDIDATE,PRE_BOUNDARY_OR_NOT_APPLICABLE,WAHB_IBN_MUNABBIH,CANDIDATE_PREFIX_EXTRACTED,4,,,,,,,
adam_report_candidate_becad2814c134233df445ea8,157dfa2875c5eef0d63593e7,SRC-TAFSIR-TABARI-ADAM,7798,shamela://local/5ac170a3045185ccf78e81ebd473cafb8069279b898836fd768c78de76a3d8e5/book/7798/volume/14/page/62?database_sha256=59b3debd44645d1e86afcdc276a7a43239ad3509581c303aa6bca23fc272e3f3&segment_id=9523,EARLY_REPORT_CANDIDATE,PRE_BOUNDARY_OR_NOT_APPLICABLE,WAHB_IBN_MUNABBIH,CANDIDATE_PREFIX_EXTRACTED,2,,,,,,,
adam_report_candidate_907f94affd4828b277755f5c,157dfa2875c5eef0d63593e7,SRC-TAFSIR-TABARI-ADAM,7798,shamela://local/5ac170a3045185ccf78e81ebd473cafb8069279b898836fd768c78de76a3d8e5/book/7798/volume/14/page/62?database_sha256=59b3debd44645d1e86afcdc276a7a43239ad3509581c303aa6bca23fc272e3f3&segment_id=9523,EARLY_REPORT_CANDIDATE,PRE_BOUNDARY_OR_NOT_APPLICABLE,WAHB_IBN_MUNABBIH,CANDIDATE_PREFIX_EXTRACTED,3,,,,,,,
adam_report_candidate_dba05f129d484970a2ea4d3a,157dfa2875c5eef0d63593e7,SRC-TAFSIR-TABARI-ADAM,7798,shamela://local/5ac170a3045185ccf78e81ebd473cafb8069279b898836fd768c78de76a3d8e5/book/7798/volume/14/page/63?database_sha256=59b3debd44645d1e86afcdc276a7a43239ad3509581c303aa6bca23fc272e3f3&segment_id=9524,EARLY_REPORT_CANDIDATE,PRE_BOUNDARY_OR_NOT_APPLICABLE,WAHB_IBN_MUNABBIH,NO_ISNAD_PREFIX_DETECTED,1,,,,,,,
adam_report_candidate_01d7e29112a89471fd5319ba,157dfa2875c5eef0d63593e7,SRC-TAFSIR-TABARI-ADAM,7798,shamela://local/5ac170a3045185ccf78e81ebd473cafb8069279b898836fd768c78de76a3d8e5/book/7798/volume/14/page/63?database_sha256=59b3debd44645d1e86afcdc276a7a43239ad3509581c303aa6bca23fc272e3f3&segment_id=9524,EARLY_REPORT_CANDIDATE,PRE_BOUNDARY_OR_NOT_APPLICABLE,WAHB_IBN_MUNABBIH,CANDIDATE_PREFIX_EXTRACTED,2,,,,,,,
adam_report_candidate_f41ea43e6e7d4d790963038e,157dfa2875c5eef0d63593e7,SRC-TAFSIR-TABARI-ADAM,7798,shamela://local/5ac170a3045185ccf78e81ebd473cafb8069279b898836fd768c78de76a3d8e5/book/7798/volume/14/page/63?database_sha256=59b3debd44645d1e86afcdc276a7a43239ad3509581c303aa6bca23fc272e3f3&segment_id=9524,EARLY_REPORT_CANDIDATE,PRE_BOUNDARY_OR_NOT_APPLICABLE,WAHB_IBN_MUNABBIH,CANDIDATE_PREFIX_EXTRACTED,6,,,,,,,
adam_report_candidate_43162435720a58ad809eecdb,157dfa2875c5eef0d63593e7,SRC-TAFSIR-TABARI-ADAM,7798,shamela://local/5ac170a3045185ccf78e81ebd473cafb8069279b898836fd768c78de76a3d8e5/book/7798/volume/14/page/63?database_sha256=59b3debd44645d1e86afcdc276a7a43239ad3509581c303aa6bca23fc272e3f3&segment_id=9524,EARLY_REPORT_CANDIDATE,PRE_BOUNDARY_OR_NOT_APPLICABLE,WAHB_IBN_MUNABBIH,CANDIDATE_PREFIX_EXTRACTED,4,,,,,,,
adam_report_candidate_be6c8b509e3ac9f9bbd5d795,157dfa2875c5eef0d63593e7,SRC-TAFSIR-TABARI-ADAM,7798,shamela://local/5ac170a3045185ccf78e81ebd473cafb8069279b898836fd768c78de76a3d8e5/book/7798/volume/14/page/64?database_sha256=59b3debd44645d1e86afcdc276a7a43239ad3509581c303aa6bca23fc272e3f3&segment_id=9525,EARLY_REPORT_CANDIDATE,PRE_BOUNDARY_OR_NOT_APPLICABLE,WAHB_IBN_MUNABBIH,NO_ISNAD_PREFIX_DETECTED,1,,,,,,,
adam_report_candidate_0b42590c6b414dd12e58b390,157dfa2875c5eef0d63593e7,SRC-TAFSIR-TABARI-ADAM,7798,shamela://local/5ac170a3045185ccf78e81ebd473cafb8069279b898836fd768c78de76a3d8e5/book/7798/volume/14/page/64?database_sha256=59b3debd44645d1e86afcdc276a7a43239ad3509581c303aa6bca23fc272e3f3&segment_id=9525,EARLY_REPORT_CANDIDATE,PRE_BOUNDARY_OR_NOT_APPLICABLE,WAHB_IBN_MUNABBIH,CANDIDATE_PREFIX_EXTRACTED,4,,,,,,,
adam_report_candidate_97ca717602a0af770d4dcfd5,157dfa2875c5eef0d63593e7,SRC-TAFSIR-TABARI-ADAM,7798,shamela://local/5ac170a3045185ccf78e81ebd473cafb8069279b898836fd768c78de76a3d8e5/book/7798/volume/14/page/64?database_sha256=59b3debd44645d1e86afcdc276a7a43239ad3509581c303aa6bca23fc272e3f3&segment_id=9525,EARLY_REPORT_CANDIDATE,PRE_BOUNDARY_OR_NOT_APPLICABLE,WAHB_IBN_MUNABBIH,CANDIDATE_PREFIX_EXTRACTED,5,,,,,,,
adam_report_candidate_ec997d823de0be9c480be9de,157dfa2875c5eef0d63593e7,SRC-TAFSIR-TABARI-ADAM,7798,shamela://local/5ac170a3045185ccf78e81ebd473cafb8069279b898836fd768c78de76a3d8e5/book/7798/volume/14/page/64?database_sha256=59b3debd44645d1e86afcdc276a7a43239ad3509581c303aa6bca23fc272e3f3&segment_id=9525,EARLY_REPORT_CANDIDATE,PRE_BOUNDARY_OR_NOT_APPLICABLE,WAHB_IBN_MUNABBIH,CANDIDATE_PREFIX_EXTRACTED,2,,,,,,,
adam_report_candidate_f50c4cb33ec9cb09c8d97294,157dfa2875c5eef0d63593e7,SRC-TAFSIR-TABARI-ADAM,7798,shamela://local/5ac170a3045185ccf78e81ebd473cafb8069279b898836fd768c78de76a3d8e5/book/7798/volume/14/page/65?database_sha256=59b3debd44645d1e86afcdc276a7a43239ad3509581c303aa6bca23fc272e3f3&segment_id=9526,EARLY_REPORT_CANDIDATE,PRE_BOUNDARY_OR_NOT_APPLICABLE,WAHB_IBN_MUNABBIH,NO_ISNAD_PREFIX_DETECTED,1,,,,,,,
adam_report_candidate_b9a1fd2d5e09ba64994a9fa4,157dfa2875c5eef0d63593e7,SRC-TAFSIR-TABARI-ADAM,7798,shamela://local/5ac170a3045185ccf78e81ebd473cafb8069279b898836fd768c78de76a3d8e5/book/7798/volume/14/page/65?database_sha256=59b3debd44645d1e86afcdc276a7a43239ad3509581c303aa6bca23fc272e3f3&segment_id=9526,EARLY_REPORT_CANDIDATE,PRE_BOUNDARY_OR_NOT_APPLICABLE,WAHB_IBN_MUNABBIH,CANDIDATE_PREFIX_EXTRACTED,3,,,,,,,
adam_report_candidate_9e9a83b928233787a2ed6eb6,157dfa2875c5eef0d63593e7,SRC-TAFSIR-TABARI-ADAM,7798,shamela://local/5ac170a3045185ccf78e81ebd473cafb8069279b898836fd768c78de76a3d8e5/book/7798/volume/14/page/65?database_sha256=59b3debd44645d1e86afcdc276a7a43239ad3509581c303aa6bca23fc272e3f3&segment_id=9526,EARLY_REPORT_CANDIDATE,PRE_BOUNDARY_OR_NOT_APPLICABLE,WAHB_IBN_MUNABBIH,CANDIDATE_PREFIX_EXTRACTED,3,,,,,,,
adam_report_candidate_bfe7702ce884d83c83e5c053,157dfa2875c5eef0d63593e7,SRC-TAFSIR-TABARI-ADAM,7798,shamela://local/5ac170a3045185ccf78e81ebd473cafb8069279b898836fd768c78de76a3d8e5/book/7798/volume/14/page/66?database_sha256=59b3debd44645d1e86afcdc276a7a43239ad3509581c303aa6bca23fc272e3f3&segment_id=9527,QURAN_EXEGESIS_CONTEXT_CANDIDATE,PRE_BOUNDARY_OR_NOT_APPLICABLE,WAHB_IBN_MUNABBIH,NO_ISNAD_PREFIX_DETECTED,0,,,,,,,
adam_report_candidate_b8bc4932293cf61907cc20cd,157dfa2875c5eef0d63593e7,SRC-TAFSIR-TABARI-ADAM,7798,shamela://local/5ac170a3045185ccf78e81ebd473cafb8069279b898836fd768c78de76a3d8e5/book/7798/volume/14/page/67?database_sha256=59b3debd44645d1e86afcdc276a7a43239ad3509581c303aa6bca23fc272e3f3&segment_id=9528,EARLY_REPORT_CANDIDATE,PRE_BOUNDARY_OR_NOT_APPLICABLE,WAHB_IBN_MUNABBIH,NO_ISNAD_PREFIX_DETECTED,5,,,,,,,
adam_report_candidate_4b8efa6ac4c7971e1187add2,157dfa2875c5eef0d63593e7,SRC-TAFSIR-TABARI-ADAM,7798,shamela://local/5ac170a3045185ccf78e81ebd473cafb8069279b898836fd768c78de76a3d8e5/book/7798/volume/14/page/67?database_sha256=59b3debd44645d1e86afcdc276a7a43239ad3509581c303aa6bca23fc272e3f3&segment_id=9528,EARLY_REPORT_CANDIDATE,PRE_BOUNDARY_OR_NOT_APPLICABLE,WAHB_IBN_MUNABBIH,CANDIDATE_PREFIX_EXTRACTED,2,,,,,,,
adam_report_candidate_2a074a571fdf32716c64090d,157dfa2875c5eef0d63593e7,SRC-TAFSIR-TABARI-ADAM,7798,shamela://local/5ac170a3045185ccf78e81ebd473cafb8069279b898836fd768c78de76a3d8e5/book/7798/volume/14/page/68?database_sha256=59b3debd44645d1e86afcdc276a7a43239ad3509581c303aa6bca23fc272e3f3&segment_id=9529,EARLY_REPORT_CANDIDATE,PRE_BOUNDARY_OR_NOT_APPLICABLE,WAHB_IBN_MUNABBIH,NO_ISNAD_PREFIX_DETECTED,2,,,,,,,
adam_report_candidate_748b3d67b297f3cd0abf2ab8,157dfa2875c5eef0d63593e7,SRC-TAFSIR-TABARI-ADAM,7798,shamela://local/5ac170a3045185ccf78e81ebd473cafb8069279b898836fd768c78de76a3d8e5/book/7798/volume/14/page/69?database_sha256=59b3debd44645d1e86afcdc276a7a43239ad3509581c303aa6bca23fc272e3f3&segment_id=9530,EARLY_REPORT_CANDIDATE,PRE_BOUNDARY_OR_NOT_APPLICABLE,WAHB_IBN_MUNABBIH,NO_ISNAD_PREFIX_DETECTED,6,,,,,,,
adam_report_candidate_8ee680137d3e337e43046009,157dfa2875c5eef0d63593e7,SRC-TAFSIR-TABARI-ADAM,7798,shamela://local/5ac170a3045185ccf78e81ebd473cafb8069279b898836fd768c78de76a3d8e5/book/7798/volume/14/page/69?database_sha256=59b3debd44645d1e86afcdc276a7a43239ad3509581c303aa6bca23fc272e3f3&segment_id=9530,EARLY_REPORT_CANDIDATE,PRE_BOUNDARY_OR_NOT_APPLICABLE,WAHB_IBN_MUNABBIH,CANDIDATE_PREFIX_EXTRACTED,3,,,,,,,
adam_report_candidate_f26f07b641801dadbc71516d,c990e5f9c5fe845870c10155,SRC-TAFSIR-TABARI-ADAM,7798,shamela://local/5ac170a3045185ccf78e81ebd473cafb8069279b898836fd768c78de76a3d8e5/book/7798/volume/5/page/458?database_sha256=59b3debd44645d1e86afcdc276a7a43239ad3509581c303aa6bca23fc272e3f3&segment_id=3575,QURAN_EXEGESIS_CONTEXT_CANDIDATE,PRE_BOUNDARY_OR_NOT_APPLICABLE,,NO_ISNAD_PREFIX_DETECTED,0,,,,,,,
adam_report_candidate_0b9f75a5be625ba8c500067e,c990e5f9c5fe845870c10155,SRC-TAFSIR-TABARI-ADAM,7798,shamela://local/5ac170a3045185ccf78e81ebd473cafb8069279b898836fd768c78de76a3d8e5/book/7798/volume/5/page/458?database_sha256=59b3debd44645d1e86afcdc276a7a43239ad3509581c303aa6bca23fc272e3f3&segment_id=3575,EARLY_REPORT_CANDIDATE,PRE_BOUNDARY_OR_NOT_APPLICABLE,,CANDIDATE_PREFIX_EXTRACTED,4,,,,,,,
adam_report_candidate_2ac986f76c134c312fdb0af5,c990e5f9c5fe845870c10155,SRC-TAFSIR-TABARI-ADAM,7798,shamela://local/5ac170a3045185ccf78e81ebd473cafb8069279b898836fd768c78de76a3d8e5/book/7798/volume/5/page/458?database_sha256=59b3debd44645d1e86afcdc276a7a43239ad3509581c303aa6bca23fc272e3f3&segment_id=3575,EARLY_REPORT_CANDIDATE,PRE_BOUNDARY_OR_NOT_APPLICABLE,,CANDIDATE_PREFIX_EXTRACTED,3,,,,,,,
adam_report_candidate_66c2339238804f5e6bd26da3,c990e5f9c5fe845870c10155,SRC-TAFSIR-TABARI-ADAM,7798,shamela://local/5ac170a3045185ccf78e81ebd473cafb8069279b898836fd768c78de76a3d8e5/book/7798/volume/5/page/459?database_sha256=59b3debd44645d1e86afcdc276a7a43239ad3509581c303aa6bca23fc272e3f3&segment_id=3576,EARLY_REPORT_CANDIDATE,PRE_BOUNDARY_OR_NOT_APPLICABLE,,CANDIDATE_PREFIX_EXTRACTED,3,,,,,,,
adam_report_candidate_88d6a3fe91f818d5e1b474e4,c990e5f9c5fe845870c10155,SRC-TAFSIR-TABARI-ADAM,7798,shamela://local/5ac170a3045185ccf78e81ebd473cafb8069279b898836fd768c78de76a3d8e5/book/7798/volume/5/page/459?database_sha256=59b3debd44645d1e86afcdc276a7a43239ad3509581c303aa6bca23fc272e3f3&segment_id=3576,EARLY_REPORT_CANDIDATE,PRE_BOUNDARY_OR_NOT_APPLICABLE,,CANDIDATE_PREFIX_EXTRACTED,3,,,,,,,
adam_report_candidate_512293a4520c2fda27196eac,c990e5f9c5fe845870c10155,SRC-TAFSIR-TABARI-ADAM,7798,shamela://local/5ac170a3045185ccf78e81ebd473cafb8069279b898836fd768c78de76a3d8e5/book/7798/volume/5/page/460?database_sha256=59b3debd44645d1e86afcdc276a7a43239ad3509581c303aa6bca23fc272e3f3&segment_id=3577,EARLY_REPORT_CANDIDATE,PRE_BOUNDARY_OR_NOT_APPLICABLE,,CANDIDATE_PREFIX_EXTRACTED,4,,,,,,,
adam_report_candidate_20c32946aedc69fd227d7973,c990e5f9c5fe845870c10155,SRC-TAFSIR-TABARI-ADAM,7798,shamela://local/5ac170a3045185ccf78e81ebd473cafb8069279b898836fd768c78de76a3d8e5/book/7798/volume/5/page/460?database_sha256=59b3debd44645d1e86afcdc276a7a43239ad3509581c303aa6bca23fc272e3f3&segment_id=3577,EARLY_REPORT_CANDIDATE,PRE_BOUNDARY_OR_NOT_APPLICABLE,,CANDIDATE_PREFIX_EXTRACTED,4,,,,,,,
adam_report_candidate_6a926a841155071a0422b534,c990e5f9c5fe845870c10155,SRC-TAFSIR-TABARI-ADAM,7798,shamela://local/5ac170a3045185ccf78e81ebd473cafb8069279b898836fd768c78de76a3d8e5/book/7798/volume/5/page/461?database_sha256=59b3debd44645d1e86afcdc276a7a43239ad3509581c303aa6bca23fc272e3f3&segment_id=3578,QURAN_EXEGESIS_CONTEXT_CANDIDATE,PRE_BOUNDARY_OR_NOT_APPLICABLE,,NO_ISNAD_PREFIX_DETECTED,0,,,,,,,
adam_report_candidate_48cecbc8d86cbd3033426236,c990e5f9c5fe845870c10155,SRC-TAFSIR-TABARI-ADAM,7798,shamela://local/5ac170a3045185ccf78e81ebd473cafb8069279b898836fd768c78de76a3d8e5/book/7798/volume/5/page/461?database_sha256=59b3debd44645d1e86afcdc276a7a43239ad3509581c303aa6bca23fc272e3f3&segment_id=3578,PROPHETIC_HADITH_CANDIDATE,PRE_BOUNDARY_OR_NOT_APPLICABLE,,CANDIDATE_PREFIX_EXTRACTED,3,,,,,,,
adam_report_candidate_a2b77382f138e7c762299c91,c990e5f9c5fe845870c10155,SRC-TAFSIR-TABARI-ADAM,7798,shamela://local/5ac170a3045185ccf78e81ebd473cafb8069279b898836fd768c78de76a3d8e5/book/7798/volume/5/page/462?database_sha256=59b3debd44645d1e86afcdc276a7a43239ad3509581c303aa6bca23fc272e3f3&segment_id=3579,PROPHETIC_HADITH_CANDIDATE,PRE_BOUNDARY_OR_NOT_APPLICABLE,,CANDIDATE_PREFIX_EXTRACTED,0,,,,,,,
adam_report_candidate_7daa4563af70fd426b44a6ad,c990e5f9c5fe845870c10155,SRC-TAFSIR-TABARI-ADAM,7798,shamela://local/5ac170a3045185ccf78e81ebd473cafb8069279b898836fd768c78de76a3d8e5/book/7798/volume/5/page/462?database_sha256=59b3debd44645d1e86afcdc276a7a43239ad3509581c303aa6bca23fc272e3f3&segment_id=3579,EARLY_REPORT_CANDIDATE,PRE_BOUNDARY_OR_NOT_APPLICABLE,,CANDIDATE_PREFIX_EXTRACTED,3,,,,,,,
adam_report_candidate_c8507215d7f7b814d936698c,c990e5f9c5fe845870c10155,SRC-TAFSIR-TABARI-ADAM,7798,shamela://local/5ac170a3045185ccf78e81ebd473cafb8069279b898836fd768c78de76a3d8e5/book/7798/volume/5/page/462?database_sha256=59b3debd44645d1e86afcdc276a7a43239ad3509581c303aa6bca23fc272e3f3&segment_id=3579,EARLY_REPORT_CANDIDATE,PRE_BOUNDARY_OR_NOT_APPLICABLE,WAHB_IBN_MUNABBIH,CANDIDATE_PREFIX_EXTRACTED,2,,,,,,,
adam_report_candidate_69ebf687d19081f15b443608,c990e5f9c5fe845870c10155,SRC-TAFSIR-TABARI-ADAM,7798,shamela://local/5ac170a3045185ccf78e81ebd473cafb8069279b898836fd768c78de76a3d8e5/book/7798/volume/5/page/463?database_sha256=59b3debd44645d1e86afcdc276a7a43239ad3509581c303aa6bca23fc272e3f3&segment_id=3580,QURAN_EXEGESIS_CONTEXT_CANDIDATE,PRE_BOUNDARY_OR_NOT_APPLICABLE,,NO_ISNAD_PREFIX_DETECTED,0,,,,,,,
adam_report_candidate_1c8286007d1f0fde2838cbbb,c990e5f9c5fe845870c10155,SRC-TAFSIR-TABARI-ADAM,7798,shamela://local/5ac170a3045185ccf78e81ebd473cafb8069279b898836fd768c78de76a3d8e5/book/7798/volume/5/page/464?database_sha256=59b3debd44645d1e86afcdc276a7a43239ad3509581c303aa6bca23fc272e3f3&segment_id=3581,EARLY_REPORT_CANDIDATE,PRE_BOUNDARY_OR_NOT_APPLICABLE,,NO_ISNAD_PREFIX_DETECTED,1,,,,,,,
adam_report_candidate_4e036c605a580136099568f0,c990e5f9c5fe845870c10155,SRC-TAFSIR-TABARI-ADAM,7798,shamela://local/5ac170a3045185ccf78e81ebd473cafb8069279b898836fd768c78de76a3d8e5/book/7798/volume/5/page/464?database_sha256=59b3debd44645d1e86afcdc276a7a43239ad3509581c303aa6bca23fc272e3f3&segment_id=3581,EARLY_REPORT_CANDIDATE,PRE_BOUNDARY_OR_NOT_APPLICABLE,,CANDIDATE_PREFIX_EXTRACTED,3,,,,,,,
adam_report_candidate_62013c9eaa7e535a89c9d3e0,c990e5f9c5fe845870c10155,SRC-TAFSIR-TABARI-ADAM,7798,shamela://local/5ac170a3045185ccf78e81ebd473cafb8069279b898836fd768c78de76a3d8e5/book/7798/volume/5/page/464?database_sha256=59b3debd44645d1e86afcdc276a7a43239ad3509581c303aa6bca23fc272e3f3&segment_id=3581,EARLY_REPORT_CANDIDATE,PRE_BOUNDARY_OR_NOT_APPLICABLE,,CANDIDATE_PREFIX_EXTRACTED,3,,,,,,,
adam_report_candidate_e4286a262d92a5eedb3d30dd,c990e5f9c5fe845870c10155,SRC-TAFSIR-TABARI-ADAM,7798,shamela://local/5ac170a3045185ccf78e81ebd473cafb8069279b898836fd768c78de76a3d8e5/book/7798/volume/5/page/464?database_sha256=59b3debd44645d1e86afcdc276a7a43239ad3509581c303aa6bca23fc272e3f3&segment_id=3581,EARLY_REPORT_CANDIDATE,PRE_BOUNDARY_OR_NOT_APPLICABLE,,CANDIDATE_PREFIX_EXTRACTED,3,,,,,,,
adam_report_candidate_0de4c9562bda9b2ff3e2c08e,c990e5f9c5fe845870c10155,SRC-TAFSIR-TABARI-ADAM,7798,shamela://local/5ac170a3045185ccf78e81ebd473cafb8069279b898836fd768c78de76a3d8e5/book/7798/volume/5/page/464?database_sha256=59b3debd44645d1e86afcdc276a7a43239ad3509581c303aa6bca23fc272e3f3&segment_id=3581,EARLY_REPORT_CANDIDATE,PRE_BOUNDARY_OR_NOT_APPLICABLE,WAHB_IBN_MUNABBIH,CANDIDATE_PREFIX_EXTRACTED,2,,,,,,,
adam_report_candidate_838b06cbca0291e891787ee0,c990e5f9c5fe845870c10155,SRC-TAFSIR-TABARI-ADAM,7798,shamela://local/5ac170a3045185ccf78e81ebd473cafb8069279b898836fd768c78de76a3d8e5/book/7798/volume/5/page/465?database_sha256=59b3debd44645d1e86afcdc276a7a43239ad3509581c303aa6bca23fc272e3f3&segment_id=3582,EARLY_REPORT_CANDIDATE,PRE_BOUNDARY_OR_NOT_APPLICABLE,,NO_ISNAD_PREFIX_DETECTED,3,,,,,,,
adam_report_candidate_69d32ff238a96f5a43116f4f,7b0ef97e83f84e937b247d40,SRC-TAFSIR-TABARI-ADAM,7798,shamela://local/5ac170a3045185ccf78e81ebd473cafb8069279b898836fd768c78de76a3d8e5/book/7798/volume/22/page/190?database_sha256=59b3debd44645d1e86afcdc276a7a43239ad3509581c303aa6bca23fc272e3f3&segment_id=14855,EARLY_REPORT_CANDIDATE,PRE_BOUNDARY_OR_NOT_APPLICABLE,,CANDIDATE_PREFIX_EXTRACTED,1,,,,,,,
adam_report_candidate_082e6fba9715c52208eb88ba,7b0ef97e83f84e937b247d40,SRC-TAFSIR-TABARI-ADAM,7798,shamela://local/5ac170a3045185ccf78e81ebd473cafb8069279b898836fd768c78de76a3d8e5/book/7798/volume/22/page/190?database_sha256=59b3debd44645d1e86afcdc276a7a43239ad3509581c303aa6bca23fc272e3f3&segment_id=14855,PROPHETIC_HADITH_CANDIDATE,PRE_BOUNDARY_OR_NOT_APPLICABLE,,CANDIDATE_PREFIX_EXTRACTED,4,,,,,,,
adam_report_candidate_c66cc4370cd18410b469e59b,7b0ef97e83f84e937b247d40,SRC-TAFSIR-TABARI-ADAM,7798,shamela://local/5ac170a3045185ccf78e81ebd473cafb8069279b898836fd768c78de76a3d8e5/book/7798/volume/22/page/190?database_sha256=59b3debd44645d1e86afcdc276a7a43239ad3509581c303aa6bca23fc272e3f3&segment_id=14855,EARLY_REPORT_CANDIDATE,PRE_BOUNDARY_OR_NOT_APPLICABLE,,CANDIDATE_PREFIX_EXTRACTED,4,,,,,,,
adam_report_candidate_5dbc3af6154eb9145c309a61,7b0ef97e83f84e937b247d40,SRC-TAFSIR-TABARI-ADAM,7798,shamela://local/5ac170a3045185ccf78e81ebd473cafb8069279b898836fd768c78de76a3d8e5/book/7798/volume/22/page/190?database_sha256=59b3debd44645d1e86afcdc276a7a43239ad3509581c303aa6bca23fc272e3f3&segment_id=14855,EARLY_REPORT_CANDIDATE,PRE_BOUNDARY_OR_NOT_APPLICABLE,,CANDIDATE_PREFIX_EXTRACTED,5,,,,,,,
adam_report_candidate_01e82365f7c49dd00e99dfd6,7b0ef97e83f84e937b247d40,SRC-TAFSIR-TABARI-ADAM,7798,shamela://local/5ac170a3045185ccf78e81ebd473cafb8069279b898836fd768c78de76a3d8e5/book/7798/volume/22/page/191?database_sha256=59b3debd44645d1e86afcdc276a7a43239ad3509581c303aa6bca23fc272e3f3&segment_id=14856,EARLY_REPORT_CANDIDATE,PRE_BOUNDARY_OR_NOT_APPLICABLE,,NO_ISNAD_PREFIX_DETECTED,1,,,,,,,
adam_report_candidate_e25cdb4a3fcf573541777992,7b0ef97e83f84e937b247d40,SRC-TAFSIR-TABARI-ADAM,7798,shamela://local/5ac170a3045185ccf78e81ebd473cafb8069279b898836fd768c78de76a3d8e5/book/7798/volume/22/page/191?database_sha256=59b3debd44645d1e86afcdc276a7a43239ad3509581c303aa6bca23fc272e3f3&segment_id=14856,EARLY_REPORT_CANDIDATE,PRE_BOUNDARY_OR_NOT_APPLICABLE,WAHB_IBN_MUNABBIH,CANDIDATE_PREFIX_EXTRACTED,2,,,,,,,
adam_report_candidate_d2b6ef24e107350e5ec3b094,7b0ef97e83f84e937b247d40,SRC-TAFSIR-TABARI-ADAM,7798,shamela://local/5ac170a3045185ccf78e81ebd473cafb8069279b898836fd768c78de76a3d8e5/book/7798/volume/22/page/192?database_sha256=59b3debd44645d1e86afcdc276a7a43239ad3509581c303aa6bca23fc272e3f3&segment_id=14857,EARLY_REPORT_CANDIDATE,PRE_BOUNDARY_OR_NOT_APPLICABLE,,NO_ISNAD_PREFIX_DETECTED,1,,,,,,,
adam_report_candidate_0dce8dc54baca66fe989a7fe,7b0ef97e83f84e937b247d40,SRC-TAFSIR-TABARI-ADAM,7798,shamela://local/5ac170a3045185ccf78e81ebd473cafb8069279b898836fd768c78de76a3d8e5/book/7798/volume/22/page/192?database_sha256=59b3debd44645d1e86afcdc276a7a43239ad3509581c303aa6bca23fc272e3f3&segment_id=14857,EARLY_REPORT_CANDIDATE,PRE_BOUNDARY_OR_NOT_APPLICABLE,,CANDIDATE_PREFIX_EXTRACTED,4,,,,,,,
adam_report_candidate_d3618fc23d8372f7e4e2de7f,7b0ef97e83f84e937b247d40,SRC-TAFSIR-TABARI-ADAM,7798,shamela://local/5ac170a3045185ccf78e81ebd473cafb8069279b898836fd768c78de76a3d8e5/book/7798/volume/22/page/192?database_sha256=59b3debd44645d1e86afcdc276a7a43239ad3509581c303aa6bca23fc272e3f3&segment_id=14857,EARLY_REPORT_CANDIDATE,PRE_BOUNDARY_OR_NOT_APPLICABLE,,CANDIDATE_PREFIX_EXTRACTED,10,,,,,,,
adam_report_candidate_b7a513645dff17f17db626e0,7b0ef97e83f84e937b247d40,SRC-TAFSIR-TABARI-ADAM,7798,shamela://local/5ac170a3045185ccf78e81ebd473cafb8069279b898836fd768c78de76a3d8e5/book/7798/volume/22/page/193?database_sha256=59b3debd44645d1e86afcdc276a7a43239ad3509581c303aa6bca23fc272e3f3&segment_id=14858,EARLY_REPORT_CANDIDATE,PRE_BOUNDARY_OR_NOT_APPLICABLE,,CANDIDATE_PREFIX_EXTRACTED,3,,,,,,,
adam_report_candidate_eda49cf0a0ee7f901dbd60ce,7b0ef97e83f84e937b247d40,SRC-TAFSIR-TABARI-ADAM,7798,shamela://local/5ac170a3045185ccf78e81ebd473cafb8069279b898836fd768c78de76a3d8e5/book/7798/volume/22/page/193?database_sha256=59b3debd44645d1e86afcdc276a7a43239ad3509581c303aa6bca23fc272e3f3&segment_id=14858,EARLY_REPORT_CANDIDATE,PRE_BOUNDARY_OR_NOT_APPLICABLE,,CANDIDATE_PREFIX_EXTRACTED,9,,,,,,,
adam_report_candidate_2b8cadd72a6c4c26b35b80e8,7b0ef97e83f84e937b247d40,SRC-TAFSIR-TABARI-ADAM,7798,shamela://local/5ac170a3045185ccf78e81ebd473cafb8069279b898836fd768c78de76a3d8e5/book/7798/volume/22/page/193?database_sha256=59b3debd44645d1e86afcdc276a7a43239ad3509581c303aa6bca23fc272e3f3&segment_id=14858,EARLY_REPORT_CANDIDATE,PRE_BOUNDARY_OR_NOT_APPLICABLE,,CANDIDATE_PREFIX_EXTRACTED,2,,,,,,,
adam_report_candidate_390f6515d628a048cb073424,7b0ef97e83f84e937b247d40,SRC-TAFSIR-TABARI-ADAM,7798,shamela://local/5ac170a3045185ccf78e81ebd473cafb8069279b898836fd768c78de76a3d8e5/book/7798/volume/22/page/193?database_sha256=59b3debd44645d1e86afcdc276a7a43239ad3509581c303aa6bca23fc272e3f3&segment_id=14858,EARLY_REPORT_CANDIDATE,PRE_BOUNDARY_OR_NOT_APPLICABLE,WAHB_IBN_MUNABBIH,CANDIDATE_PREFIX_EXTRACTED,5,,,,,,,
adam_report_candidate_a5fb9479d9859c53c67d7d8a,7b0ef97e83f84e937b247d40,SRC-TAFSIR-TABARI-ADAM,7798,shamela://local/5ac170a3045185ccf78e81ebd473cafb8069279b898836fd768c78de76a3d8e5/book/7798/volume/22/page/194?database_sha256=59b3debd44645d1e86afcdc276a7a43239ad3509581c303aa6bca23fc272e3f3&segment_id=14859,EARLY_REPORT_CANDIDATE,PRE_BOUNDARY_OR_NOT_APPLICABLE,,NO_ISNAD_PREFIX_DETECTED,4,,,,,,,
adam_report_candidate_b9525c29a2f375334439d863,7b0ef97e83f84e937b247d40,SRC-TAFSIR-TABARI-ADAM,7798,shamela://local/5ac170a3045185ccf78e81ebd473cafb8069279b898836fd768c78de76a3d8e5/book/7798/volume/22/page/194?database_sha256=59b3debd44645d1e86afcdc276a7a43239ad3509581c303aa6bca23fc272e3f3&segment_id=14859,EARLY_REPORT_CANDIDATE,PRE_BOUNDARY_OR_NOT_APPLICABLE,,CANDIDATE_PREFIX_EXTRACTED,3,,,,,,,
adam_report_candidate_4ca6c5378415599b42c6b6eb,7b0ef97e83f84e937b247d40,SRC-TAFSIR-TABARI-ADAM,7798,shamela://local/5ac170a3045185ccf78e81ebd473cafb8069279b898836fd768c78de76a3d8e5/book/7798/volume/22/page/195?database_sha256=59b3debd44645d1e86afcdc276a7a43239ad3509581c303aa6bca23fc272e3f3&segment_id=14860,EARLY_REPORT_CANDIDATE,PRE_BOUNDARY_OR_NOT_APPLICABLE,,NO_ISNAD_PREFIX_DETECTED,4,,,,,,,
adam_report_candidate_6742961995c0d4b306354e4c,7b0ef97e83f84e937b247d40,SRC-TAFSIR-TABARI-ADAM,7798,shamela://local/5ac170a3045185ccf78e81ebd473cafb8069279b898836fd768c78de76a3d8e5/book/7798/volume/22/page/195?database_sha256=59b3debd44645d1e86afcdc276a7a43239ad3509581c303aa6bca23fc272e3f3&segment_id=14860,EARLY_REPORT_CANDIDATE,PRE_BOUNDARY_OR_NOT_APPLICABLE,,CANDIDATE_PREFIX_EXTRACTED,7,,,,,,,
adam_report_candidate_f6a99f732f83067bed672009,7b0ef97e83f84e937b247d40,SRC-TAFSIR-TABARI-ADAM,7798,shamela://local/5ac170a3045185ccf78e81ebd473cafb8069279b898836fd768c78de76a3d8e5/book/7798/volume/22/page/195?database_sha256=59b3debd44645d1e86afcdc276a7a43239ad3509581c303aa6bca23fc272e3f3&segment_id=14860,EARLY_REPORT_CANDIDATE,PRE_BOUNDARY_OR_NOT_APPLICABLE,,CANDIDATE_PREFIX_EXTRACTED,7,,,,,,,
adam_report_candidate_4a5afc2ad0118a2dbbfaa82a,09867b6b744700570dd04bf7,SRC-TAFSIR-TABARI-ADAM,7798,shamela://local/5ac170a3045185ccf78e81ebd473cafb8069279b898836fd768c78de76a3d8e5/book/7798/volume/18/page/476?database_sha256=59b3debd44645d1e86afcdc276a7a43239ad3509581c303aa6bca23fc272e3f3&segment_id=12574,QURAN_EXEGESIS_CONTEXT_CANDIDATE,PRE_BOUNDARY_OR_NOT_APPLICABLE,,NO_ISNAD_PREFIX_DETECTED,0,,,,,,,
adam_report_candidate_13a54d4c77f198ffc46e270c,09867b6b744700570dd04bf7,SRC-TAFSIR-TABARI-ADAM,7798,shamela://local/5ac170a3045185ccf78e81ebd473cafb8069279b898836fd768c78de76a3d8e5/book/7798/volume/18/page/476?database_sha256=59b3debd44645d1e86afcdc276a7a43239ad3509581c303aa6bca23fc272e3f3&segment_id=12574,EARLY_REPORT_CANDIDATE,PRE_BOUNDARY_OR_NOT_APPLICABLE,,CANDIDATE_PREFIX_EXTRACTED,3,,,,,,,
adam_report_candidate_36634215838fc720be7d5327,09867b6b744700570dd04bf7,SRC-TAFSIR-TABARI-ADAM,7798,shamela://local/5ac170a3045185ccf78e81ebd473cafb8069279b898836fd768c78de76a3d8e5/book/7798/volume/18/page/477?database_sha256=59b3debd44645d1e86afcdc276a7a43239ad3509581c303aa6bca23fc272e3f3&segment_id=12575,EARLY_REPORT_CANDIDATE,PRE_BOUNDARY_OR_NOT_APPLICABLE,,CANDIDATE_PREFIX_EXTRACTED,3,,,,,,,
adam_report_candidate_ff8476cfca37b46fea82bf1c,09867b6b744700570dd04bf7,SRC-TAFSIR-TABARI-ADAM,7798,shamela://local/5ac170a3045185ccf78e81ebd473cafb8069279b898836fd768c78de76a3d8e5/book/7798/volume/18/page/477?database_sha256=59b3debd44645d1e86afcdc276a7a43239ad3509581c303aa6bca23fc272e3f3&segment_id=12575,EARLY_REPORT_CANDIDATE,PRE_BOUNDARY_OR_NOT_APPLICABLE,,CANDIDATE_PREFIX_EXTRACTED,4,,,,,,,
adam_report_candidate_a959c90e6e8cbdd97dc16534,09867b6b744700570dd04bf7,SRC-TAFSIR-TABARI-ADAM,7798,shamela://local/5ac170a3045185ccf78e81ebd473cafb8069279b898836fd768c78de76a3d8e5/book/7798/volume/18/page/478?database_sha256=59b3debd44645d1e86afcdc276a7a43239ad3509581c303aa6bca23fc272e3f3&segment_id=12576,EARLY_REPORT_CANDIDATE,PRE_BOUNDARY_OR_NOT_APPLICABLE,,NO_ISNAD_PREFIX_DETECTED,1,,,,,,,
adam_report_candidate_be79a0495d509398585fa137,09867b6b744700570dd04bf7,SRC-TAFSIR-TABARI-ADAM,7798,shamela://local/5ac170a3045185ccf78e81ebd473cafb8069279b898836fd768c78de76a3d8e5/book/7798/volume/18/page/478?database_sha256=59b3debd44645d1e86afcdc276a7a43239ad3509581c303aa6bca23fc272e3f3&segment_id=12576,EARLY_REPORT_CANDIDATE,PRE_BOUNDARY_OR_NOT_APPLICABLE,,CANDIDATE_PREFIX_EXTRACTED,3,,,,,,,
adam_report_candidate_61d961443b781ac44cd1f536,09867b6b744700570dd04bf7,SRC-TAFSIR-TABARI-ADAM,7798,shamela://local/5ac170a3045185ccf78e81ebd473cafb8069279b898836fd768c78de76a3d8e5/book/7798/volume/18/page/478?database_sha256=59b3debd44645d1e86afcdc276a7a43239ad3509581c303aa6bca23fc272e3f3&segment_id=12576,EARLY_REPORT_CANDIDATE,PRE_BOUNDARY_OR_NOT_APPLICABLE,,CANDIDATE_PREFIX_EXTRACTED,2,,,,,,,
adam_report_candidate_8666d3513612f93be8523335,09867b6b744700570dd04bf7,SRC-TAFSIR-TABARI-ADAM,7798,shamela://local/5ac170a3045185ccf78e81ebd473cafb8069279b898836fd768c78de76a3d8e5/book/7798/volume/18/page/479?database_sha256=59b3debd44645d1e86afcdc276a7a43239ad3509581c303aa6bca23fc272e3f3&segment_id=12577,QURAN_EXEGESIS_CONTEXT_CANDIDATE,PRE_BOUNDARY_OR_NOT_APPLICABLE,,NO_ISNAD_PREFIX_DETECTED,0,,,,,,,
adam_report_candidate_c726cb253a4dc1918ec85b09,484a22912f6d138342fdbbf0,SRC-TAFSIR-TABARI-ADAM,7798,shamela://local/5ac170a3045185ccf78e81ebd473cafb8069279b898836fd768c78de76a3d8e5/book/7798/volume/16/page/180?database_sha256=59b3debd44645d1e86afcdc276a7a43239ad3509581c303aa6bca23fc272e3f3&segment_id=10955,EARLY_REPORT_CANDIDATE,PRE_BOUNDARY_OR_NOT_APPLICABLE,,NO_ISNAD_PREFIX_DETECTED,3,EV-ADAM-050 | EV-ADAM-051 | EV-ADAM-052 | EV-ADAM-053 | EV-ADAM-054 | EV-ADAM-055 | EV-ADAM-080 | EV-ADAM-081 | EV-ADAM-082 | EV-ADAM-090 | EV-ADAM-091 | EV-ADAM-099,RQ-ADAM-017 | RQ-ADAM-018 | RQ-ADAM-019 | RQ-ADAM-020 | RQ-ADAM-028 | RQ-ADAM-029 | RQ-ADAM-030 | RQ-ADAM-032,,,,,
adam_report_candidate_2c837f0aa8a4fc2a95b740f5,484a22912f6d138342fdbbf0,SRC-TAFSIR-TABARI-ADAM,7798,shamela://local/5ac170a3045185ccf78e81ebd473cafb8069279b898836fd768c78de76a3d8e5/book/7798/volume/16/page/180?database_sha256=59b3debd44645d1e86afcdc276a7a43239ad3509581c303aa6bca23fc272e3f3&segment_id=10955,EARLY_REPORT_CANDIDATE,PRE_BOUNDARY_OR_NOT_APPLICABLE,,CANDIDATE_PREFIX_EXTRACTED,2,EV-ADAM-050 | EV-ADAM-051 | EV-ADAM-052 | EV-ADAM-053 | EV-ADAM-054 | EV-ADAM-055 | EV-ADAM-080 | EV-ADAM-081 | EV-ADAM-082 | EV-ADAM-090 | EV-ADAM-091 | EV-ADAM-099,RQ-ADAM-017 | RQ-ADAM-018 | RQ-ADAM-019 | RQ-ADAM-020 | RQ-ADAM-028 | RQ-ADAM-029 | RQ-ADAM-030 | RQ-ADAM-032,,,,,
adam_report_candidate_fd6549da108b6b6ad3a59b40,484a22912f6d138342fdbbf0,SRC-TAFSIR-TABARI-ADAM,7798,shamela://local/5ac170a3045185ccf78e81ebd473cafb8069279b898836fd768c78de76a3d8e5/book/7798/volume/16/page/180?database_sha256=59b3debd44645d1e86afcdc276a7a43239ad3509581c303aa6bca23fc272e3f3&segment_id=10955,EARLY_REPORT_CANDIDATE,PRE_BOUNDARY_OR_NOT_APPLICABLE,,CANDIDATE_PREFIX_EXTRACTED,2,EV-ADAM-050 | EV-ADAM-051 | EV-ADAM-052 | EV-ADAM-053 | EV-ADAM-054 | EV-ADAM-055 | EV-ADAM-080 | EV-ADAM-081 | EV-ADAM-082 | EV-ADAM-090 | EV-ADAM-091 | EV-ADAM-099,RQ-ADAM-017 | RQ-ADAM-018 | RQ-ADAM-019 | RQ-ADAM-020 | RQ-ADAM-028 | RQ-ADAM-029 | RQ-ADAM-030 | RQ-ADAM-032,,,,,
adam_report_candidate_3563c18922a9c83337eb19ff,484a22912f6d138342fdbbf0,SRC-TAFSIR-TABARI-ADAM,7798,shamela://local/5ac170a3045185ccf78e81ebd473cafb8069279b898836fd768c78de76a3d8e5/book/7798/volume/16/page/180?database_sha256=59b3debd44645d1e86afcdc276a7a43239ad3509581c303aa6bca23fc272e3f3&segment_id=10955,EARLY_REPORT_CANDIDATE,PRE_BOUNDARY_OR_NOT_APPLICABLE,,CANDIDATE_PREFIX_EXTRACTED,3,EV-ADAM-050 | EV-ADAM-051 | EV-ADAM-052 | EV-ADAM-053 | EV-ADAM-054 | EV-ADAM-055 | EV-ADAM-080 | EV-ADAM-081 | EV-ADAM-082 | EV-ADAM-090 | EV-ADAM-091 | EV-ADAM-099,RQ-ADAM-017 | RQ-ADAM-018 | RQ-ADAM-019 | RQ-ADAM-020 | RQ-ADAM-028 | RQ-ADAM-029 | RQ-ADAM-030 | RQ-ADAM-032,,,,,
adam_report_candidate_549e216f3b7ef464d658e0e4,484a22912f6d138342fdbbf0,SRC-TAFSIR-TABARI-ADAM,7798,shamela://local/5ac170a3045185ccf78e81ebd473cafb8069279b898836fd768c78de76a3d8e5/book/7798/volume/16/page/181?database_sha256=59b3debd44645d1e86afcdc276a7a43239ad3509581c303aa6bca23fc272e3f3&segment_id=10956,EARLY_REPORT_CANDIDATE,PRE_BOUNDARY_OR_NOT_APPLICABLE,,NO_ISNAD_PREFIX_DETECTED,1,EV-ADAM-050 | EV-ADAM-051 | EV-ADAM-052 | EV-ADAM-053 | EV-ADAM-054 | EV-ADAM-055 | EV-ADAM-080 | EV-ADAM-081 | EV-ADAM-082 | EV-ADAM-090 | EV-ADAM-091 | EV-ADAM-099,RQ-ADAM-017 | RQ-ADAM-018 | RQ-ADAM-019 | RQ-ADAM-020 | RQ-ADAM-028 | RQ-ADAM-029 | RQ-ADAM-030 | RQ-ADAM-032,,,,,
adam_report_candidate_059706f5e9606b7f5b626e1b,484a22912f6d138342fdbbf0,SRC-TAFSIR-TABARI-ADAM,7798,shamela://local/5ac170a3045185ccf78e81ebd473cafb8069279b898836fd768c78de76a3d8e5/book/7798/volume/16/page/181?database_sha256=59b3debd44645d1e86afcdc276a7a43239ad3509581c303aa6bca23fc272e3f3&segment_id=10956,EARLY_REPORT_CANDIDATE,PRE_BOUNDARY_OR_NOT_APPLICABLE,,CANDIDATE_PREFIX_EXTRACTED,6,EV-ADAM-050 | EV-ADAM-051 | EV-ADAM-052 | EV-ADAM-053 | EV-ADAM-054 | EV-ADAM-055 | EV-ADAM-080 | EV-ADAM-081 | EV-ADAM-082 | EV-ADAM-090 | EV-ADAM-091 | EV-ADAM-099,RQ-ADAM-017 | RQ-ADAM-018 | RQ-ADAM-019 | RQ-ADAM-020 | RQ-ADAM-028 | RQ-ADAM-029 | RQ-ADAM-030 | RQ-ADAM-032,,,,,
adam_report_candidate_8e77f6e03a3a1c834abc2373,484a22912f6d138342fdbbf0,SRC-TAFSIR-TABARI-ADAM,7798,shamela://local/5ac170a3045185ccf78e81ebd473cafb8069279b898836fd768c78de76a3d8e5/book/7798/volume/16/page/181?database_sha256=59b3debd44645d1e86afcdc276a7a43239ad3509581c303aa6bca23fc272e3f3&segment_id=10956,EARLY_REPORT_CANDIDATE,PRE_BOUNDARY_OR_NOT_APPLICABLE,,CANDIDATE_PREFIX_EXTRACTED,2,EV-ADAM-050 | EV-ADAM-051 | EV-ADAM-052 | EV-ADAM-053 | EV-ADAM-054 | EV-ADAM-055 | EV-ADAM-080 | EV-ADAM-081 | EV-ADAM-082 | EV-ADAM-090 | EV-ADAM-091 | EV-ADAM-099,RQ-ADAM-017 | RQ-ADAM-018 | RQ-ADAM-019 | RQ-ADAM-020 | RQ-ADAM-028 | RQ-ADAM-029 | RQ-ADAM-030 | RQ-ADAM-032,,,,,
adam_report_candidate_c748b515cfb4349a42a1c2c6,e3bfa57f820206715ad6e9be,SRC-TAFSIR-TABARI-ADAM,7798,shamela://local/5ac170a3045185ccf78e81ebd473cafb8069279b898836fd768c78de76a3d8e5/book/7798/volume/9/page/149?database_sha256=59b3debd44645d1e86afcdc276a7a43239ad3509581c303aa6bca23fc272e3f3&segment_id=6182,EARLY_REPORT_CANDIDATE,PRE_BOUNDARY_OR_NOT_APPLICABLE,,NO_ISNAD_PREFIX_DETECTED,3,,,,,,,
adam_report_candidate_560cadab74f2a7a9a9f22b41,e3bfa57f820206715ad6e9be,SRC-TAFSIR-TABARI-ADAM,7798,shamela://local/5ac170a3045185ccf78e81ebd473cafb8069279b898836fd768c78de76a3d8e5/book/7798/volume/9/page/149?database_sha256=59b3debd44645d1e86afcdc276a7a43239ad3509581c303aa6bca23fc272e3f3&segment_id=6182,EARLY_REPORT_CANDIDATE,PRE_BOUNDARY_OR_NOT_APPLICABLE,WAHB_IBN_MUNABBIH,CANDIDATE_PREFIX_EXTRACTED,2,,,,,,,
adam_report_candidate_781ddee38835249f0e832ced,e3bfa57f820206715ad6e9be,SRC-TAFSIR-TABARI-ADAM,7798,shamela://local/5ac170a3045185ccf78e81ebd473cafb8069279b898836fd768c78de76a3d8e5/book/7798/volume/9/page/150?database_sha256=59b3debd44645d1e86afcdc276a7a43239ad3509581c303aa6bca23fc272e3f3&segment_id=6183,EARLY_REPORT_CANDIDATE,PRE_BOUNDARY_OR_NOT_APPLICABLE,,NO_ISNAD_PREFIX_DETECTED,11,,,,,,,
adam_report_candidate_773a47839675c30783e0a2b8,e3bfa57f820206715ad6e9be,SRC-TAFSIR-TABARI-ADAM,7798,shamela://local/5ac170a3045185ccf78e81ebd473cafb8069279b898836fd768c78de76a3d8e5/book/7798/volume/9/page/150?database_sha256=59b3debd44645d1e86afcdc276a7a43239ad3509581c303aa6bca23fc272e3f3&segment_id=6183,EARLY_REPORT_CANDIDATE,PRE_BOUNDARY_OR_NOT_APPLICABLE,,CANDIDATE_PREFIX_EXTRACTED,3,,,,,,,
adam_report_candidate_043f7d6478c0cb6714544ba4,e3bfa57f820206715ad6e9be,SRC-TAFSIR-TABARI-ADAM,7798,shamela://local/5ac170a3045185ccf78e81ebd473cafb8069279b898836fd768c78de76a3d8e5/book/7798/volume/9/page/150?database_sha256=59b3debd44645d1e86afcdc276a7a43239ad3509581c303aa6bca23fc272e3f3&segment_id=6183,EARLY_REPORT_CANDIDATE,PRE_BOUNDARY_OR_NOT_APPLICABLE,WAHB_IBN_MUNABBIH,CANDIDATE_PREFIX_EXTRACTED,2,,,,,,,
adam_report_candidate_5a5dbadb74cb194946e8a8ae,e3bfa57f820206715ad6e9be,SRC-TAFSIR-TABARI-ADAM,7798,shamela://local/5ac170a3045185ccf78e81ebd473cafb8069279b898836fd768c78de76a3d8e5/book/7798/volume/9/page/151?database_sha256=59b3debd44645d1e86afcdc276a7a43239ad3509581c303aa6bca23fc272e3f3&segment_id=6184,EARLY_REPORT_CANDIDATE,PRE_BOUNDARY_OR_NOT_APPLICABLE,,NO_ISNAD_PREFIX_DETECTED,1,,,,,,,
adam_report_candidate_c29e6bac03ff67e52b163195,e3bfa57f820206715ad6e9be,SRC-TAFSIR-TABARI-ADAM,7798,shamela://local/5ac170a3045185ccf78e81ebd473cafb8069279b898836fd768c78de76a3d8e5/book/7798/volume/9/page/151?database_sha256=59b3debd44645d1e86afcdc276a7a43239ad3509581c303aa6bca23fc272e3f3&segment_id=6184,EARLY_REPORT_CANDIDATE,PRE_BOUNDARY_OR_NOT_APPLICABLE,,CANDIDATE_PREFIX_EXTRACTED,4,,,,,,,
adam_report_candidate_127b38959167649a5cec06e6,e3bfa57f820206715ad6e9be,SRC-TAFSIR-TABARI-ADAM,7798,shamela://local/5ac170a3045185ccf78e81ebd473cafb8069279b898836fd768c78de76a3d8e5/book/7798/volume/9/page/151?database_sha256=59b3debd44645d1e86afcdc276a7a43239ad3509581c303aa6bca23fc272e3f3&segment_id=6184,EARLY_REPORT_CANDIDATE,PRE_BOUNDARY_OR_NOT_APPLICABLE,,CANDIDATE_PREFIX_EXTRACTED,3,,,,,,,
adam_report_candidate_fc1f79227921c3b525cdd8c7,e3bfa57f820206715ad6e9be,SRC-TAFSIR-TABARI-ADAM,7798,shamela://local/5ac170a3045185ccf78e81ebd473cafb8069279b898836fd768c78de76a3d8e5/book/7798/volume/9/page/151?database_sha256=59b3debd44645d1e86afcdc276a7a43239ad3509581c303aa6bca23fc272e3f3&segment_id=6184,EARLY_REPORT_CANDIDATE,PRE_BOUNDARY_OR_NOT_APPLICABLE,,CANDIDATE_PREFIX_EXTRACTED,3,,,,,,,
adam_report_candidate_2d97a5238edd96dfc09b28fc,e3bfa57f820206715ad6e9be,SRC-TAFSIR-TABARI-ADAM,7798,shamela://local/5ac170a3045185ccf78e81ebd473cafb8069279b898836fd768c78de76a3d8e5/book/7798/volume/9/page/151?database_sha256=59b3debd44645d1e86afcdc276a7a43239ad3509581c303aa6bca23fc272e3f3&segment_id=6184,EARLY_REPORT_CANDIDATE,PRE_BOUNDARY_OR_NOT_APPLICABLE,,CANDIDATE_PREFIX_EXTRACTED,8,,,,,,,
adam_report_candidate_96d326d8a3316299d0da099f,e3bfa57f820206715ad6e9be,SRC-TAFSIR-TABARI-ADAM,7798,shamela://local/5ac170a3045185ccf78e81ebd473cafb8069279b898836fd768c78de76a3d8e5/book/7798/volume/9/page/152?database_sha256=59b3debd44645d1e86afcdc276a7a43239ad3509581c303aa6bca23fc272e3f3&segment_id=6185,EARLY_REPORT_CANDIDATE,PRE_BOUNDARY_OR_NOT_APPLICABLE,,NO_ISNAD_PREFIX_DETECTED,5,,,,,,,
adam_report_candidate_345834d4172820730808b0cc,e3bfa57f820206715ad6e9be,SRC-TAFSIR-TABARI-ADAM,7798,shamela://local/5ac170a3045185ccf78e81ebd473cafb8069279b898836fd768c78de76a3d8e5/book/7798/volume/9/page/152?database_sha256=59b3debd44645d1e86afcdc276a7a43239ad3509581c303aa6bca23fc272e3f3&segment_id=6185,EARLY_REPORT_CANDIDATE,PRE_BOUNDARY_OR_NOT_APPLICABLE,,CANDIDATE_PREFIX_EXTRACTED,3,,,,,,,
adam_report_candidate_cba43bde3635ecd4fa7733b4,e3bfa57f820206715ad6e9be,SRC-TAFSIR-TABARI-ADAM,7798,shamela://local/5ac170a3045185ccf78e81ebd473cafb8069279b898836fd768c78de76a3d8e5/book/7798/volume/9/page/152?database_sha256=59b3debd44645d1e86afcdc276a7a43239ad3509581c303aa6bca23fc272e3f3&segment_id=6185,EARLY_REPORT_CANDIDATE,PRE_BOUNDARY_OR_NOT_APPLICABLE,,CANDIDATE_PREFIX_EXTRACTED,4,,,,,,,
adam_report_candidate_66167b8107539b61c115aee6,e3bfa57f820206715ad6e9be,SRC-TAFSIR-TABARI-ADAM,7798,shamela://local/5ac170a3045185ccf78e81ebd473cafb8069279b898836fd768c78de76a3d8e5/book/7798/volume/9/page/152?database_sha256=59b3debd44645d1e86afcdc276a7a43239ad3509581c303aa6bca23fc272e3f3&segment_id=6185,EARLY_REPORT_CANDIDATE,PRE_BOUNDARY_OR_NOT_APPLICABLE,,CANDIDATE_PREFIX_EXTRACTED,5,,,,,,,
adam_report_candidate_8f835c7397d6d786d8ee3e11,e3bfa57f820206715ad6e9be,SRC-TAFSIR-TABARI-ADAM,7798,shamela://local/5ac170a3045185ccf78e81ebd473cafb8069279b898836fd768c78de76a3d8e5/book/7798/volume/9/page/152?database_sha256=59b3debd44645d1e86afcdc276a7a43239ad3509581c303aa6bca23fc272e3f3&segment_id=6185,EARLY_REPORT_CANDIDATE,PRE_BOUNDARY_OR_NOT_APPLICABLE,,CANDIDATE_PREFIX_EXTRACTED,2,,,,,,,
adam_report_candidate_3484de1d658192012be6a244,e3bfa57f820206715ad6e9be,SRC-TAFSIR-TABARI-ADAM,7798,shamela://local/5ac170a3045185ccf78e81ebd473cafb8069279b898836fd768c78de76a3d8e5/book/7798/volume/9/page/153?database_sha256=59b3debd44645d1e86afcdc276a7a43239ad3509581c303aa6bca23fc272e3f3&segment_id=6186,EARLY_REPORT_CANDIDATE,PRE_BOUNDARY_OR_NOT_APPLICABLE,,CANDIDATE_PREFIX_EXTRACTED,4,,,,,,,
adam_report_candidate_70b9a246e70f3d949f44573e,e3bfa57f820206715ad6e9be,SRC-TAFSIR-TABARI-ADAM,7798,shamela://local/5ac170a3045185ccf78e81ebd473cafb8069279b898836fd768c78de76a3d8e5/book/7798/volume/9/page/153?database_sha256=59b3debd44645d1e86afcdc276a7a43239ad3509581c303aa6bca23fc272e3f3&segment_id=6186,EARLY_REPORT_CANDIDATE,PRE_BOUNDARY_OR_NOT_APPLICABLE,,CANDIDATE_PREFIX_EXTRACTED,4,,,,,,,
adam_report_candidate_a8ffb6058597a2f2ffa0e16e,e3bfa57f820206715ad6e9be,SRC-TAFSIR-TABARI-ADAM,7798,shamela://local/5ac170a3045185ccf78e81ebd473cafb8069279b898836fd768c78de76a3d8e5/book/7798/volume/9/page/153?database_sha256=59b3debd44645d1e86afcdc276a7a43239ad3509581c303aa6bca23fc272e3f3&segment_id=6186,EARLY_REPORT_CANDIDATE,PRE_BOUNDARY_OR_NOT_APPLICABLE,,CANDIDATE_PREFIX_EXTRACTED,4,,,,,,,
adam_report_candidate_6ebf5a984e83022ec3df8764,e3bfa57f820206715ad6e9be,SRC-TAFSIR-TABARI-ADAM,7798,shamela://local/5ac170a3045185ccf78e81ebd473cafb8069279b898836fd768c78de76a3d8e5/book/7798/volume/9/page/153?database_sha256=59b3debd44645d1e86afcdc276a7a43239ad3509581c303aa6bca23fc272e3f3&segment_id=6186,EARLY_REPORT_CANDIDATE,PRE_BOUNDARY_OR_NOT_APPLICABLE,WAHB_IBN_MUNABBIH,CANDIDATE_PREFIX_EXTRACTED,2,,,,,,,
adam_report_candidate_7636198edaf852eadb809d6f,e3bfa57f820206715ad6e9be,SRC-TAFSIR-TABARI-ADAM,7798,shamela://local/5ac170a3045185ccf78e81ebd473cafb8069279b898836fd768c78de76a3d8e5/book/7798/volume/9/page/154?database_sha256=59b3debd44645d1e86afcdc276a7a43239ad3509581c303aa6bca23fc272e3f3&segment_id=6187,EARLY_REPORT_CANDIDATE,PRE_BOUNDARY_OR_NOT_APPLICABLE,WAHB_IBN_MUNABBIH,NO_ISNAD_PREFIX_DETECTED,2,,,,,,,
adam_report_candidate_2d6b435a8da6e234fbc46388,2127ebd7b399733a041d7f6c,SRC-TAFSIR-TABARI-ADAM,7798,shamela://local/5ac170a3045185ccf78e81ebd473cafb8069279b898836fd768c78de76a3d8e5/book/7798/volume/10/page/74?database_sha256=59b3debd44645d1e86afcdc276a7a43239ad3509581c303aa6bca23fc272e3f3&segment_id=6782,QURAN_EXEGESIS_CONTEXT_CANDIDATE,PRE_BOUNDARY_OR_NOT_APPLICABLE,,NO_ISNAD_PREFIX_DETECTED,0,,,,,,,
adam_report_candidate_71a69fc48bb1c02d5b0b5db6,2127ebd7b399733a041d7f6c,SRC-TAFSIR-TABARI-ADAM,7798,shamela://local/5ac170a3045185ccf78e81ebd473cafb8069279b898836fd768c78de76a3d8e5/book/7798/volume/10/page/75?database_sha256=59b3debd44645d1e86afcdc276a7a43239ad3509581c303aa6bca23fc272e3f3&segment_id=6783,QURAN_EXEGESIS_CONTEXT_CANDIDATE,PRE_BOUNDARY_OR_NOT_APPLICABLE,,NO_ISNAD_PREFIX_DETECTED,0,,,,,,,
adam_report_candidate_b2c9a2fc2fea909f1bd514ab,2127ebd7b399733a041d7f6c,SRC-TAFSIR-TABARI-ADAM,7798,shamela://local/5ac170a3045185ccf78e81ebd473cafb8069279b898836fd768c78de76a3d8e5/book/7798/volume/10/page/75?database_sha256=59b3debd44645d1e86afcdc276a7a43239ad3509581c303aa6bca23fc272e3f3&segment_id=6783,EARLY_REPORT_CANDIDATE,PRE_BOUNDARY_OR_NOT_APPLICABLE,,CANDIDATE_PREFIX_EXTRACTED,3,,,,,,,
adam_report_candidate_5a3d83c0a632db45c36082d8,2127ebd7b399733a041d7f6c,SRC-TAFSIR-TABARI-ADAM,7798,shamela://local/5ac170a3045185ccf78e81ebd473cafb8069279b898836fd768c78de76a3d8e5/book/7798/volume/10/page/76?database_sha256=59b3debd44645d1e86afcdc276a7a43239ad3509581c303aa6bca23fc272e3f3&segment_id=6784,EARLY_REPORT_CANDIDATE,PRE_BOUNDARY_OR_NOT_APPLICABLE,,NO_ISNAD_PREFIX_DETECTED,6,,,,,,,
adam_report_candidate_5bd9b397c9d63f8b31d83116,2127ebd7b399733a041d7f6c,SRC-TAFSIR-TABARI-ADAM,7798,shamela://local/5ac170a3045185ccf78e81ebd473cafb8069279b898836fd768c78de76a3d8e5/book/7798/volume/10/page/76?database_sha256=59b3debd44645d1e86afcdc276a7a43239ad3509581c303aa6bca23fc272e3f3&segment_id=6784,EARLY_REPORT_CANDIDATE,PRE_BOUNDARY_OR_NOT_APPLICABLE,,CANDIDATE_PREFIX_EXTRACTED,3,,,,,,,
adam_report_candidate_6aad773e4feadc346d146cd3,2127ebd7b399733a041d7f6c,SRC-TAFSIR-TABARI-ADAM,7798,shamela://local/5ac170a3045185ccf78e81ebd473cafb8069279b898836fd768c78de76a3d8e5/book/7798/volume/10/page/76?database_sha256=59b3debd44645d1e86afcdc276a7a43239ad3509581c303aa6bca23fc272e3f3&segment_id=6784,EARLY_REPORT_CANDIDATE,PRE_BOUNDARY_OR_NOT_APPLICABLE,,CANDIDATE_PREFIX_EXTRACTED,3,,,,,,,
adam_report_candidate_f49383c7bfda60600c6914f7,2127ebd7b399733a041d7f6c,SRC-TAFSIR-TABARI-ADAM,7798,shamela://local/5ac170a3045185ccf78e81ebd473cafb8069279b898836fd768c78de76a3d8e5/book/7798/volume/10/page/76?database_sha256=59b3debd44645d1e86afcdc276a7a43239ad3509581c303aa6bca23fc272e3f3&segment_id=6784,EARLY_REPORT_CANDIDATE,PRE_BOUNDARY_OR_NOT_APPLICABLE,,CANDIDATE_PREFIX_EXTRACTED,5,,,,,,,
adam_report_candidate_b8963754926c09f7fb5e7ede,2127ebd7b399733a041d7f6c,SRC-TAFSIR-TABARI-ADAM,7798,shamela://local/5ac170a3045185ccf78e81ebd473cafb8069279b898836fd768c78de76a3d8e5/book/7798/volume/10/page/77?database_sha256=59b3debd44645d1e86afcdc276a7a43239ad3509581c303aa6bca23fc272e3f3&segment_id=6785,UNCLASSIFIED_SOURCE_PASSAGE_CANDIDATE,PRE_BOUNDARY_OR_NOT_APPLICABLE,,NO_ISNAD_PREFIX_DETECTED,0,,,,,,,
adam_report_candidate_55be294de6b33621b0e2897b,2127ebd7b399733a041d7f6c,SRC-TAFSIR-TABARI-ADAM,7798,shamela://local/5ac170a3045185ccf78e81ebd473cafb8069279b898836fd768c78de76a3d8e5/book/7798/volume/10/page/77?database_sha256=59b3debd44645d1e86afcdc276a7a43239ad3509581c303aa6bca23fc272e3f3&segment_id=6785,EARLY_REPORT_CANDIDATE,PRE_BOUNDARY_OR_NOT_APPLICABLE,,CANDIDATE_PREFIX_EXTRACTED,4,,,,,,,
adam_report_candidate_1b866b54dc1eb5f570b2713c,2127ebd7b399733a041d7f6c,SRC-TAFSIR-TABARI-ADAM,7798,shamela://local/5ac170a3045185ccf78e81ebd473cafb8069279b898836fd768c78de76a3d8e5/book/7798/volume/10/page/77?database_sha256=59b3debd44645d1e86afcdc276a7a43239ad3509581c303aa6bca23fc272e3f3&segment_id=6785,EARLY_REPORT_CANDIDATE,PRE_BOUNDARY_OR_NOT_APPLICABLE,,CANDIDATE_PREFIX_EXTRACTED,2,,,,,,,
adam_report_candidate_b43be566974e0c093d9a096e,2127ebd7b399733a041d7f6c,SRC-TAFSIR-TABARI-ADAM,7798,shamela://local/5ac170a3045185ccf78e81ebd473cafb8069279b898836fd768c78de76a3d8e5/book/7798/volume/10/page/77?database_sha256=59b3debd44645d1e86afcdc276a7a43239ad3509581c303aa6bca23fc272e3f3&segment_id=6785,EARLY_REPORT_CANDIDATE,PRE_BOUNDARY_OR_NOT_APPLICABLE,,CANDIDATE_PREFIX_EXTRACTED,8,,,,,,,
adam_report_candidate_1c73b7303c813b4f856b723e,2127ebd7b399733a041d7f6c,SRC-TAFSIR-TABARI-ADAM,7798,shamela://local/5ac170a3045185ccf78e81ebd473cafb8069279b898836fd768c78de76a3d8e5/book/7798/volume/10/page/78?database_sha256=59b3debd44645d1e86afcdc276a7a43239ad3509581c303aa6bca23fc272e3f3&segment_id=6786,EARLY_REPORT_CANDIDATE,PRE_BOUNDARY_OR_NOT_APPLICABLE,,NO_ISNAD_PREFIX_DETECTED,1,,,,,,,
adam_report_candidate_5b4ee19f846ed896e96ceaa3,2127ebd7b399733a041d7f6c,SRC-TAFSIR-TABARI-ADAM,7798,shamela://local/5ac170a3045185ccf78e81ebd473cafb8069279b898836fd768c78de76a3d8e5/book/7798/volume/10/page/78?database_sha256=59b3debd44645d1e86afcdc276a7a43239ad3509581c303aa6bca23fc272e3f3&segment_id=6786,EARLY_REPORT_CANDIDATE,PRE_BOUNDARY_OR_NOT_APPLICABLE,,CANDIDATE_PREFIX_EXTRACTED,3,,,,,,,
adam_report_candidate_c96257e430ceb5db058cc910,2127ebd7b399733a041d7f6c,SRC-TAFSIR-TABARI-ADAM,7798,shamela://local/5ac170a3045185ccf78e81ebd473cafb8069279b898836fd768c78de76a3d8e5/book/7798/volume/10/page/78?database_sha256=59b3debd44645d1e86afcdc276a7a43239ad3509581c303aa6bca23fc272e3f3&segment_id=6786,EARLY_REPORT_CANDIDATE,PRE_BOUNDARY_OR_NOT_APPLICABLE,,CANDIDATE_PREFIX_EXTRACTED,7,,,,,,,
adam_report_candidate_cbf9a2bdccb9b4e00a4db39a,2127ebd7b399733a041d7f6c,SRC-TAFSIR-TABARI-ADAM,7798,shamela://local/5ac170a3045185ccf78e81ebd473cafb8069279b898836fd768c78de76a3d8e5/book/7798/volume/10/page/78?database_sha256=59b3debd44645d1e86afcdc276a7a43239ad3509581c303aa6bca23fc272e3f3&segment_id=6786,EARLY_REPORT_CANDIDATE,PRE_BOUNDARY_OR_NOT_APPLICABLE,,CANDIDATE_PREFIX_EXTRACTED,3,,,,,,,
