normalized_report_id,parent_report_candidate_ids,lineage_action,work_source_id,book_id,corrected_report_kind_candidate,report_form_candidate,chain_node_count,terminal_speaker_surface_candidate,normalization_warnings,boundary_decision,speaker_resolution,chain_resolution,reviewer_notes
adam_normalized_report_8b5612ea58fd77f456ac5e98,adam_report_candidate_2edfab9fda09ee05e62b74f4,PASSTHROUGH_SINGLE,SRC-HISTORY-BIDAYAH-ADAM,4445,SOURCE_PASSAGE_CONTEXT_CANDIDATE,UNRESOLVED_REPORT_FORM_CANDIDATE,0,,,,,,
adam_normalized_report_b3db0ad697047c6935ed3d93,adam_report_candidate_71dd2615d83e670190b4ea7a,PASSTHROUGH_SINGLE,SRC-HISTORY-BIDAYAH-ADAM,4445,SOURCE_PASSAGE_CONTEXT_CANDIDATE,UNRESOLVED_REPORT_FORM_CANDIDATE,0,,,,,,
adam_normalized_report_d6f9b0880cc7d37776b68063,adam_report_candidate_9a4fc86ccecd345a7efee40e,PASSTHROUGH_SINGLE,SRC-HISTORY-BIDAYAH-ADAM,4445,SOURCE_PASSAGE_CONTEXT_CANDIDATE,UNRESOLVED_REPORT_FORM_CANDIDATE,0,,,,,,
adam_normalized_report_4f80da78c0626f6253f2ddf2,adam_report_candidate_eade6ca8d2b796add95a36ad,RESEGMENTED,SRC-HISTORY-BIDAYAH-ADAM,4445,PROPHETIC_HADITH_CANDIDATE,MARFU_CONTEXT_CANDIDATE,0,,NO_DETERMINISTIC_SPLIT_FOUND | REQUESTED_RESEGMENTATION_NOT_ACHIEVED,,,,
adam_normalized_report_6294241053990f75b02e8966,adam_report_candidate_d5005adedd5b528340037881,RESEGMENTED,SRC-HISTORY-BIDAYAH-ADAM,4445,EARLY_REPORT_CANDIDATE,UNRESOLVED_REPORT_FORM_CANDIDATE,0,,NO_DETERMINISTIC_SPLIT_FOUND | POSSIBLE_MID_REPORT_FRAGMENT | REQUESTED_RESEGMENTATION_NOT_ACHIEVED,,,,
adam_normalized_report_ec35f132ad45bf4114c6cd50,adam_report_candidate_094bba52d0e38f83ebad7abe,PASSTHROUGH_SINGLE,SRC-HISTORY-BIDAYAH-ADAM,4445,SOURCE_PASSAGE_CONTEXT_CANDIDATE,UNRESOLVED_REPORT_FORM_CANDIDATE,0,,,,,,
adam_normalized_report_4f285d6454eaeff57bbe87b4,adam_report_candidate_fcab49300119763f81cb52f7,PASSTHROUGH_SINGLE,SRC-HISTORY-BIDAYAH-ADAM,4445,PROPHETIC_HADITH_CANDIDATE,MARFU_EXPLICIT_CANDIDATE,0,,,,,,
adam_normalized_report_7f985181dcbd35bb47c930f1,adam_report_candidate_d75a952db3213febc9f9e28a,PASSTHROUGH_SINGLE,SRC-HISTORY-BIDAYAH-ADAM,4445,PROPHETIC_HADITH_CANDIDATE,MARFU_CONTEXT_CANDIDATE,0,,,,,,
adam_normalized_report_5f7578bd3ddf4628ac729e3b,adam_report_candidate_b715e9ce7d1b3c68e935192a,RESEGMENTED,SRC-HISTORY-BIDAYAH-ADAM,4445,EARLY_REPORT_CANDIDATE,MAWQUF_OR_TAFSIR_REPORT_CANDIDATE,0,,NO_DETERMINISTIC_SPLIT_FOUND | REQUESTED_RESEGMENTATION_NOT_ACHIEVED,,,,
adam_normalized_report_d40f5deb9737d9cfb554bc03,adam_report_candidate_09c4cf4e5a88158181917ba7,PASSTHROUGH_SINGLE,SRC-HISTORY-BIDAYAH-ADAM,4445,EARLY_REPORT_CANDIDATE,MAWQUF_OR_TAFSIR_REPORT_CANDIDATE,0,,,,,,
adam_normalized_report_a57bb039713b1e08f8460df8,adam_report_candidate_313efaea56f4be948fb96cb9,PASSTHROUGH_SINGLE,SRC-HISTORY-BIDAYAH-ADAM,4445,SOURCE_PASSAGE_CONTEXT_CANDIDATE,MAQTU_OR_TAFSIR_REPORT_CANDIDATE,0,,,,,,
adam_normalized_report_6f099a0d0e146c82276199e4,adam_report_candidate_18617f22df7610a78ec4819d,PASSTHROUGH_SINGLE,SRC-HISTORY-BIDAYAH-ADAM,4445,SOURCE_PASSAGE_CONTEXT_CANDIDATE,UNRESOLVED_REPORT_FORM_CANDIDATE,0,,,,,,
adam_normalized_report_579782f9529b14d1e906a2d0,adam_report_candidate_72db3b5fbd0e03696e5b2863,RESEGMENTED,SRC-HISTORY-BIDAYAH-ADAM,4445,EARLY_REPORT_CANDIDATE,UNRESOLVED_REPORT_FORM_CANDIDATE,0,,NO_DETERMINISTIC_SPLIT_FOUND | REQUESTED_RESEGMENTATION_NOT_ACHIEVED,,,,
adam_normalized_report_5db1a63779791abe259c6fa0,adam_report_candidate_a7782fae0206afeac51eee90,PASSTHROUGH_SINGLE,SRC-HISTORY-BIDAYAH-ADAM,4445,SOURCE_PASSAGE_CONTEXT_CANDIDATE,UNRESOLVED_REPORT_FORM_CANDIDATE,0,,,,,,
adam_normalized_report_078c761f72ace188e709f882,adam_report_candidate_1675995d82ca9644471a3a5a,PASSTHROUGH_SINGLE,SRC-HISTORY-BIDAYAH-ADAM,4445,PROPHETIC_HADITH_CANDIDATE,MARFU_CONTEXT_CANDIDATE,0,,,,,,
adam_normalized_report_291ea4669b9c6112b94b4906,adam_report_candidate_a9dc7d8b026f21ca319010b7,RESEGMENTED,SRC-HISTORY-BIDAYAH-ADAM,4445,PROPHETIC_HADITH_CANDIDATE,MARFU_CONTEXT_CANDIDATE,0,,NO_DETERMINISTIC_SPLIT_FOUND | REQUESTED_RESEGMENTATION_NOT_ACHIEVED,,,,
adam_normalized_report_f610ec67ca48731c34551b10,adam_report_candidate_0a11f15ea72ca1642de03442,PASSTHROUGH_SINGLE,SRC-HISTORY-BIDAYAH-ADAM,4445,PROPHETIC_HADITH_CANDIDATE,MARFU_CONTEXT_CANDIDATE,0,,,,,,
adam_normalized_report_06fefa0de758ea03a9bf54a8,adam_report_candidate_2f77c74866f91d98c6efe54d,PASSTHROUGH_SINGLE,SRC-HISTORY-BIDAYAH-ADAM,4445,PROPHETIC_HADITH_CANDIDATE,MARFU_CONTEXT_CANDIDATE,0,,,,,,
adam_normalized_report_f968fb34c3b50d1ba2433c7f,adam_report_candidate_522ad593df48f8be31018b62,PASSTHROUGH_SINGLE,SRC-HISTORY-BIDAYAH-ADAM,4445,SOURCE_PASSAGE_CONTEXT_CANDIDATE,UNRESOLVED_REPORT_FORM_CANDIDATE,0,,,,,,
adam_normalized_report_7229ff435c72446f5bc4c5b3,adam_report_candidate_9c225af12aecba93be66e7e6,PASSTHROUGH_SINGLE,SRC-HISTORY-BIDAYAH-ADAM,4445,SOURCE_PASSAGE_CONTEXT_CANDIDATE,UNRESOLVED_REPORT_FORM_CANDIDATE,0,,,,,,
adam_normalized_report_7a7ca52339cd0ea6be862c8e,adam_report_candidate_591b5e953bbe3f3b02ffa401,RESEGMENTED,SRC-HISTORY-BIDAYAH-ADAM,4445,PROPHETIC_HADITH_CANDIDATE,MARFU_EXPLICIT_CANDIDATE,0,,NO_DETERMINISTIC_SPLIT_FOUND | REQUESTED_RESEGMENTATION_NOT_ACHIEVED,,,,
adam_normalized_report_2f8e92fe632d1d5f4768e268,adam_report_candidate_6ceb151ee44cfd0249bf8515,RESEGMENTED,SRC-HISTORY-BIDAYAH-ADAM,4445,AUTHORIAL_COMMENTARY_CANDIDATE,UNRESOLVED_REPORT_FORM_CANDIDATE,0,,,,,,
adam_normalized_report_c38c1e61c8d65f4f83b95e81,adam_report_candidate_6ceb151ee44cfd0249bf8515,RESEGMENTED,SRC-HISTORY-BIDAYAH-ADAM,4445,PROPHETIC_HADITH_CANDIDATE,MARFU_EXPLICIT_CANDIDATE,0,,MULTIPLE_STRONG_STARTS_REMAIN,,,,
adam_normalized_report_cb09b44ee83af1714b6251e8,adam_report_candidate_4098d9b9cade8c2dde48f2c1,RESEGMENTED,SRC-HISTORY-BIDAYAH-ADAM,4445,PROPHETIC_HADITH_CANDIDATE,MARFU_EXPLICIT_CANDIDATE,0,,NO_DETERMINISTIC_SPLIT_FOUND | REQUESTED_RESEGMENTATION_NOT_ACHIEVED,,,,
adam_normalized_report_1b94d14075682b30f16df73f,adam_report_candidate_19d9fa283752c02c1354372f,RESEGMENTED,SRC-HISTORY-BIDAYAH-ADAM,4445,PROPHETIC_HADITH_CANDIDATE,MARFU_EXPLICIT_CANDIDATE,0,,NO_DETERMINISTIC_SPLIT_FOUND | REQUESTED_RESEGMENTATION_NOT_ACHIEVED,,,,
adam_normalized_report_da7c0491e1656c247f88596d,adam_report_candidate_468640777988e53d8dcb8e9d,PASSTHROUGH_SINGLE,SRC-HISTORY-BIDAYAH-ADAM,4445,SOURCE_PASSAGE_CONTEXT_CANDIDATE,UNRESOLVED_REPORT_FORM_CANDIDATE,0,,,,,,
adam_normalized_report_cb1d23478c433f68939e00fa,adam_report_candidate_9835ebaab4c169054feddaf8,PASSTHROUGH_SINGLE,SRC-HISTORY-BIDAYAH-ADAM,4445,SOURCE_PASSAGE_CONTEXT_CANDIDATE,UNRESOLVED_REPORT_FORM_CANDIDATE,0,,,,,,
adam_normalized_report_ef529fe1e6fef2a87f274f13,adam_report_candidate_a52460c2329718ee496114e2,PASSTHROUGH_SINGLE,SRC-HISTORY-BIDAYAH-ADAM,4445,PROPHETIC_HADITH_CANDIDATE,MARFU_CONTEXT_CANDIDATE,0,,,,,,
adam_normalized_report_08ad9781204823bf417ee1ef,adam_report_candidate_b0b1483a7491e41beb2500d4,RESEGMENTED,SRC-HISTORY-BIDAYAH-ADAM,4445,PROPHETIC_HADITH_CANDIDATE,MARFU_CONTEXT_CANDIDATE,0,,NO_DETERMINISTIC_SPLIT_FOUND | REQUESTED_RESEGMENTATION_NOT_ACHIEVED,,,,
adam_normalized_report_fc0fd12db5910f3009023255,adam_report_candidate_fd71b118818672114c8c7d47,PASSTHROUGH_SINGLE,SRC-HISTORY-BIDAYAH-ADAM,4445,SOURCE_PASSAGE_CONTEXT_CANDIDATE,UNRESOLVED_REPORT_FORM_CANDIDATE,0,,,,,,
adam_normalized_report_82dd23cc617011a415d17ca6,adam_report_candidate_c39a0b050d0887d34acdf67a,PASSTHROUGH_SINGLE,SRC-HISTORY-BIDAYAH-ADAM,4445,PROPHETIC_HADITH_CANDIDATE,MARFU_EXPLICIT_CANDIDATE,0,,,,,,
adam_normalized_report_2f71af7fcb3d30470b41fe1c,adam_report_candidate_7dcd53dd1172cdcb6f8fe26f,PASSTHROUGH_SINGLE,SRC-HISTORY-BIDAYAH-ADAM,4445,SOURCE_PASSAGE_CONTEXT_CANDIDATE,UNRESOLVED_REPORT_FORM_CANDIDATE,0,,,,,,
adam_normalized_report_dd91a085e33f97b751f0fde1,adam_report_candidate_59512e5d308dcf17caa17851,PASSTHROUGH_SINGLE,SRC-HISTORY-BIDAYAH-ADAM,4445,EARLY_REPORT_CANDIDATE,UNRESOLVED_REPORT_FORM_CANDIDATE,0,,,,,,
adam_normalized_report_a6a9bfbb3cc646846ec27c48,adam_report_candidate_93cbc6d6e566cb3d7973491c,PASSTHROUGH_SINGLE,SRC-HISTORY-BIDAYAH-ADAM,4445,EARLY_REPORT_CANDIDATE,MAWQUF_OR_TAFSIR_REPORT_CANDIDATE,0,,,,,,
adam_normalized_report_947fe8e46e799781eabc9945,adam_report_candidate_13bd475b4e7b0b7943b8a911,RESEGMENTED,SRC-HISTORY-BIDAYAH-ADAM,4445,EARLY_REPORT_CANDIDATE,UNRESOLVED_REPORT_FORM_CANDIDATE,0,,,,,,
adam_normalized_report_cc47e4829cba710e8c865d1f,adam_report_candidate_13bd475b4e7b0b7943b8a911,RESEGMENTED,SRC-HISTORY-BIDAYAH-ADAM,4445,AUTHORIAL_COMMENTARY_CANDIDATE,MAWQUF_OR_TAFSIR_REPORT_CANDIDATE,0,,,,,,
adam_normalized_report_864bf031afd4cb2081e629ea,adam_report_candidate_447ef14582fc85533c976464,RESEGMENTED,SRC-HISTORY-BIDAYAH-ADAM,4445,PROPHETIC_HADITH_CANDIDATE,MARFU_CONTEXT_CANDIDATE,0,,NO_DETERMINISTIC_SPLIT_FOUND | REQUESTED_RESEGMENTATION_NOT_ACHIEVED,,,,
adam_normalized_report_386d2ac1ae7515a9df69bc98,adam_report_candidate_1c1804bc43bcd02a7f3d72bb,RESEGMENTED,SRC-HISTORY-BIDAYAH-ADAM,4445,PROPHETIC_HADITH_CANDIDATE,MARFU_CONTEXT_CANDIDATE,0,,NO_DETERMINISTIC_SPLIT_FOUND | REQUESTED_RESEGMENTATION_NOT_ACHIEVED,,,,
adam_normalized_report_b0a2191553e257584331e6c9,adam_report_candidate_dce280e36bbb40c7c513e9ad,PASSTHROUGH_SINGLE,SRC-HISTORY-BIDAYAH-ADAM,4445,PROPHETIC_HADITH_CANDIDATE,MARFU_CONTEXT_CANDIDATE,0,,,,,,
adam_normalized_report_5bb02f2930137c9158aa0c05,adam_report_candidate_40790acae938a963fe35bcf6,RESEGMENTED,SRC-HISTORY-BIDAYAH-ADAM,4445,PROPHETIC_HADITH_CANDIDATE,MARFU_CONTEXT_CANDIDATE,0,,NO_DETERMINISTIC_SPLIT_FOUND | REQUESTED_RESEGMENTATION_NOT_ACHIEVED,,,,
adam_normalized_report_9537c331ce64b3d0c311ff19,adam_report_candidate_9b99e71f95da6daa2dc47afd,RESEGMENTED,SRC-HISTORY-KAMIL-ADAM,21712,PROPHETIC_HADITH_CANDIDATE,MARFU_CONTEXT_CANDIDATE,0,,NO_DETERMINISTIC_SPLIT_FOUND | REQUESTED_RESEGMENTATION_NOT_ACHIEVED,,,,
adam_normalized_report_ec334ac4366b505f1ed07b50,adam_report_candidate_f6e050621d7a33b36bcb587c,PASSTHROUGH_SINGLE,SRC-HISTORY-KAMIL-ADAM,21712,PROPHETIC_HADITH_CANDIDATE,MARFU_CONTEXT_CANDIDATE,0,,,,,,
adam_normalized_report_21e9d8d050fd8a093b5372a1,adam_report_candidate_1f2a69903090ad2ab187d172,PASSTHROUGH_SINGLE,SRC-HISTORY-KAMIL-ADAM,21712,QURAN_EXEGESIS_CONTEXT_CANDIDATE,MAWQUF_OR_TAFSIR_REPORT_CANDIDATE,0,,,,,,
adam_normalized_report_a9461e3a126e1c7fe42d1960,adam_report_candidate_77ac2fe376dec540d0973fdd,RESEGMENTED,SRC-HISTORY-KAMIL-ADAM,21712,EARLY_REPORT_CANDIDATE,MAWQUF_OR_TAFSIR_REPORT_CANDIDATE,0,,NO_DETERMINISTIC_SPLIT_FOUND | REQUESTED_RESEGMENTATION_NOT_ACHIEVED,,,,
adam_normalized_report_729250a4f2412d81aa12bc77,adam_report_candidate_528801ac7859f30a13079373,PASSTHROUGH_SINGLE,SRC-HISTORY-KAMIL-ADAM,21712,QURAN_EXEGESIS_CONTEXT_CANDIDATE,MAWQUF_OR_TAFSIR_REPORT_CANDIDATE,0,,,,,,
adam_normalized_report_4dd03393740bdd5b127af076,adam_report_candidate_5257825cbf103523366cc4e0,PASSTHROUGH_SINGLE,SRC-HISTORY-KAMIL-ADAM,21712,SOURCE_PASSAGE_CONTEXT_CANDIDATE,UNRESOLVED_REPORT_FORM_CANDIDATE,0,,,,,,
adam_normalized_report_95864ab5fcd5f4bd34031189,adam_report_candidate_e74b2256e8e82a87655f28ab,RESEGMENTED,SRC-HISTORY-KAMIL-ADAM,21712,EARLY_REPORT_CANDIDATE,MAWQUF_OR_TAFSIR_REPORT_CANDIDATE,0,,NO_DETERMINISTIC_SPLIT_FOUND | REQUESTED_RESEGMENTATION_NOT_ACHIEVED,,,,
adam_normalized_report_71ab9799a6c350d19b8a093e,adam_report_candidate_3ee39659387dce79064d99c1,PASSTHROUGH_SINGLE,SRC-HISTORY-KAMIL-ADAM,21712,EARLY_REPORT_CANDIDATE,MAWQUF_OR_TAFSIR_REPORT_CANDIDATE,0,,,,,,
adam_normalized_report_7f3b978e9a055c813eadfda3,adam_report_candidate_5f937890f3348dc4d5254e8d | adam_report_candidate_aab5186459fba9b78cd6b6d6,MERGED_THEN_RESEGMENTED,SRC-HISTORY-KAMIL-ADAM,21712,EARLY_REPORT_CANDIDATE,MAWQUF_OR_TAFSIR_REPORT_CANDIDATE,0,,NO_DETERMINISTIC_SPLIT_FOUND,,,,
adam_normalized_report_e4e05e08b1b8e5a1d4eb07a8,adam_report_candidate_5edfc620b7ecd7b5b23b5a66,RESEGMENTED,SRC-HISTORY-KAMIL-ADAM,21712,EARLY_REPORT_CANDIDATE,MAWQUF_OR_TAFSIR_REPORT_CANDIDATE,0,,NO_DETERMINISTIC_SPLIT_FOUND | REQUESTED_RESEGMENTATION_NOT_ACHIEVED,,,,
adam_normalized_report_a387057c705d611e9c596d41,adam_report_candidate_0582b15ee9c9dedc5218053b,RESEGMENTED,SRC-HISTORY-KAMIL-ADAM,21712,EARLY_REPORT_CANDIDATE,MAWQUF_OR_TAFSIR_REPORT_CANDIDATE,0,,NO_DETERMINISTIC_SPLIT_FOUND | REQUESTED_RESEGMENTATION_NOT_ACHIEVED,,,,
adam_normalized_report_ff5ef7c8355db72762418fa2,adam_report_candidate_bf249214aa00b7ab50a10333,RESEGMENTED,SRC-HISTORY-KAMIL-ADAM,21712,EARLY_REPORT_CANDIDATE,UNRESOLVED_REPORT_FORM_CANDIDATE,0,,NO_DETERMINISTIC_SPLIT_FOUND | REQUESTED_RESEGMENTATION_NOT_ACHIEVED,,,,
adam_normalized_report_06d86a7a2b94d291a29deb66,adam_report_candidate_27b518e3308284fef7b19063,RESEGMENTED,SRC-HISTORY-KAMIL-ADAM,21712,PROPHETIC_HADITH_CANDIDATE,MARFU_CONTEXT_CANDIDATE,0,,NO_DETERMINISTIC_SPLIT_FOUND | REQUESTED_RESEGMENTATION_NOT_ACHIEVED,,,,
adam_normalized_report_a659744758c5edaa39668909,adam_report_candidate_a9bf1c81193194a5aff9cf24,PASSTHROUGH_SINGLE,SRC-HISTORY-KAMIL-ADAM,21712,QURAN_EXEGESIS_CONTEXT_CANDIDATE,MAWQUF_OR_TAFSIR_REPORT_CANDIDATE,0,,,,,,
adam_normalized_report_00a9d9f1cf7fe453450b7516,adam_report_candidate_5f469a30440d12b88522fb4d,PASSTHROUGH_SINGLE,SRC-HISTORY-KAMIL-ADAM,21712,QURAN_EXEGESIS_CONTEXT_CANDIDATE,MAWQUF_OR_TAFSIR_REPORT_CANDIDATE,0,,,,,,
adam_normalized_report_f75b90945108c7c924bd578a,adam_report_candidate_4f9308706086691efd8204c5,RESEGMENTED,SRC-HISTORY-KAMIL-ADAM,21712,QURAN_EXEGESIS_CONTEXT_CANDIDATE,UNRESOLVED_REPORT_FORM_CANDIDATE,0,,NO_DETERMINISTIC_SPLIT_FOUND | REQUESTED_RESEGMENTATION_NOT_ACHIEVED,,,,
adam_normalized_report_3869e48828973e9847a84078,adam_report_candidate_94db1a59308a56d5e981d4bd,RESEGMENTED,SRC-HISTORY-KAMIL-ADAM,21712,EARLY_REPORT_CANDIDATE,UNRESOLVED_REPORT_FORM_CANDIDATE,0,,NO_DETERMINISTIC_SPLIT_FOUND | REQUESTED_RESEGMENTATION_NOT_ACHIEVED,,,,
adam_normalized_report_6dd20e596eb7e254c934ad00,adam_report_candidate_935b70077425ab1e475810c7,PASSTHROUGH_SINGLE,SRC-HISTORY-KAMIL-ADAM,21712,QURAN_EXEGESIS_CONTEXT_CANDIDATE,MAWQUF_OR_TAFSIR_REPORT_CANDIDATE,0,,,,,,
adam_normalized_report_ee2ec7287850b8b6f02c8485,adam_report_candidate_d337c7fbe79ca8217b96226e,RESEGMENTED,SRC-HISTORY-KAMIL-ADAM,21712,QURAN_EXEGESIS_CONTEXT_CANDIDATE,MAWQUF_OR_TAFSIR_REPORT_CANDIDATE,0,,NO_DETERMINISTIC_SPLIT_FOUND | REQUESTED_RESEGMENTATION_NOT_ACHIEVED,,,,
adam_normalized_report_2558421ce1f7a3289aa377eb,adam_report_candidate_c2c8fce219ad51b44d08a6ad,PASSTHROUGH_SINGLE,SRC-HISTORY-MUNTAZAM-ADAM,12406,SOURCE_PASSAGE_CONTEXT_CANDIDATE,MAQTU_OR_TAFSIR_REPORT_CANDIDATE,0,,,,,,
adam_normalized_report_cbd6f2fdc2b9104717d01caa,adam_report_candidate_df102ca7c646b3678985b6a6,RESEGMENTED,SRC-HISTORY-MUNTAZAM-ADAM,12406,EARLY_REPORT_CANDIDATE,MAWQUF_OR_TAFSIR_REPORT_CANDIDATE,0,,NO_DETERMINISTIC_SPLIT_FOUND | REQUESTED_RESEGMENTATION_NOT_ACHIEVED,,,,
adam_normalized_report_dbfca90d885f11772b925e5e,adam_report_candidate_62f7ab292f55b747f21fa608,RESEGMENTED,SRC-HISTORY-MUNTAZAM-ADAM,12406,AUTHORIAL_COMMENTARY_CANDIDATE,UNRESOLVED_REPORT_FORM_CANDIDATE,0,,NO_DETERMINISTIC_SPLIT_FOUND | REQUESTED_RESEGMENTATION_NOT_ACHIEVED,,,,
adam_normalized_report_48bc8cb5446daed4e5fe8f94,adam_report_candidate_07a527e398af256c841f5ae0,RESEGMENTED,SRC-HISTORY-MUNTAZAM-ADAM,12406,EARLY_REPORT_CANDIDATE,UNRESOLVED_REPORT_FORM_CANDIDATE,0,,NO_DETERMINISTIC_SPLIT_FOUND | REQUESTED_RESEGMENTATION_NOT_ACHIEVED,,,,
adam_normalized_report_b3a7041f68d8bbf42ffbd2ba,adam_report_candidate_ffbc1707ce7ba9195ddf5052,RESEGMENTED,SRC-HISTORY-MUNTAZAM-ADAM,12406,EARLY_REPORT_CANDIDATE,MAWQUF_OR_TAFSIR_REPORT_CANDIDATE,2,ابن عَبَّاس,NO_DETERMINISTIC_SPLIT_FOUND | REQUESTED_RESEGMENTATION_NOT_ACHIEVED,,,,
adam_normalized_report_213c0a98d0fcdaa69afe1268,adam_report_candidate_8a1fa14e7207e5dd70e3038a,RESEGMENTED,SRC-HISTORY-MUNTAZAM-ADAM,12406,EARLY_REPORT_CANDIDATE,MAWQUF_OR_TAFSIR_REPORT_CANDIDATE,0,,NO_DETERMINISTIC_SPLIT_FOUND | REQUESTED_RESEGMENTATION_NOT_ACHIEVED,,,,
adam_normalized_report_926373fe1efc0a1b1fbb6fcf,adam_report_candidate_7fdcf7078e975a3a781cb269,PASSTHROUGH_SINGLE,SRC-HISTORY-MUNTAZAM-ADAM,12406,SOURCE_PASSAGE_CONTEXT_CANDIDATE,UNRESOLVED_REPORT_FORM_CANDIDATE,0,,,,,,
adam_normalized_report_78e57f41b33007198fc24f11,adam_report_candidate_212598f48c3cc9d20fc4b619,RESEGMENTED,SRC-HISTORY-MUNTAZAM-ADAM,12406,PROPHETIC_HADITH_CANDIDATE,MARFU_CONTEXT_CANDIDATE,0,,NO_DETERMINISTIC_SPLIT_FOUND | REQUESTED_RESEGMENTATION_NOT_ACHIEVED,,,,
adam_normalized_report_c4709dcc2f91cb4a3171facc,adam_report_candidate_45a995eae7eb2d7c99bd1c3d,PASSTHROUGH_SINGLE,SRC-HISTORY-MUNTAZAM-ADAM,12406,SOURCE_PASSAGE_CONTEXT_CANDIDATE,UNRESOLVED_REPORT_FORM_CANDIDATE,0,,,,,,
adam_normalized_report_b5830442f8cf343a72437c16,adam_report_candidate_87528a6a86f544838c4c780c,PASSTHROUGH_SINGLE,SRC-HISTORY-MUNTAZAM-ADAM,12406,SOURCE_PASSAGE_CONTEXT_CANDIDATE,MAWQUF_OR_TAFSIR_REPORT_CANDIDATE,0,,,,,,
adam_normalized_report_0607c8553e8fdf540228c194,adam_report_candidate_48953680ee6df305fdc32da4,RESEGMENTED,SRC-HISTORY-MUNTAZAM-ADAM,12406,PROPHETIC_HADITH_CANDIDATE,MARFU_CONTEXT_CANDIDATE,0,,NO_DETERMINISTIC_SPLIT_FOUND | REQUESTED_RESEGMENTATION_NOT_ACHIEVED,,,,
adam_normalized_report_35f7026c7db39dd5c7d6f6ce,adam_report_candidate_55f2ad6d9253e1780e12364c,RESEGMENTED,SRC-HISTORY-MUNTAZAM-ADAM,12406,EARLY_REPORT_CANDIDATE,MAWQUF_OR_TAFSIR_REPORT_CANDIDATE,0,,NO_DETERMINISTIC_SPLIT_FOUND | REQUESTED_RESEGMENTATION_NOT_ACHIEVED,,,,
adam_normalized_report_51650a5c03ef513c58922b77,adam_report_candidate_d112fb664404e330daccbfa7,RESEGMENTED,SRC-HISTORY-MUNTAZAM-ADAM,12406,EARLY_REPORT_CANDIDATE,MAWQUF_OR_TAFSIR_REPORT_CANDIDATE,2,أحمد بْن جَعْفَرٍ,MULTIPLE_STRONG_STARTS_REMAIN | NO_DETERMINISTIC_SPLIT_FOUND | REQUESTED_RESEGMENTATION_NOT_ACHIEVED,,,,
adam_normalized_report_20dc2d482ddac77365551c28,adam_report_candidate_1c8f1226dee9bc4faa85ddcb,RESEGMENTED,SRC-HISTORY-MUNTAZAM-ADAM,12406,PROPHETIC_HADITH_CANDIDATE,MARFU_CONTEXT_CANDIDATE,1,رسول الله ﷺ,NO_DETERMINISTIC_SPLIT_FOUND | REQUESTED_RESEGMENTATION_NOT_ACHIEVED,,,,
adam_normalized_report_7f6fc710bab0c0b3f39459b7,adam_report_candidate_a6310fd0884a08d234fa0184 | adam_report_candidate_d3e6113f915605be0fa88334,MERGED_THEN_RESEGMENTED,SRC-HISTORY-MUNTAZAM-ADAM,12406,PROPHETIC_HADITH_CANDIDATE,MARFU_CONTEXT_CANDIDATE,0,,MULTIPLE_STRONG_STARTS_REMAIN | NO_DETERMINISTIC_SPLIT_FOUND,,,,
adam_normalized_report_237b6688023cc6a85d8e0ff5,adam_report_candidate_ac472607114462d2c146b364,RESEGMENTED,SRC-HISTORY-MUNTAZAM-ADAM,12406,EARLY_REPORT_CANDIDATE,MAWQUF_OR_TAFSIR_REPORT_CANDIDATE,0,,NO_DETERMINISTIC_SPLIT_FOUND | REQUESTED_RESEGMENTATION_NOT_ACHIEVED,,,,
adam_normalized_report_f4ea97b914c1863ee24200c2,adam_report_candidate_9e02c0eddbebeaa36d2dcea6,PASSTHROUGH_SINGLE,SRC-HISTORY-MUNTAZAM-ADAM,12406,SOURCE_PASSAGE_CONTEXT_CANDIDATE,UNRESOLVED_REPORT_FORM_CANDIDATE,0,,,,,,
adam_normalized_report_1755d04267a2782bf2717c3f,adam_report_candidate_4ee0b33d13dfb070b4a9560e,RESEGMENTED,SRC-HISTORY-MUNTAZAM-ADAM,12406,EARLY_REPORT_CANDIDATE,MAWQUF_OR_TAFSIR_REPORT_CANDIDATE,0,,MULTIPLE_STRONG_STARTS_REMAIN | NO_DETERMINISTIC_SPLIT_FOUND | REQUESTED_RESEGMENTATION_NOT_ACHIEVED,,,,
adam_normalized_report_243743971c1ea2a0a8e7340a,adam_report_candidate_9fa7f08a068d6f1cae62f5ab,PASSTHROUGH_SINGLE,SRC-HISTORY-MUNTAZAM-ADAM,12406,SOURCE_PASSAGE_CONTEXT_CANDIDATE,MAQTU_OR_TAFSIR_REPORT_CANDIDATE,0,,,,,,
adam_normalized_report_0c5049b133622d61ec119262,adam_report_candidate_4aea3b276eadc052c0cd2911,PASSTHROUGH_SINGLE,SRC-HISTORY-MUNTAZAM-ADAM,12406,SOURCE_PASSAGE_CONTEXT_CANDIDATE,UNRESOLVED_REPORT_FORM_CANDIDATE,0,,,,,,
adam_normalized_report_8fa59d54fa3b80bc1f328f06,adam_report_candidate_400ce8203af3b14106ca9d8f,PASSTHROUGH_SINGLE,SRC-HISTORY-MUNTAZAM-ADAM,12406,SOURCE_PASSAGE_CONTEXT_CANDIDATE,UNRESOLVED_REPORT_FORM_CANDIDATE,0,,,,,,
adam_normalized_report_09cf4022246884efd415329f,adam_report_candidate_7abf0a9fe8f7f0b22e547ee8,RESEGMENTED,SRC-HISTORY-MUNTAZAM-ADAM,12406,PROPHETIC_HADITH_CANDIDATE,MARFU_CONTEXT_CANDIDATE,0,,NO_DETERMINISTIC_SPLIT_FOUND | REQUESTED_RESEGMENTATION_NOT_ACHIEVED,,,,
adam_normalized_report_831114719c0653b9869d81f6,adam_report_candidate_e02c2a29161cae174c71fd53,PASSTHROUGH_SINGLE,SRC-HISTORY-MUNTAZAM-ADAM,12406,EARLY_REPORT_CANDIDATE,UNRESOLVED_REPORT_FORM_CANDIDATE,0,,,,,,
adam_normalized_report_9926ed85eb9b20af2bc78d8a,adam_report_candidate_7598b732d7bfcbf88b2673fe,PASSTHROUGH_SINGLE,SRC-HISTORY-MUNTAZAM-ADAM,12406,EARLY_REPORT_CANDIDATE,MAWQUF_OR_TAFSIR_REPORT_CANDIDATE,0,,,,,,
adam_normalized_report_5f934f64e8619fd905284a45,adam_report_candidate_bd683682555bc9570d09e8b3,PASSTHROUGH_SINGLE,SRC-HISTORY-MUNTAZAM-ADAM,12406,EARLY_REPORT_CANDIDATE,MAWQUF_OR_TAFSIR_REPORT_CANDIDATE,0,,,,,,
adam_normalized_report_025e86b974709f10bbbbbc98,adam_report_candidate_fd0aea77fd1507550fa196ba,RESEGMENTED,SRC-HISTORY-MUNTAZAM-ADAM,12406,EARLY_REPORT_CANDIDATE,MAWQUF_OR_TAFSIR_REPORT_CANDIDATE,3,الحارث بن أبي أسامة,NO_DETERMINISTIC_SPLIT_FOUND | REQUESTED_RESEGMENTATION_NOT_ACHIEVED,,,,
adam_normalized_report_0fcb67b706bf719f7c51068b,adam_report_candidate_69ac2cd9cf0b0c07fbf66ac0,RESEGMENTED,SRC-HISTORY-MUNTAZAM-ADAM,12406,PROPHETIC_HADITH_CANDIDATE,MARFU_CONTEXT_CANDIDATE,1,أَبِي,NO_DETERMINISTIC_SPLIT_FOUND | REQUESTED_RESEGMENTATION_NOT_ACHIEVED,,,,
adam_normalized_report_6788e982ad7640bd1c307f92,adam_report_candidate_105b0fb3a891c168fcc496d4,RESEGMENTED,SRC-HISTORY-MUNTAZAM-ADAM,12406,PROPHETIC_HADITH_CANDIDATE,MARFU_CONTEXT_CANDIDATE,0,,NO_DETERMINISTIC_SPLIT_FOUND | REQUESTED_RESEGMENTATION_NOT_ACHIEVED,,,,
adam_normalized_report_73b6679a3cec32216f55eebf,adam_report_candidate_f362c36f8e731c9b0dc0bdd2,RESEGMENTED,SRC-HISTORY-MUNTAZAM-ADAM,12406,EARLY_REPORT_CANDIDATE,UNRESOLVED_REPORT_FORM_CANDIDATE,0,,NO_DETERMINISTIC_SPLIT_FOUND | REQUESTED_RESEGMENTATION_NOT_ACHIEVED,,,,
adam_normalized_report_54e46715bc2a6f098e75f18b,adam_report_candidate_9c05219ce21ecc383fcc6138,RESEGMENTED,SRC-HISTORY-MUNTAZAM-ADAM,12406,EARLY_REPORT_CANDIDATE,UNRESOLVED_REPORT_FORM_CANDIDATE,0,,NO_DETERMINISTIC_SPLIT_FOUND | REQUESTED_RESEGMENTATION_NOT_ACHIEVED,,,,
adam_normalized_report_bafc9aca21074c3ca0219aa6,adam_report_candidate_bbcee0b0c2d6cb6e40af9fc5,RESEGMENTED,SRC-HISTORY-MUNTAZAM-ADAM,12406,PROPHETIC_HADITH_CANDIDATE,MARFU_CONTEXT_CANDIDATE,0,,NO_DETERMINISTIC_SPLIT_FOUND | REQUESTED_RESEGMENTATION_NOT_ACHIEVED,,,,
adam_normalized_report_1e23e97c940b1624027551a1,adam_report_candidate_71f9462903b4c4fd9c1e746c,PASSTHROUGH_SINGLE,SRC-HISTORY-MUNTAZAM-ADAM,12406,EARLY_REPORT_CANDIDATE,UNRESOLVED_REPORT_FORM_CANDIDATE,0,,,,,,
adam_normalized_report_4bc5c4b01bd461289507ef56,adam_report_candidate_6a41f0d816f698e458d06530,PASSTHROUGH_SINGLE,SRC-HISTORY-MUNTAZAM-ADAM,12406,SOURCE_PASSAGE_CONTEXT_CANDIDATE,MAQTU_OR_TAFSIR_REPORT_CANDIDATE,0,,VERY_SHORT_REPORT_UNIT,,,,
adam_normalized_report_4f10534e83fec3289e3ca98b,adam_report_candidate_4d7fdc16eefd0fe155f8bfc5,RESEGMENTED,SRC-HISTORY-MUNTAZAM-ADAM,12406,PROPHETIC_HADITH_CANDIDATE,MARFU_CONTEXT_CANDIDATE,4,أَبُو هُرَيْرَةَ,NO_DETERMINISTIC_SPLIT_FOUND | REQUESTED_RESEGMENTATION_NOT_ACHIEVED,,,,
adam_normalized_report_12c4e1114f69bb9dbf817186,adam_report_candidate_d5dfecefb3a01b1144456ed2,PASSTHROUGH_SINGLE,SRC-HISTORY-MUNTAZAM-ADAM,12406,SOURCE_PASSAGE_CONTEXT_CANDIDATE,UNRESOLVED_REPORT_FORM_CANDIDATE,0,,,,,,
adam_normalized_report_ba1809db8c1b24c7b5be146f,adam_report_candidate_cdcab1064ef16b2999860efa | adam_report_candidate_fb6d62d963741c2e8678d5d1,MERGED_THEN_RESEGMENTED,SRC-HISTORY-MUNTAZAM-ADAM,12406,PROPHETIC_HADITH_CANDIDATE,MARFU_CONTEXT_CANDIDATE,4,القسم الأَوَّل [مَا حدث وآدم فِي السماء],NO_DETERMINISTIC_SPLIT_FOUND,,,,
adam_normalized_report_83dab93e3590ba060dfb44d8,adam_report_candidate_ab1f58de83d34ba3c20dcfa7,RESEGMENTED,SRC-HISTORY-MUNTAZAM-ADAM,12406,EARLY_REPORT_CANDIDATE,UNRESOLVED_REPORT_FORM_CANDIDATE,1,القسم الثَّانِي [مَا حدث وآدم فِي الْجَنَّة],NO_DETERMINISTIC_SPLIT_FOUND | REQUESTED_RESEGMENTATION_NOT_ACHIEVED,,,,
adam_normalized_report_124ac2ffe35fde63157b5f8a,adam_report_candidate_b1fced71d835673b3e9b5d78,PASSTHROUGH_SINGLE,SRC-HISTORY-MUNTAZAM-ADAM,12406,SOURCE_PASSAGE_CONTEXT_CANDIDATE,MAQTU_OR_TAFSIR_REPORT_CANDIDATE,0,,,,,,
adam_normalized_report_ce7efc575eb16fff78d2b376,adam_report_candidate_34f4197bd69582a4aa415bbd,PASSTHROUGH_SINGLE,SRC-HISTORY-MUNTAZAM-ADAM,12406,EARLY_REPORT_CANDIDATE,UNRESOLVED_REPORT_FORM_CANDIDATE,0,,,,,,
adam_normalized_report_d0a5c045ac0eddde42751c5b,adam_report_candidate_e0dd55efc16d43a8235cc228,RESEGMENTED,SRC-HISTORY-MUNTAZAM-ADAM,12406,EARLY_REPORT_CANDIDATE,MAWQUF_OR_TAFSIR_REPORT_CANDIDATE,0,,NO_DETERMINISTIC_SPLIT_FOUND | REQUESTED_RESEGMENTATION_NOT_ACHIEVED,,,,
adam_normalized_report_a7d402f92a5d3062f71740b5,adam_report_candidate_f56bdfae86460f461dcc84a4,PASSTHROUGH_SINGLE,SRC-HISTORY-MUNTAZAM-ADAM,12406,SOURCE_PASSAGE_CONTEXT_CANDIDATE,UNRESOLVED_REPORT_FORM_CANDIDATE,0,,,,,,
adam_normalized_report_c4846bc7d137ab6997739281,adam_report_candidate_fed4e80107235f50bdd67f08,RESEGMENTED,SRC-HISTORY-MUNTAZAM-ADAM,12406,EARLY_REPORT_CANDIDATE,UNRESOLVED_REPORT_FORM_CANDIDATE,0,,NO_DETERMINISTIC_SPLIT_FOUND | REQUESTED_RESEGMENTATION_NOT_ACHIEVED,,,,
adam_normalized_report_2a6c8453351be686dd72bc79,adam_report_candidate_54f1d87065e32668449bf360,RESEGMENTED,SRC-HISTORY-MUNTAZAM-ADAM,12406,EARLY_REPORT_CANDIDATE,UNRESOLVED_REPORT_FORM_CANDIDATE,0,,NO_DETERMINISTIC_SPLIT_FOUND | REQUESTED_RESEGMENTATION_NOT_ACHIEVED,,,,
adam_normalized_report_9930646f0b8731aab7695fdd,adam_report_candidate_85d9ed053cb6ba2faa583644,RESEGMENTED,SRC-HISTORY-MUNTAZAM-ADAM,12406,EARLY_REPORT_CANDIDATE,UNRESOLVED_REPORT_FORM_CANDIDATE,2,أبي عمرو الشامي,MULTIPLE_STRONG_STARTS_REMAIN | NO_DETERMINISTIC_SPLIT_FOUND | REQUESTED_RESEGMENTATION_NOT_ACHIEVED,,,,
adam_normalized_report_c5ef76dee1a5d62ef4a1dea4,adam_report_candidate_e33b4a0becc022d4029357e2,RESEGMENTED,SRC-HISTORY-MUNTAZAM-ADAM,12406,PROPHETIC_HADITH_CANDIDATE,MARFU_CONTEXT_CANDIDATE,4,ابن عباس قال,NO_DETERMINISTIC_SPLIT_FOUND | REQUESTED_RESEGMENTATION_NOT_ACHIEVED,,,,
adam_normalized_report_84cc91944be492236311455a,adam_report_candidate_ab89e0a6b8752e2cb1c24df7,PASSTHROUGH_SINGLE,SRC-HISTORY-MUNTAZAM-ADAM,12406,EARLY_REPORT_CANDIDATE,MAWQUF_OR_TAFSIR_REPORT_CANDIDATE,3,أقوام من القدماء,,,,,
adam_normalized_report_8a2a3543de70aa2911105aec,adam_report_candidate_10929778d082e61cb0981836,RESEGMENTED,SRC-HISTORY-TABARI-ADAM,9783,PROPHETIC_HADITH_CANDIDATE,MARFU_CONTEXT_CANDIDATE,1,النبي بِنَحْوِهِ.,NO_DETERMINISTIC_SPLIT_FOUND | REQUESTED_RESEGMENTATION_NOT_ACHIEVED,,,,
adam_normalized_report_71b9aa7555ed3fc002d3fa58,adam_report_candidate_f18b47c2b90ed8b21493b0cb,RESEGMENTED,SRC-HISTORY-TABARI-ADAM,9783,PROPHETIC_HADITH_CANDIDATE,MARFU_CONTEXT_CANDIDATE,0,,NO_DETERMINISTIC_SPLIT_FOUND | REQUESTED_RESEGMENTATION_NOT_ACHIEVED,,,,
adam_normalized_report_99a38cb81d0b1031f4272520,adam_report_candidate_ead135ea5fe6202abe69e508,RESEGMENTED,SRC-HISTORY-TABARI-ADAM,9783,EARLY_REPORT_CANDIDATE,UNRESOLVED_REPORT_FORM_CANDIDATE,1,زبان,NO_DETERMINISTIC_SPLIT_FOUND | REQUESTED_RESEGMENTATION_NOT_ACHIEVED,,,,
adam_normalized_report_26de6bced124d089fff58b24,adam_report_candidate_9618a4fc14ee4ae8a0479f96,PASSTHROUGH_SINGLE,SRC-HISTORY-TABARI-ADAM,9783,SOURCE_PASSAGE_CONTEXT_CANDIDATE,UNRESOLVED_REPORT_FORM_CANDIDATE,0,,,,,,
adam_normalized_report_176442fb2ce1fd0806809214,adam_report_candidate_3006677f577b6b5b16549d65,RESEGMENTED,SRC-HISTORY-TABARI-ADAM,9783,EARLY_REPORT_CANDIDATE,MAWQUF_OR_TAFSIR_REPORT_CANDIDATE,0,,NO_DETERMINISTIC_SPLIT_FOUND | REQUESTED_RESEGMENTATION_NOT_ACHIEVED,,,,
adam_normalized_report_86ed13dca9e588aa17e463a8,adam_report_candidate_6984448d61d6053c0149326b,RESEGMENTED,SRC-HISTORY-TABARI-ADAM,9783,PROPHETIC_HADITH_CANDIDATE,MARFU_CONTEXT_CANDIDATE,0,,NO_DETERMINISTIC_SPLIT_FOUND | REQUESTED_RESEGMENTATION_NOT_ACHIEVED,,,,
adam_normalized_report_8f3e9b65667524dc8ba27894,adam_report_candidate_2eb0bb323b63bd4cb170f317,RESEGMENTED,SRC-HISTORY-TABARI-ADAM,9783,EARLY_REPORT_CANDIDATE,UNRESOLVED_REPORT_FORM_CANDIDATE,5,الفضيل بْنُ سُلَيْمَانَ,MULTIPLE_STRONG_STARTS_REMAIN | NO_DETERMINISTIC_SPLIT_FOUND | REQUESTED_RESEGMENTATION_NOT_ACHIEVED,,,,
adam_normalized_report_d33e075286af52b27d743e5b,adam_report_candidate_a60397c1635e7eed3d3c2d2c,RESEGMENTED,SRC-HISTORY-TABARI-ADAM,9783,EARLY_REPORT_CANDIDATE,UNRESOLVED_REPORT_FORM_CANDIDATE,2,ابن جريج,MULTIPLE_STRONG_STARTS_REMAIN | NO_DETERMINISTIC_SPLIT_FOUND | REQUESTED_RESEGMENTATION_NOT_ACHIEVED,,,,
adam_normalized_report_fb97adc14d0330aaf92f9230,adam_report_candidate_995c72dd9e4262f10d1c0f77,PASSTHROUGH_SINGLE,SRC-HISTORY-TABARI-ADAM,9783,PROPHETIC_HADITH_CANDIDATE,MARFU_CONTEXT_CANDIDATE,0,,,,,,
adam_normalized_report_b307ac50a0f4a1163c7aea74,adam_report_candidate_d0e965a142dfa9bf314eab40,PASSTHROUGH_SINGLE,SRC-HISTORY-TABARI-ADAM,9783,SOURCE_PASSAGE_CONTEXT_CANDIDATE,UNRESOLVED_REPORT_FORM_CANDIDATE,0,,,,,,
adam_normalized_report_68eed1d787a1149ba473fc36,adam_report_candidate_82ee5128f6963780615adf85,RESEGMENTED,SRC-HISTORY-TABARI-ADAM,9783,PROPHETIC_HADITH_CANDIDATE,MARFU_CONTEXT_CANDIDATE,0,,MULTIPLE_STRONG_STARTS_REMAIN | NO_DETERMINISTIC_SPLIT_FOUND | REQUESTED_RESEGMENTATION_NOT_ACHIEVED,,,,
adam_normalized_report_712b0b14beeff132b7fe9047,adam_report_candidate_9a628126f48ad6850339db3a,RESEGMENTED,SRC-HISTORY-TABARI-ADAM,9783,PROPHETIC_HADITH_CANDIDATE,MARFU_CONTEXT_CANDIDATE,0,,MULTIPLE_STRONG_STARTS_REMAIN | NO_DETERMINISTIC_SPLIT_FOUND | REQUESTED_RESEGMENTATION_NOT_ACHIEVED,,,,
adam_normalized_report_e6fe99b930ca2858e3133421,adam_report_candidate_62adb1f3b12a70c5edc3a636,PASSTHROUGH_SINGLE,SRC-HISTORY-TABARI-ADAM,9783,PROPHETIC_HADITH_CANDIDATE,MARFU_CONTEXT_CANDIDATE,0,,,,,,
adam_normalized_report_61f266c53ae87478d28b8e3c,adam_report_candidate_1e94f005b4128acf800d2ab7,RESEGMENTED,SRC-HISTORY-TABARI-ADAM,9783,EARLY_REPORT_CANDIDATE,MAWQUF_OR_TAFSIR_REPORT_CANDIDATE,2,ابن عباس نَحْوَهُ.,MULTIPLE_STRONG_STARTS_REMAIN | NO_DETERMINISTIC_SPLIT_FOUND | REQUESTED_RESEGMENTATION_NOT_ACHIEVED,,,,
adam_normalized_report_a2a200d6fc9fd6e8dd8b4344,adam_report_candidate_232b4f9a5ecc5173f0b621df | adam_report_candidate_5c874d016d9ec2e00782f1b7,MERGED,SRC-HISTORY-TABARI-ADAM,9783,EARLY_REPORT_CANDIDATE,MAWQUF_OR_TAFSIR_REPORT_CANDIDATE,0,,,,,,
adam_normalized_report_dea251a924ac27860cbfaa28,adam_report_candidate_ba0fe2c62f9d85b522d77fc9,RESEGMENTED,SRC-HISTORY-TABARI-ADAM,9783,PROPHETIC_HADITH_CANDIDATE,MARFU_CONTEXT_CANDIDATE,0,,MULTIPLE_STRONG_STARTS_REMAIN | NO_DETERMINISTIC_SPLIT_FOUND | REQUESTED_RESEGMENTATION_NOT_ACHIEVED,,,,
adam_normalized_report_cb113dec550e199acdc77f6a,adam_report_candidate_400c959fa8754012b31521f9,PASSTHROUGH_SINGLE,SRC-HISTORY-TABARI-ADAM,9783,EARLY_REPORT_CANDIDATE,UNRESOLVED_REPORT_FORM_CANDIDATE,3,عبد الله بن رافع مَوْلَى أُمِّ سَلَمَةَ,,,,,
adam_normalized_report_1eddb0ad59a7c69b9756c05e,adam_report_candidate_a6ae0de4c0abe717716c218c,PASSTHROUGH_SINGLE,SRC-HISTORY-TABARI-ADAM,9783,PROPHETIC_HADITH_CANDIDATE,MARFU_CONTEXT_CANDIDATE,0,,,,,,
adam_normalized_report_a4b3f6e4d12a4f87ee069693,adam_report_candidate_a581cf134816d47632b932f1,RESEGMENTED,SRC-HISTORY-TABARI-ADAM,9783,EARLY_REPORT_CANDIDATE,UNRESOLVED_REPORT_FORM_CANDIDATE,0,,NO_DETERMINISTIC_SPLIT_FOUND | REQUESTED_RESEGMENTATION_NOT_ACHIEVED,,,,
adam_normalized_report_bb449fcc01ac5b086cf34d8d,adam_report_candidate_8b128976537e9fe4b0c4bf80,PASSTHROUGH_SINGLE,SRC-HISTORY-TABARI-ADAM,9783,SOURCE_PASSAGE_CONTEXT_CANDIDATE,UNRESOLVED_REPORT_FORM_CANDIDATE,0,,,,,,
adam_normalized_report_44ff9d5fe0102f7e30f5bd29,adam_report_candidate_05864090fa9cac9d464706ce | adam_report_candidate_6dd23522a84222399a2d39ce,MERGED_THEN_RESEGMENTED,SRC-HISTORY-TABARI-ADAM,9783,EARLY_REPORT_CANDIDATE,MAWQUF_OR_TAFSIR_REPORT_CANDIDATE,0,,MULTIPLE_STRONG_STARTS_REMAIN,,,,
adam_normalized_report_abf5d07b1f088c2652bdc82e,adam_report_candidate_eeb02a73aa7feab86343c700,RESEGMENTED,SRC-HISTORY-TABARI-ADAM,9783,PROPHETIC_HADITH_CANDIDATE,MARFU_CONTEXT_CANDIDATE,2,رسول الله ص بذلك وغير مستحيل ما روينا في ذلك عن ابن عباس من القول,,,,,
adam_normalized_report_cd226d6bd4a172f100d5bb07,adam_report_candidate_05864090fa9cac9d464706ce | adam_report_candidate_6dd23522a84222399a2d39ce,MERGED_THEN_RESEGMENTED,SRC-HISTORY-TABARI-ADAM,9783,EARLY_REPORT_CANDIDATE,UNRESOLVED_REPORT_FORM_CANDIDATE,0,,MULTIPLE_STRONG_STARTS_REMAIN,,,,
adam_normalized_report_fb052c959b17947aae257089,adam_report_candidate_eeb02a73aa7feab86343c700,RESEGMENTED,SRC-HISTORY-TABARI-ADAM,9783,PROPHETIC_HADITH_CANDIDATE,MARFU_CONTEXT_CANDIDATE,0,,,,,,
adam_normalized_report_e977655cb300adca20ace010,adam_report_candidate_dd98effd1417b87315dc4853,RESEGMENTED,SRC-HISTORY-TABARI-ADAM,9783,EARLY_REPORT_CANDIDATE,UNRESOLVED_REPORT_FORM_CANDIDATE,0,,NO_DETERMINISTIC_SPLIT_FOUND | REQUESTED_RESEGMENTATION_NOT_ACHIEVED,,,,
adam_normalized_report_a00f501d819cc213b1475dcd,adam_report_candidate_fb2b8ba364ccf8bdadca866e,RESEGMENTED,SRC-HISTORY-TABARI-ADAM,9783,EARLY_REPORT_CANDIDATE,MAWQUF_OR_TAFSIR_REPORT_CANDIDATE,0,,NO_DETERMINISTIC_SPLIT_FOUND | REQUESTED_RESEGMENTATION_NOT_ACHIEVED,,,,
adam_normalized_report_e538ee3a5c03c24e24e97f3c,adam_report_candidate_5678efcb1065006496072e04,RESEGMENTED,SRC-HISTORY-TABARI-ADAM,9783,SOURCE_PASSAGE_CONTEXT_CANDIDATE,MAWQUF_OR_TAFSIR_REPORT_CANDIDATE,0,,NO_DETERMINISTIC_SPLIT_FOUND | REQUESTED_RESEGMENTATION_NOT_ACHIEVED,,,,
adam_normalized_report_f1f895aeb93785af648899a7,adam_report_candidate_b4f4e777c974e00be80ea219,RESEGMENTED,SRC-HISTORY-TABARI-ADAM,9783,EARLY_REPORT_CANDIDATE,UNRESOLVED_REPORT_FORM_CANDIDATE,1,ابن سِنَانٍ,NO_DETERMINISTIC_SPLIT_FOUND | REQUESTED_RESEGMENTATION_NOT_ACHIEVED,,,,
adam_normalized_report_3ccea402ff68fef5937af378,adam_report_candidate_88f41f934366ff8b4df1f462,PASSTHROUGH_SINGLE,SRC-HISTORY-TABARI-ADAM,9783,EARLY_REPORT_CANDIDATE,MAWQUF_OR_TAFSIR_REPORT_CANDIDATE,0,,,,,,
adam_normalized_report_e9fddf0117c4781b2b0ae9a5,adam_report_candidate_648026ac0b0bce185b5fab81,RESEGMENTED,SRC-HISTORY-TABARI-ADAM,9783,EARLY_REPORT_CANDIDATE,MAWQUF_OR_TAFSIR_REPORT_CANDIDATE,1,تميم بن المنتصر,NO_DETERMINISTIC_SPLIT_FOUND | REQUESTED_RESEGMENTATION_NOT_ACHIEVED,,,,
adam_normalized_report_90993e675b9a10bd9068dd11,adam_report_candidate_9a8c00498f499d9f7d89b158,RESEGMENTED,SRC-HISTORY-TABARI-ADAM,9783,EARLY_REPORT_CANDIDATE,MAWQUF_OR_TAFSIR_REPORT_CANDIDATE,2,السدي,NO_DETERMINISTIC_SPLIT_FOUND | REQUESTED_RESEGMENTATION_NOT_ACHIEVED,,,,
adam_normalized_report_3ab137b626f01649a386de17,adam_report_candidate_931ab921130ce8f89b85c919,RESEGMENTED,SRC-HISTORY-TABARI-ADAM,9783,PROPHETIC_HADITH_CANDIDATE,MARFU_CONTEXT_CANDIDATE,5,ابن جريج,MULTIPLE_STRONG_STARTS_REMAIN | NO_DETERMINISTIC_SPLIT_FOUND | REQUESTED_RESEGMENTATION_NOT_ACHIEVED,,,,
adam_normalized_report_a71328ccc096fa2d9493682b,adam_report_candidate_e9731104d89a0e69e4dee849,PASSTHROUGH_SINGLE,SRC-HISTORY-TABARI-ADAM,9783,EARLY_REPORT_CANDIDATE,UNRESOLVED_REPORT_FORM_CANDIDATE,3,عبد الله بن رافع مولى أُمِّ سَلَمَةَ,,,,,
adam_normalized_report_aa90cb19ec79b49a31afce54,adam_report_candidate_51f57376d97d58907b146907,RESEGMENTED,SRC-HISTORY-TABARI-ADAM,9783,EARLY_REPORT_CANDIDATE,MAWQUF_OR_TAFSIR_REPORT_CANDIDATE,1,إسحاق,NO_DETERMINISTIC_SPLIT_FOUND | REQUESTED_RESEGMENTATION_NOT_ACHIEVED,,,,
adam_normalized_report_dbd2fc1eec03f41ae0ed628f,adam_report_candidate_f0a8f6f1eaa4c195c31d2f0f,PASSTHROUGH_SINGLE,SRC-HISTORY-TABARI-ADAM,9783,EARLY_REPORT_CANDIDATE,UNRESOLVED_REPORT_FORM_CANDIDATE,1,تميم بن المنتصر,,,,,
adam_normalized_report_bbecd0e5b2b2378339d409ad,adam_report_candidate_8e71f4a050314135ee249a60,RESEGMENTED,SRC-HISTORY-TABARI-ADAM,9783,SOURCE_PASSAGE_CONTEXT_CANDIDATE,UNRESOLVED_REPORT_FORM_CANDIDATE,0,,NO_DETERMINISTIC_SPLIT_FOUND | REQUESTED_RESEGMENTATION_NOT_ACHIEVED,,,,
adam_normalized_report_d0ec2372fc3c5541b6b56be5,adam_report_candidate_d29a8940daebfd5a4a880830,RESEGMENTED,SRC-HISTORY-TABARI-ADAM,9783,SOURCE_PASSAGE_CONTEXT_CANDIDATE,UNRESOLVED_REPORT_FORM_CANDIDATE,0,,NO_DETERMINISTIC_SPLIT_FOUND | REQUESTED_RESEGMENTATION_NOT_ACHIEVED,,,,
adam_normalized_report_17df73bdc669affa97972ec3,adam_report_candidate_1b9e97dbbceec6f2d23b9659,RESEGMENTED,SRC-HISTORY-TABARI-ADAM,9783,EARLY_REPORT_CANDIDATE,UNRESOLVED_REPORT_FORM_CANDIDATE,2,قتادة,NO_DETERMINISTIC_SPLIT_FOUND | REQUESTED_RESEGMENTATION_NOT_ACHIEVED,,,,
adam_normalized_report_1a2b7c6c90572e2f2078f67c,adam_report_candidate_cd63fbc6723b5bf94b8da63a,RESEGMENTED,SRC-HISTORY-TABARI-ADAM,9783,EARLY_REPORT_CANDIDATE,MAWQUF_OR_TAFSIR_REPORT_CANDIDATE,2,إسحاق بن الحجاج,MULTIPLE_STRONG_STARTS_REMAIN | NO_DETERMINISTIC_SPLIT_FOUND | REQUESTED_RESEGMENTATION_NOT_ACHIEVED,,,,
adam_normalized_report_6246be45eb0c8f1535e52da9,adam_report_candidate_d28513e178d8f10de319450e,RESEGMENTED,SRC-HISTORY-TABARI-ADAM,9783,EARLY_REPORT_CANDIDATE,UNRESOLVED_REPORT_FORM_CANDIDATE,1,عبد الله بن أبي جعفر عَنْ أَبِيهِ,NO_DETERMINISTIC_SPLIT_FOUND | REQUESTED_RESEGMENTATION_NOT_ACHIEVED,,,,
adam_normalized_report_efd6094c40305aa18f80f4c5,adam_report_candidate_7ec0a634009dc2947dec1770,RESEGMENTED,SRC-HISTORY-TABARI-ADAM,9783,EARLY_REPORT_CANDIDATE,MAWQUF_OR_TAFSIR_REPORT_CANDIDATE,0,,NO_DETERMINISTIC_SPLIT_FOUND | REQUESTED_RESEGMENTATION_NOT_ACHIEVED,,,,
adam_normalized_report_127408995ced34a6bd0caffb,adam_report_candidate_266989256d169df8671fb60b,RESEGMENTED,SRC-HISTORY-TABARI-ADAM,9783,EARLY_REPORT_CANDIDATE,MAWQUF_OR_TAFSIR_REPORT_CANDIDATE,3,عمرو بن حماد,MULTIPLE_STRONG_STARTS_REMAIN | NO_DETERMINISTIC_SPLIT_FOUND | REQUESTED_RESEGMENTATION_NOT_ACHIEVED,,,,
adam_normalized_report_4e8d9241d943f5a8e5875149,adam_report_candidate_5a6e5592988e917c40dd96bd,RESEGMENTED,SRC-HISTORY-TABARI-ADAM,9783,EARLY_REPORT_CANDIDATE,MAWQUF_OR_TAFSIR_REPORT_CANDIDATE,3,ابن عباس- وعن مرة الهمداني عن ابن مسعود- وعن ناس من اصحاب النبي ص,NO_DETERMINISTIC_SPLIT_FOUND | REQUESTED_RESEGMENTATION_NOT_ACHIEVED,,,,
adam_normalized_report_0eac968a472f5fdc445737ce,adam_report_candidate_2e520d68966115407db18863,RESEGMENTED,SRC-HISTORY-TABARI-ADAM,9783,EARLY_REPORT_CANDIDATE,UNRESOLVED_REPORT_FORM_CANDIDATE,2,الرواية عنه بذلك,NO_DETERMINISTIC_SPLIT_FOUND | REQUESTED_RESEGMENTATION_NOT_ACHIEVED,,,,
adam_normalized_report_1fee13e6cd8fe4ae6ab4c08f,adam_report_candidate_4ac92a82a8781b17ff3cc9f0,RESEGMENTED,SRC-HISTORY-TABARI-ADAM,9783,EARLY_REPORT_CANDIDATE,UNRESOLVED_REPORT_FORM_CANDIDATE,0,,NO_DETERMINISTIC_SPLIT_FOUND | REQUESTED_RESEGMENTATION_NOT_ACHIEVED,,,,
adam_normalized_report_36b7fe2012b4248f85725c9f,adam_report_candidate_f4bf979ed2d3d8b3749a9887,RESEGMENTED,SRC-HISTORY-TABARI-ADAM,9783,EARLY_REPORT_CANDIDATE,MAWQUF_OR_TAFSIR_REPORT_CANDIDATE,1,شيبان,MULTIPLE_STRONG_STARTS_REMAIN | NO_DETERMINISTIC_SPLIT_FOUND | REQUESTED_RESEGMENTATION_NOT_ACHIEVED,,,,
adam_normalized_report_83e2650c5f87d3f2221aacdc,adam_report_candidate_e3b5dbdd727a7785e5be2c7f,RESEGMENTED,SRC-HISTORY-TABARI-ADAM,9783,EARLY_REPORT_CANDIDATE,MAWQUF_OR_TAFSIR_REPORT_CANDIDATE,0,,NO_DETERMINISTIC_SPLIT_FOUND | REQUESTED_RESEGMENTATION_NOT_ACHIEVED,,,,
adam_normalized_report_2a651d61db8c6fdb98737a91,adam_report_candidate_b66dd2f313faff21a6fca8bf,RESEGMENTED,SRC-HISTORY-TABARI-ADAM,9783,EARLY_REPORT_CANDIDATE,UNRESOLVED_REPORT_FORM_CANDIDATE,1,شهر بن حوشب,MULTIPLE_STRONG_STARTS_REMAIN | NO_DETERMINISTIC_SPLIT_FOUND | REQUESTED_RESEGMENTATION_NOT_ACHIEVED,,,,
adam_normalized_report_4f68843ba1b35d20582801f8,adam_report_candidate_df1840bf2df2bbeee4151541,PASSTHROUGH_SINGLE,SRC-HISTORY-TABARI-ADAM,9783,EARLY_REPORT_CANDIDATE,UNRESOLVED_REPORT_FORM_CANDIDATE,3,سعد ابن مسعود,,,,,
adam_normalized_report_c368e5fd65974ad88bb66b5e,adam_report_candidate_a3cfba0b8c0fd2cbba0bc1dc,RESEGMENTED,SRC-HISTORY-TABARI-ADAM,9783,EARLY_REPORT_CANDIDATE,MAWQUF_OR_TAFSIR_REPORT_CANDIDATE,1,أَبُو عَاصِمٍ,MULTIPLE_STRONG_STARTS_REMAIN | NO_DETERMINISTIC_SPLIT_FOUND | REQUESTED_RESEGMENTATION_NOT_ACHIEVED,,,,
adam_normalized_report_895e9dbe1d8318cef8f0ea47,adam_report_candidate_a011ecac9459dce0779b0aa5,RESEGMENTED,SRC-HISTORY-TABARI-ADAM,9783,AUTHORIAL_COMMENTARY_CANDIDATE,UNRESOLVED_REPORT_FORM_CANDIDATE,1,ابو جعفر,NO_DETERMINISTIC_SPLIT_FOUND | REQUESTED_RESEGMENTATION_NOT_ACHIEVED,,,,
adam_normalized_report_34e351ba8fa1449fb5610487,adam_report_candidate_3873fbeb47b7a671b95fa8b8,RESEGMENTED,SRC-HISTORY-TABARI-ADAM,9783,EARLY_REPORT_CANDIDATE,MAWQUF_OR_TAFSIR_REPORT_CANDIDATE,0,,MULTIPLE_STRONG_STARTS_REMAIN | NO_DETERMINISTIC_SPLIT_FOUND | REQUESTED_RESEGMENTATION_NOT_ACHIEVED,,,,
adam_normalized_report_4d6d0845e7e88b2950b4f574,adam_report_candidate_ad1c552d401e3b0ddace6087,RESEGMENTED,SRC-HISTORY-TABARI-ADAM,9783,EARLY_REPORT_CANDIDATE,MAWQUF_OR_TAFSIR_REPORT_CANDIDATE,0,,NO_DETERMINISTIC_SPLIT_FOUND | REQUESTED_RESEGMENTATION_NOT_ACHIEVED,,,,
adam_normalized_report_5b2636b4478cedf2e720cd39,adam_report_candidate_b520de39f7644bc918fc23d9,RESEGMENTED,SRC-HISTORY-TABARI-ADAM,9783,EARLY_REPORT_CANDIDATE,MAWQUF_OR_TAFSIR_REPORT_CANDIDATE,1,عمرو بن حماد,MULTIPLE_STRONG_STARTS_REMAIN | NO_DETERMINISTIC_SPLIT_FOUND | REQUESTED_RESEGMENTATION_NOT_ACHIEVED,,,,
adam_normalized_report_cd29c7e3f3993cc7a31ed2e6,adam_report_candidate_086d89a3fbf2f72df86448d6,RESEGMENTED,SRC-HISTORY-TABARI-ADAM,9783,EARLY_REPORT_CANDIDATE,MAWQUF_OR_TAFSIR_REPORT_CANDIDATE,4,ابن مسعود- وعن ناس من أصحاب النبي ص,NO_DETERMINISTIC_SPLIT_FOUND | REQUESTED_RESEGMENTATION_NOT_ACHIEVED,,,,
adam_normalized_report_1a59b055e7ee32d900324aec,adam_report_candidate_f5d2c493f27ff16a2a4a3d52,RESEGMENTED,SRC-HISTORY-TABARI-ADAM,9783,EARLY_REPORT_CANDIDATE,UNRESOLVED_REPORT_FORM_CANDIDATE,0,,MULTIPLE_STRONG_STARTS_REMAIN | NO_DETERMINISTIC_SPLIT_FOUND | REQUESTED_RESEGMENTATION_NOT_ACHIEVED,,,,
adam_normalized_report_7315921bbef561e35384c537,adam_report_candidate_c74d583216bf71fe16bff7e3,RESEGMENTED,SRC-HISTORY-TABARI-ADAM,9783,PROPHETIC_HADITH_CANDIDATE,MARFU_CONTEXT_CANDIDATE,0,,NO_DETERMINISTIC_SPLIT_FOUND | REQUESTED_RESEGMENTATION_NOT_ACHIEVED,,,,
adam_normalized_report_9017bfb88715ca5e991a201b,adam_report_candidate_8efedc47c487367bbada0d30,RESEGMENTED,SRC-HISTORY-TABARI-ADAM,9783,EARLY_REPORT_CANDIDATE,UNRESOLVED_REPORT_FORM_CANDIDATE,4,سعيد بْنِ جُبَيْرٍ,MULTIPLE_STRONG_STARTS_REMAIN | NO_DETERMINISTIC_SPLIT_FOUND | REQUESTED_RESEGMENTATION_NOT_ACHIEVED,,,,
adam_normalized_report_9b78042877912c3b2b173d6a,adam_report_candidate_07631224c04d9100106acf93,RESEGMENTED,SRC-HISTORY-TABARI-ADAM,9783,EARLY_REPORT_CANDIDATE,UNRESOLVED_REPORT_FORM_CANDIDATE,0,,MULTIPLE_STRONG_STARTS_REMAIN | NO_DETERMINISTIC_SPLIT_FOUND | REQUESTED_RESEGMENTATION_NOT_ACHIEVED,,,,
adam_normalized_report_213f826c05beb5e63699b15f,adam_report_candidate_691408418cd988518e3f7d57,RESEGMENTED,SRC-HISTORY-TABARI-ADAM,9783,EARLY_REPORT_CANDIDATE,MAWQUF_OR_TAFSIR_REPORT_CANDIDATE,0,,NO_DETERMINISTIC_SPLIT_FOUND | REQUESTED_RESEGMENTATION_NOT_ACHIEVED,,,,
adam_normalized_report_3e2691e68f50a77e5b1ef600,adam_report_candidate_d67067e66bf19c74a7951aa7,RESEGMENTED,SRC-HISTORY-TABARI-ADAM,9783,EARLY_REPORT_CANDIDATE,MAWQUF_OR_TAFSIR_REPORT_CANDIDATE,0,,MULTIPLE_STRONG_STARTS_REMAIN | NO_DETERMINISTIC_SPLIT_FOUND | REQUESTED_RESEGMENTATION_NOT_ACHIEVED,,,,
adam_normalized_report_bc0e02b8936d3e051ac5437c,adam_report_candidate_129d9f4075acbd034f990eb3,RESEGMENTED,SRC-HISTORY-TABARI-ADAM,9783,EARLY_REPORT_CANDIDATE,UNRESOLVED_REPORT_FORM_CANDIDATE,0,,NO_DETERMINISTIC_SPLIT_FOUND | REQUESTED_RESEGMENTATION_NOT_ACHIEVED,,,,
adam_normalized_report_657ef27e6b10aa767ae4fbbe,adam_report_candidate_4108619fd927f26e8add08e6,RESEGMENTED,SRC-HISTORY-TABARI-ADAM,9783,EARLY_REPORT_CANDIDATE,MAWQUF_OR_TAFSIR_REPORT_CANDIDATE,3,ابن عباس- وعن مرة الهمداني عن ابن مسعود- وعن ناس من اصحاب رسول الله ص,NO_DETERMINISTIC_SPLIT_FOUND | REQUESTED_RESEGMENTATION_NOT_ACHIEVED,,,,
adam_normalized_report_c437626fa785ea0c1d454644,adam_report_candidate_4cfe77f1c7431341a4aa05f9,RESEGMENTED,SRC-HISTORY-TABARI-ADAM,9783,EARLY_REPORT_CANDIDATE,UNRESOLVED_REPORT_FORM_CANDIDATE,1,حماد بن سلمة,NO_DETERMINISTIC_SPLIT_FOUND | REQUESTED_RESEGMENTATION_NOT_ACHIEVED,,,,
adam_normalized_report_d7bb9f921fc73bad12a297c3,adam_report_candidate_beab6eaae98395525a4c3a57,RESEGMENTED,SRC-HISTORY-TABARI-ADAM,9783,EARLY_REPORT_CANDIDATE,UNRESOLVED_REPORT_FORM_CANDIDATE,1,ابْنِ إِسْحَاقَ,NO_DETERMINISTIC_SPLIT_FOUND | REQUESTED_RESEGMENTATION_NOT_ACHIEVED,,,,
adam_normalized_report_329c0e9b5c9f1de2de2a752b,adam_report_candidate_ce04e9e34b206e38e5aea577,RESEGMENTED,SRC-HISTORY-TABARI-ADAM,9783,EARLY_REPORT_CANDIDATE,UNRESOLVED_REPORT_FORM_CANDIDATE,2,عمرو بن حماد,MULTIPLE_STRONG_STARTS_REMAIN | NO_DETERMINISTIC_SPLIT_FOUND | REQUESTED_RESEGMENTATION_NOT_ACHIEVED,,,,
adam_normalized_report_957902bf1ebb6ce51c40f350,adam_report_candidate_d010e9b1f950ce2f50b67a58,RESEGMENTED,SRC-HISTORY-TABARI-ADAM,9783,EARLY_REPORT_CANDIDATE,MAWQUF_OR_TAFSIR_REPORT_CANDIDATE,4,ابن مسعود- وعن ناس من اصحاب النبي ص,NO_DETERMINISTIC_SPLIT_FOUND | REQUESTED_RESEGMENTATION_NOT_ACHIEVED,,,,
adam_normalized_report_6bac5d770ffa73fea7eac16f,adam_report_candidate_ac929944074d3c197410e917,RESEGMENTED,SRC-HISTORY-TABARI-ADAM,9783,EARLY_REPORT_CANDIDATE,UNRESOLVED_REPORT_FORM_CANDIDATE,0,,MULTIPLE_STRONG_STARTS_REMAIN | NO_DETERMINISTIC_SPLIT_FOUND | REQUESTED_RESEGMENTATION_NOT_ACHIEVED,,,,
adam_normalized_report_c43f7145fa1b2b71b31a7086,adam_report_candidate_cdf5f8aa5a1f12770e6d9469,RESEGMENTED,SRC-HISTORY-TABARI-ADAM,9783,EARLY_REPORT_CANDIDATE,MAWQUF_OR_TAFSIR_REPORT_CANDIDATE,0,,NO_DETERMINISTIC_SPLIT_FOUND | REQUESTED_RESEGMENTATION_NOT_ACHIEVED,,,,
adam_normalized_report_cd1561173203c43739f73457,adam_report_candidate_e40eec5bc36556e1bd701974,RESEGMENTED,SRC-HISTORY-TABARI-ADAM,9783,EARLY_REPORT_CANDIDATE,UNRESOLVED_REPORT_FORM_CANDIDATE,0,,NO_DETERMINISTIC_SPLIT_FOUND | REQUESTED_RESEGMENTATION_NOT_ACHIEVED,,,,
adam_normalized_report_1ef14a9bd731e762c1132f17,adam_report_candidate_d8f6d83c178e48d06fa5b5bc,RESEGMENTED,SRC-HISTORY-TABARI-ADAM,9783,EARLY_REPORT_CANDIDATE,UNRESOLVED_REPORT_FORM_CANDIDATE,0,,MULTIPLE_STRONG_STARTS_REMAIN | NO_DETERMINISTIC_SPLIT_FOUND | REQUESTED_RESEGMENTATION_NOT_ACHIEVED,,,,
adam_normalized_report_3ac9b7bbd5634f2fa1f842e5,adam_report_candidate_25bd431b50df624c102f7a08,PASSTHROUGH_SINGLE,SRC-HISTORY-TABARI-ADAM,9783,PROPHETIC_HADITH_CANDIDATE,MARFU_CONTEXT_CANDIDATE,0,,,,,,
adam_normalized_report_2e6ec24547fcfd216edfe8f6,adam_report_candidate_845484276d4fdb6468143f9d,RESEGMENTED,SRC-HISTORY-TABARI-ADAM,9783,EARLY_REPORT_CANDIDATE,MAWQUF_OR_TAFSIR_REPORT_CANDIDATE,0,,NO_DETERMINISTIC_SPLIT_FOUND | REQUESTED_RESEGMENTATION_NOT_ACHIEVED,,,,
adam_normalized_report_44cb58d12e611f8919ecc239,adam_report_candidate_cfd2261453d01a1c96fb6222,RESEGMENTED,SRC-HISTORY-TABARI-ADAM,9783,EARLY_REPORT_CANDIDATE,UNRESOLVED_REPORT_FORM_CANDIDATE,0,,NO_DETERMINISTIC_SPLIT_FOUND | REQUESTED_RESEGMENTATION_NOT_ACHIEVED,,,,
adam_normalized_report_53b4a8c922bb898f04d9d2ea,adam_report_candidate_775e198ab34b80c57a2a88ff,RESEGMENTED,SRC-HISTORY-TABARI-ADAM,9783,EARLY_REPORT_CANDIDATE,UNRESOLVED_REPORT_FORM_CANDIDATE,3,مجاهد,NO_DETERMINISTIC_SPLIT_FOUND | REQUESTED_RESEGMENTATION_NOT_ACHIEVED,,,,
adam_normalized_report_81836cb02018ae45caa3da57,adam_report_candidate_2f7ada959ac29daac552f68a,RESEGMENTED,SRC-HISTORY-TABARI-ADAM,9783,EARLY_REPORT_CANDIDATE,MAWQUF_OR_TAFSIR_REPORT_CANDIDATE,1,أبو عاصم,MULTIPLE_STRONG_STARTS_REMAIN | NO_DETERMINISTIC_SPLIT_FOUND | REQUESTED_RESEGMENTATION_NOT_ACHIEVED,,,,
adam_normalized_report_ca62fc9f19dc07c79ca790e4,adam_report_candidate_edd1da74eb524b75076214f3,RESEGMENTED,SRC-HISTORY-TABARI-ADAM,9783,EARLY_REPORT_CANDIDATE,MAWQUF_OR_TAFSIR_REPORT_CANDIDATE,0,,NO_DETERMINISTIC_SPLIT_FOUND | REQUESTED_RESEGMENTATION_NOT_ACHIEVED,,,,
adam_normalized_report_3a613c93043044cd84a7af8f,adam_report_candidate_247b45a794509f4eead6da46,RESEGMENTED,SRC-HISTORY-TABARI-ADAM,9783,EARLY_REPORT_CANDIDATE,UNRESOLVED_REPORT_FORM_CANDIDATE,2,الحسن وَقَتَادَةَ,NO_DETERMINISTIC_SPLIT_FOUND | REQUESTED_RESEGMENTATION_NOT_ACHIEVED,,,,
adam_normalized_report_5b5f38fbe44e2becef62c98e,adam_report_candidate_565a89609be1ce61ce5f647a,RESEGMENTED,SRC-HISTORY-TABARI-ADAM,9783,EARLY_REPORT_CANDIDATE,UNRESOLVED_REPORT_FORM_CANDIDATE,1,الحسين بن داود,MULTIPLE_STRONG_STARTS_REMAIN | NO_DETERMINISTIC_SPLIT_FOUND | REQUESTED_RESEGMENTATION_NOT_ACHIEVED,,,,
adam_normalized_report_b01292bcef6d51aab10a64fc,adam_report_candidate_cfc4e56ac29b859191113200,PASSTHROUGH_SINGLE,SRC-HISTORY-TABARI-ADAM,9783,EARLY_REPORT_CANDIDATE,UNRESOLVED_REPORT_FORM_CANDIDATE,2,قَتَادَةَ,,,,,
adam_normalized_report_1434d7aa961b45f28b8c3fd7,adam_report_candidate_b9458a2e40f6ddebb9c45f1b,RESEGMENTED,SRC-HISTORY-TABARI-ADAM,9783,EARLY_REPORT_CANDIDATE,UNRESOLVED_REPORT_FORM_CANDIDATE,1,عبد الله بن أبي جَعْفَرٍ,MULTIPLE_STRONG_STARTS_REMAIN | NO_DETERMINISTIC_SPLIT_FOUND | REQUESTED_RESEGMENTATION_NOT_ACHIEVED,,,,
adam_normalized_report_f01e841a2000e2f50343e8f3,adam_report_candidate_695eab35c124c2be8be7dd01,RESEGMENTED,SRC-HISTORY-TABARI-ADAM,9783,EARLY_REPORT_CANDIDATE,UNRESOLVED_REPORT_FORM_CANDIDATE,0,,NO_DETERMINISTIC_SPLIT_FOUND | REQUESTED_RESEGMENTATION_NOT_ACHIEVED,,,,
adam_normalized_report_b99383d1e6aa915a751cfbb2,adam_report_candidate_c0be99aa6dcf0667a8175f9e,RESEGMENTED,SRC-HISTORY-TABARI-ADAM,9783,EARLY_REPORT_CANDIDATE,MAWQUF_OR_TAFSIR_REPORT_CANDIDATE,1,من قال ذلك,MULTIPLE_STRONG_STARTS_REMAIN | NO_DETERMINISTIC_SPLIT_FOUND | REQUESTED_RESEGMENTATION_NOT_ACHIEVED,,,,
adam_normalized_report_e767e3311b362a0edf1d71a2,adam_report_candidate_199f81a796af73b608facf83,RESEGMENTED,SRC-HISTORY-TABARI-ADAM,9783,EARLY_REPORT_CANDIDATE,UNRESOLVED_REPORT_FORM_CANDIDATE,0,,NO_DETERMINISTIC_SPLIT_FOUND | REQUESTED_RESEGMENTATION_NOT_ACHIEVED,,,,
adam_normalized_report_0a27666cd32057732166af28,adam_report_candidate_b24b05eaa0113102a6d36531,PASSTHROUGH_SINGLE,SRC-HISTORY-TABARI-ADAM,9783,EARLY_REPORT_CANDIDATE,UNRESOLVED_REPORT_FORM_CANDIDATE,2,الله ﷿ للملائكة,,,,,
adam_normalized_report_90ce0ca5b48d343233d79190,adam_report_candidate_1910cfb6c5d23eedecdf9157,RESEGMENTED,SRC-HISTORY-TABARI-ADAM,9783,EARLY_REPORT_CANDIDATE,UNRESOLVED_REPORT_FORM_CANDIDATE,0,,MULTIPLE_STRONG_STARTS_REMAIN | NO_DETERMINISTIC_SPLIT_FOUND | REQUESTED_RESEGMENTATION_NOT_ACHIEVED,,,,
adam_normalized_report_b8ea2b1396ea33cdab1209c8,adam_report_candidate_d075829d61a6d7fbd60bb92d,RESEGMENTED,SRC-HISTORY-TABARI-ADAM,9783,EARLY_REPORT_CANDIDATE,UNRESOLVED_REPORT_FORM_CANDIDATE,3,الربيع بن أَنَسٍ,NO_DETERMINISTIC_SPLIT_FOUND | REQUESTED_RESEGMENTATION_NOT_ACHIEVED,,,,
adam_normalized_report_bb9c281bc35e427f808c50e3,adam_report_candidate_09be9cc7f6a7ddf53afe617b,RESEGMENTED,SRC-HISTORY-TABARI-ADAM,9783,SOURCE_PASSAGE_CONTEXT_CANDIDATE,UNRESOLVED_REPORT_FORM_CANDIDATE,0,,NO_DETERMINISTIC_SPLIT_FOUND | REQUESTED_RESEGMENTATION_NOT_ACHIEVED,,,,
adam_normalized_report_12c00c5320f6cd0fac308a84,adam_report_candidate_ac780b14475c82356e323d1c,RESEGMENTED,SRC-HISTORY-TABARI-ADAM,9783,EARLY_REPORT_CANDIDATE,UNRESOLVED_REPORT_FORM_CANDIDATE,1,عمرو بن حماد,NO_DETERMINISTIC_SPLIT_FOUND | REQUESTED_RESEGMENTATION_NOT_ACHIEVED,,,,
adam_normalized_report_7a52fd913e235f69eff1394c,adam_report_candidate_7d1a97b342d21284117aae5e,RESEGMENTED,SRC-HISTORY-TABARI-ADAM,9783,EARLY_REPORT_CANDIDATE,MAWQUF_OR_TAFSIR_REPORT_CANDIDATE,3,ابن عباس- وعن مرة الهمداني عن ابن مسعود- وعن ناس من اصحاب رسول الله ص,NO_DETERMINISTIC_SPLIT_FOUND | REQUESTED_RESEGMENTATION_NOT_ACHIEVED,,,,
adam_normalized_report_609056349c76b1e813f48d02,adam_report_candidate_eff3deb1eb3a0fff6a087a66,RESEGMENTED,SRC-HISTORY-TABARI-ADAM,9783,SOURCE_PASSAGE_CONTEXT_CANDIDATE,UNRESOLVED_REPORT_FORM_CANDIDATE,0,,NO_DETERMINISTIC_SPLIT_FOUND | REQUESTED_RESEGMENTATION_NOT_ACHIEVED,,,,
adam_normalized_report_da77d85531560eb3a0e4e136,adam_report_candidate_e9ba192bdc0fad9a2ad2f481,RESEGMENTED,SRC-HISTORY-TABARI-ADAM,9783,EARLY_REPORT_CANDIDATE,UNRESOLVED_REPORT_FORM_CANDIDATE,6,مجاهد فِي قَوْلِهِ ﷿,MULTIPLE_STRONG_STARTS_REMAIN | NO_DETERMINISTIC_SPLIT_FOUND | REQUESTED_RESEGMENTATION_NOT_ACHIEVED,,,,
adam_normalized_report_28590bbe785da06730a3a2ca,adam_report_candidate_9c1cc7642759a14badbf5027,RESEGMENTED,SRC-HISTORY-TABARI-ADAM,9783,EARLY_REPORT_CANDIDATE,UNRESOLVED_REPORT_FORM_CANDIDATE,0,,NO_DETERMINISTIC_SPLIT_FOUND | REQUESTED_RESEGMENTATION_NOT_ACHIEVED,,,,
adam_normalized_report_4e3d753c95f9a21d3f69a3e3,adam_report_candidate_bd65901039afbd184b8c715e,RESEGMENTED,SRC-HISTORY-TABARI-ADAM,9783,EARLY_REPORT_CANDIDATE,UNRESOLVED_REPORT_FORM_CANDIDATE,4,مجاهد مثله.,MULTIPLE_STRONG_STARTS_REMAIN | NO_DETERMINISTIC_SPLIT_FOUND | REQUESTED_RESEGMENTATION_NOT_ACHIEVED,,,,
adam_normalized_report_6338831f979b8dcaf6bcded3,adam_report_candidate_ea0c5da2bb923ca90fe0053c,PASSTHROUGH_SINGLE,SRC-HISTORY-TABARI-ADAM,9783,SOURCE_PASSAGE_CONTEXT_CANDIDATE,UNRESOLVED_REPORT_FORM_CANDIDATE,0,,,,,,
adam_normalized_report_bb4e5680a1c8653ace1279c6,adam_report_candidate_91d038493f24f5bc4683a463,PASSTHROUGH_SINGLE,SRC-TAFSIR-BAGHAWI-ADAM,41,QURAN_EXEGESIS_CONTEXT_CANDIDATE,MAWQUF_OR_TAFSIR_REPORT_CANDIDATE,0,,,,,,
adam_normalized_report_98acba7201fd62e38ff4ebb6,adam_report_candidate_69b0a69fc6f6d833782160a3,PASSTHROUGH_SINGLE,SRC-TAFSIR-BAGHAWI-ADAM,41,QURAN_EXEGESIS_CONTEXT_CANDIDATE,UNRESOLVED_REPORT_FORM_CANDIDATE,0,,,,,,
adam_normalized_report_316161c9b56cc46e804cfca1,adam_report_candidate_b47ad3699f8cf228294425ad,PASSTHROUGH_SINGLE,SRC-TAFSIR-BAGHAWI-ADAM,41,PROPHETIC_HADITH_CANDIDATE,MARFU_CONTEXT_CANDIDATE,0,,,,,,
adam_normalized_report_a592332c471b0f47d6e6aa97,adam_report_candidate_49b96af8aea7b56f61ae4407,PASSTHROUGH_SINGLE,SRC-TAFSIR-BAGHAWI-ADAM,41,QURAN_EXEGESIS_CONTEXT_CANDIDATE,MAQTU_OR_TAFSIR_REPORT_CANDIDATE,0,,,,,,
adam_normalized_report_98ee719087a48892f2e7847c,adam_report_candidate_8727a38ef36d9629e2d90eab,PASSTHROUGH_SINGLE,SRC-TAFSIR-BAGHAWI-ADAM,41,QURAN_EXEGESIS_CONTEXT_CANDIDATE,MAWQUF_OR_TAFSIR_REPORT_CANDIDATE,0,,,,,,
adam_normalized_report_eff6aabd2c4fe5a8b7ea09d8,adam_report_candidate_69ebd63ce4325b7efd0324df,PASSTHROUGH_SINGLE,SRC-TAFSIR-BAGHAWI-ADAM,41,QURAN_EXEGESIS_CONTEXT_CANDIDATE,UNRESOLVED_REPORT_FORM_CANDIDATE,0,,,,,,
adam_normalized_report_9cd84bee17f6f56c10bd6b9d,adam_report_candidate_82516e52e027d6a8ae4127f6,RESEGMENTED,SRC-TAFSIR-BAGHAWI-ADAM,41,PROPHETIC_HADITH_CANDIDATE,MARFU_EXPLICIT_CANDIDATE,0,,NO_DETERMINISTIC_SPLIT_FOUND | REQUESTED_RESEGMENTATION_NOT_ACHIEVED,,,,
adam_normalized_report_a2c57f00489c1cbc155d75e0,adam_report_candidate_669cc8d7562bbfa454df6512,PASSTHROUGH_SINGLE,SRC-TAFSIR-BAGHAWI-ADAM,41,PROPHETIC_HADITH_CANDIDATE,MARFU_CONTEXT_CANDIDATE,0,,,,,,
adam_normalized_report_9548a54acc27c9cc8b14e20c,adam_report_candidate_84bdf04e469d6601bb33a968,RESEGMENTED,SRC-TAFSIR-BAGHAWI-ADAM,41,PROPHETIC_HADITH_CANDIDATE,MARFU_CONTEXT_CANDIDATE,0,,NO_DETERMINISTIC_SPLIT_FOUND | REQUESTED_RESEGMENTATION_NOT_ACHIEVED,,,,
adam_normalized_report_0a90bb46270cd721b34a0efc,adam_report_candidate_515c61f7537b9d8634389e46,PASSTHROUGH_SINGLE,SRC-TAFSIR-BAGHAWI-ADAM,41,SOURCE_PASSAGE_CONTEXT_CANDIDATE,UNRESOLVED_REPORT_FORM_CANDIDATE,0,,,,,,
adam_normalized_report_9a2b9d3c4de267d8022a7c68,adam_report_candidate_30336c83fac9c05040382671,RESEGMENTED,SRC-TAFSIR-BAGHAWI-ADAM,41,EARLY_REPORT_CANDIDATE,MAWQUF_OR_TAFSIR_REPORT_CANDIDATE,0,,NO_DETERMINISTIC_SPLIT_FOUND | REQUESTED_RESEGMENTATION_NOT_ACHIEVED,,,,
adam_normalized_report_3c77ceca1289e7487560b1ba,adam_report_candidate_e0be30b07be4b94a412e62fb,PASSTHROUGH_SINGLE,SRC-TAFSIR-BAGHAWI-ADAM,41,PROPHETIC_HADITH_CANDIDATE,MARFU_CONTEXT_CANDIDATE,0,,,,,,
adam_normalized_report_5ee04a7374996cdcee6d75eb,adam_report_candidate_0ce84479654ba175bb9861c9,PASSTHROUGH_SINGLE,SRC-TAFSIR-BAGHAWI-ADAM,41,QURAN_EXEGESIS_CONTEXT_CANDIDATE,UNRESOLVED_REPORT_FORM_CANDIDATE,0,,,,,,
adam_normalized_report_e58c72f4e7a9a3b80d18cd38,adam_report_candidate_6cce7532b146153f861cfe34,PASSTHROUGH_SINGLE,SRC-TAFSIR-BAGHAWI-ADAM,41,QURAN_EXEGESIS_CONTEXT_CANDIDATE,MAWQUF_OR_TAFSIR_REPORT_CANDIDATE,0,,,,,,
adam_normalized_report_e15e9e7e20c3ecacb3645e5b,adam_report_candidate_2af396ee36a18b394bbd2989,RESEGMENTED,SRC-TAFSIR-BAGHAWI-ADAM,41,QURAN_EXEGESIS_CONTEXT_CANDIDATE,MAWQUF_OR_TAFSIR_REPORT_CANDIDATE,0,,NO_DETERMINISTIC_SPLIT_FOUND | REQUESTED_RESEGMENTATION_NOT_ACHIEVED,,,,
adam_normalized_report_381af4fbebe5896c204e0ca1,adam_report_candidate_b92b90bd214c55ed496eb9be,RESEGMENTED,SRC-TAFSIR-BAGHAWI-ADAM,41,QURAN_EXEGESIS_CONTEXT_CANDIDATE,MAWQUF_OR_TAFSIR_REPORT_CANDIDATE,0,,NO_DETERMINISTIC_SPLIT_FOUND | REQUESTED_RESEGMENTATION_NOT_ACHIEVED,,,,
adam_normalized_report_799fd9340541e14561ccaa53,adam_report_candidate_364dd361fa15df592429488b,PASSTHROUGH_SINGLE,SRC-TAFSIR-BAGHAWI-ADAM,41,QURAN_EXEGESIS_CONTEXT_CANDIDATE,UNRESOLVED_REPORT_FORM_CANDIDATE,0,,,,,,
adam_normalized_report_69161520456c9ce7e4daae5d,adam_report_candidate_8bb6b2bde66db95748556e5d,PASSTHROUGH_SINGLE,SRC-TAFSIR-BAGHAWI-ADAM,41,QURAN_EXEGESIS_CONTEXT_CANDIDATE,MAQTU_OR_TAFSIR_REPORT_CANDIDATE,0,,,,,,
adam_normalized_report_12acc1e963f863f312673a96,adam_report_candidate_dec28b6629a5e03dd8ca1933,RESEGMENTED,SRC-TAFSIR-BAGHAWI-ADAM,41,PROPHETIC_HADITH_CANDIDATE,MARFU_CONTEXT_CANDIDATE,0,,NO_DETERMINISTIC_SPLIT_FOUND | REQUESTED_RESEGMENTATION_NOT_ACHIEVED,,,,
adam_normalized_report_55b4976f8236b53e19d0b805,adam_report_candidate_78574b2a37131672fa4a0d30,RESEGMENTED,SRC-TAFSIR-BAGHAWI-ADAM,41,SOURCE_PASSAGE_CONTEXT_CANDIDATE,UNRESOLVED_REPORT_FORM_CANDIDATE,0,,NO_DETERMINISTIC_SPLIT_FOUND | REQUESTED_RESEGMENTATION_NOT_ACHIEVED,,,,
adam_normalized_report_5ecee48b5b5b84d719225159,adam_report_candidate_c18efb70780f4f5b73ef4049,RESEGMENTED,SRC-TAFSIR-BAGHAWI-ADAM,41,EARLY_REPORT_CANDIDATE,UNRESOLVED_REPORT_FORM_CANDIDATE,0,,NO_DETERMINISTIC_SPLIT_FOUND | REQUESTED_RESEGMENTATION_NOT_ACHIEVED,,,,
adam_normalized_report_cc48d7073894238dc5b17f1b,adam_report_candidate_7cadb65123f2d23f6de14b75,RESEGMENTED,SRC-TAFSIR-BAGHAWI-ADAM,41,EARLY_REPORT_CANDIDATE,UNRESOLVED_REPORT_FORM_CANDIDATE,0,,NO_DETERMINISTIC_SPLIT_FOUND | REQUESTED_RESEGMENTATION_NOT_ACHIEVED,,,,
adam_normalized_report_09bcb7a2876cc8a60cb09ebd,adam_report_candidate_2bdac67b28eac8792ecd7c59,PASSTHROUGH_SINGLE,SRC-TAFSIR-BAGHAWI-ADAM,41,QURAN_EXEGESIS_CONTEXT_CANDIDATE,UNRESOLVED_REPORT_FORM_CANDIDATE,0,,,,,,
adam_normalized_report_43f292f8a3ad4179f3ec4cde,adam_report_candidate_9a980142c688bee9be499535,RESEGMENTED,SRC-TAFSIR-BAGHAWI-ADAM,41,PROPHETIC_HADITH_CANDIDATE,MARFU_CONTEXT_CANDIDATE,0,,NO_DETERMINISTIC_SPLIT_FOUND | REQUESTED_RESEGMENTATION_NOT_ACHIEVED,,,,
adam_normalized_report_644b4244bee068fa97fac4b3,adam_report_candidate_5214c71d9e92aeb9e5ef2b5a,PASSTHROUGH_SINGLE,SRC-TAFSIR-BAGHAWI-ADAM,41,QURAN_EXEGESIS_CONTEXT_CANDIDATE,UNRESOLVED_REPORT_FORM_CANDIDATE,0,,,,,,
adam_normalized_report_749b0a203aa0aaa209ffad3a,adam_report_candidate_3261b60a06042d837ef06e2f,PASSTHROUGH_SINGLE,SRC-TAFSIR-BAGHAWI-ADAM,41,QURAN_EXEGESIS_CONTEXT_CANDIDATE,MAWQUF_OR_TAFSIR_REPORT_CANDIDATE,0,,,,,,
adam_normalized_report_8c8ebf4aeeb48253d57031a0,adam_report_candidate_d847522a63006d1453b30100,PASSTHROUGH_SINGLE,SRC-TAFSIR-BAGHAWI-ADAM,41,QURAN_EXEGESIS_CONTEXT_CANDIDATE,UNRESOLVED_REPORT_FORM_CANDIDATE,0,,POSSIBLE_MID_REPORT_FRAGMENT,,,,
adam_normalized_report_f9307ec15c414ffdde1c1c40,adam_report_candidate_29129ec48295f5531eee8285,RESEGMENTED,SRC-TAFSIR-BAGHAWI-ADAM,41,EARLY_REPORT_CANDIDATE,MAWQUF_OR_TAFSIR_REPORT_CANDIDATE,0,,NO_DETERMINISTIC_SPLIT_FOUND | REQUESTED_RESEGMENTATION_NOT_ACHIEVED,,,,
adam_normalized_report_41ecc5f9713d1e239f5e122a,adam_report_candidate_4a842e4ad060eb1b2561defd,PASSTHROUGH_SINGLE,SRC-TAFSIR-BAGHAWI-ADAM,41,QURAN_EXEGESIS_CONTEXT_CANDIDATE,UNRESOLVED_REPORT_FORM_CANDIDATE,0,,VERY_SHORT_REPORT_UNIT,,,,
adam_normalized_report_1f8f5a7b3e4847b532398612,adam_report_candidate_d8fb4c1d106763aaa95e85d2,RESEGMENTED,SRC-TAFSIR-BAGHAWI-ADAM,41,QURAN_EXEGESIS_CONTEXT_CANDIDATE,UNRESOLVED_REPORT_FORM_CANDIDATE,0,,NO_DETERMINISTIC_SPLIT_FOUND | REQUESTED_RESEGMENTATION_NOT_ACHIEVED,,,,
adam_normalized_report_9c0a2ba27186dec4a12b7eca,adam_report_candidate_bb5522e1a91afb8ed3d25544,PASSTHROUGH_SINGLE,SRC-TAFSIR-BAGHAWI-ADAM,41,QURAN_EXEGESIS_CONTEXT_CANDIDATE,MAQTU_OR_TAFSIR_REPORT_CANDIDATE,0,,,,,,
adam_normalized_report_2809061b769e7a030db94b0f,adam_report_candidate_c09b061bea514add5176ca52,RESEGMENTED,SRC-TAFSIR-BAGHAWI-ADAM,41,EARLY_REPORT_CANDIDATE,UNRESOLVED_REPORT_FORM_CANDIDATE,0,,NO_DETERMINISTIC_SPLIT_FOUND | REQUESTED_RESEGMENTATION_NOT_ACHIEVED,,,,
adam_normalized_report_9e5fc305f4546e9ed8fb3006,adam_report_candidate_dd571de7a1a14fd7e7821a72,PASSTHROUGH_SINGLE,SRC-TAFSIR-BAGHAWI-ADAM,41,QURAN_EXEGESIS_CONTEXT_CANDIDATE,MAWQUF_OR_TAFSIR_REPORT_CANDIDATE,0,,,,,,
adam_normalized_report_0b02701c13158f597c13c3db,adam_report_candidate_c2db69fc9629ff9cf4502e61,PASSTHROUGH_SINGLE,SRC-TAFSIR-BAGHAWI-ADAM,41,QURAN_EXEGESIS_CONTEXT_CANDIDATE,MAWQUF_OR_TAFSIR_REPORT_CANDIDATE,0,,,,,,
adam_normalized_report_bb3a9b54de14af2a80b243a9,adam_report_candidate_e2db97b3df4195400c761b55,RESEGMENTED,SRC-TAFSIR-BAGHAWI-ADAM,41,EARLY_REPORT_CANDIDATE,UNRESOLVED_REPORT_FORM_CANDIDATE,0,,NO_DETERMINISTIC_SPLIT_FOUND | REQUESTED_RESEGMENTATION_NOT_ACHIEVED,,,,
adam_normalized_report_0ba174113a3a79cb4ccd93bb,adam_report_candidate_8bf6172d34b8f90c37da6b1a,RESEGMENTED,SRC-TAFSIR-BAGHAWI-ADAM,41,QURAN_EXEGESIS_CONTEXT_CANDIDATE,MAWQUF_OR_TAFSIR_REPORT_CANDIDATE,0,,NO_DETERMINISTIC_SPLIT_FOUND | REQUESTED_RESEGMENTATION_NOT_ACHIEVED,,,,
adam_normalized_report_5e521afc3d490879819a74c0,adam_report_candidate_b1fd311a713b4a69e25b2c96,PASSTHROUGH_SINGLE,SRC-TAFSIR-BAGHAWI-ADAM,41,SOURCE_PASSAGE_CONTEXT_CANDIDATE,UNRESOLVED_REPORT_FORM_CANDIDATE,0,,,,,,
adam_normalized_report_eea5daa9f5e83ea400e9cf57,adam_report_candidate_221858fb5f8720ad6d5ad924,RESEGMENTED,SRC-TAFSIR-BAGHAWI-ADAM,41,PROPHETIC_HADITH_CANDIDATE,MARFU_CONTEXT_CANDIDATE,0,,NO_DETERMINISTIC_SPLIT_FOUND | REQUESTED_RESEGMENTATION_NOT_ACHIEVED,,,,
adam_normalized_report_baf31da7dc48ecdb4360425d,adam_report_candidate_f1d8a7b2061a711434972ddb,RESEGMENTED,SRC-TAFSIR-BAGHAWI-ADAM,41,QURAN_EXEGESIS_CONTEXT_CANDIDATE,MAWQUF_OR_TAFSIR_REPORT_CANDIDATE,0,,NO_DETERMINISTIC_SPLIT_FOUND | REQUESTED_RESEGMENTATION_NOT_ACHIEVED,,,,
adam_normalized_report_f7c673c32d12196f742d1779,adam_report_candidate_099631e2ec4047bf0b938b39,PASSTHROUGH_SINGLE,SRC-TAFSIR-BAGHAWI-ADAM,41,QURAN_EXEGESIS_CONTEXT_CANDIDATE,UNRESOLVED_REPORT_FORM_CANDIDATE,0,,,,,,
adam_normalized_report_79c67ba18459fb860f1dec1b,adam_report_candidate_eccf58054fa70b8fede374f2,PASSTHROUGH_SINGLE,SRC-TAFSIR-BAGHAWI-ADAM,41,QURAN_EXEGESIS_CONTEXT_CANDIDATE,MAWQUF_OR_TAFSIR_REPORT_CANDIDATE,0,,,,,,
adam_normalized_report_014d1fea7905afaeee3565f7,adam_report_candidate_65c8c83c829c3ffed68e9354,PASSTHROUGH_SINGLE,SRC-TAFSIR-BAGHAWI-ADAM,41,QURAN_EXEGESIS_CONTEXT_CANDIDATE,UNRESOLVED_REPORT_FORM_CANDIDATE,0,,,,,,
adam_normalized_report_8325d3ca76641800940620d5,adam_report_candidate_c8c36b00140e97abfeaf60d2,PASSTHROUGH_SINGLE,SRC-TAFSIR-BAGHAWI-ADAM,41,QURAN_EXEGESIS_CONTEXT_CANDIDATE,MAWQUF_OR_TAFSIR_REPORT_CANDIDATE,0,,,,,,
adam_normalized_report_54d07b6a4c69aedc5dd40c8e,adam_report_candidate_6d82a35e59aad8ee766bc17b,PASSTHROUGH_SINGLE,SRC-TAFSIR-BAGHAWI-ADAM,41,QURAN_EXEGESIS_CONTEXT_CANDIDATE,UNRESOLVED_REPORT_FORM_CANDIDATE,0,,,,,,
adam_normalized_report_0fc3ebf9acf295241ef2f0d9,adam_report_candidate_8029531e9fe32c3a916c81fa,RESEGMENTED,SRC-TAFSIR-BAGHAWI-ADAM,41,PROPHETIC_HADITH_CANDIDATE,MARFU_CONTEXT_CANDIDATE,0,,NO_DETERMINISTIC_SPLIT_FOUND | REQUESTED_RESEGMENTATION_NOT_ACHIEVED,,,,
adam_normalized_report_e2a10d51d5d513e294f3465e,adam_report_candidate_fbdc3a12d38d83e53f4d370e,PASSTHROUGH_SINGLE,SRC-TAFSIR-BAGHAWI-ADAM,41,QURAN_EXEGESIS_CONTEXT_CANDIDATE,UNRESOLVED_REPORT_FORM_CANDIDATE,0,,,,,,
adam_normalized_report_a68ff3e8a0c0491a24d403be,adam_report_candidate_d0f0f22f52ef8973ab58291a,PASSTHROUGH_SINGLE,SRC-TAFSIR-BAGHAWI-ADAM,41,QURAN_EXEGESIS_CONTEXT_CANDIDATE,UNRESOLVED_REPORT_FORM_CANDIDATE,0,,,,,,
adam_normalized_report_c8fba07ddbacca27e17ade30,adam_report_candidate_27fa798c56a2c555553e4a4a,RESEGMENTED,SRC-TAFSIR-BAGHAWI-ADAM,41,EARLY_REPORT_CANDIDATE,MAWQUF_OR_TAFSIR_REPORT_CANDIDATE,0,,NO_DETERMINISTIC_SPLIT_FOUND | REQUESTED_RESEGMENTATION_NOT_ACHIEVED,,,,
adam_normalized_report_8e8bc7feed23ab086453090b,adam_report_candidate_d8eb92aedc5e0cdc4bfd7f1a,PASSTHROUGH_SINGLE,SRC-TAFSIR-BAGHAWI-ADAM,41,QURAN_EXEGESIS_CONTEXT_CANDIDATE,MAQTU_OR_TAFSIR_REPORT_CANDIDATE,0,,,,,,
adam_normalized_report_be285e5d9134433993115f36,adam_report_candidate_7197b7a150381fc3e25f22bc,PASSTHROUGH_SINGLE,SRC-TAFSIR-BAGHAWI-ADAM,41,QURAN_EXEGESIS_CONTEXT_CANDIDATE,MAQTU_OR_TAFSIR_REPORT_CANDIDATE,0,,,,,,
adam_normalized_report_291a90b50f5b7a5617405dfd,adam_report_candidate_195606715e42e40cd1de28e8,RESEGMENTED,SRC-TAFSIR-BAGHAWI-ADAM,41,PROPHETIC_HADITH_CANDIDATE,MARFU_CONTEXT_CANDIDATE,0,,NO_DETERMINISTIC_SPLIT_FOUND | REQUESTED_RESEGMENTATION_NOT_ACHIEVED,,,,
adam_normalized_report_4ec77b590d70ded98cede9cb,adam_report_candidate_35b9028ee3bd773488b855c4,PASSTHROUGH_SINGLE,SRC-TAFSIR-BAGHAWI-ADAM,41,QURAN_EXEGESIS_CONTEXT_CANDIDATE,MAWQUF_OR_TAFSIR_REPORT_CANDIDATE,0,,,,,,
adam_normalized_report_67025af5903c58c72528523a,adam_report_candidate_1f7a38457eeeef4dc4eca2c1,RESEGMENTED,SRC-TAFSIR-BAGHAWI-ADAM,41,EARLY_REPORT_CANDIDATE,UNRESOLVED_REPORT_FORM_CANDIDATE,0,,NO_DETERMINISTIC_SPLIT_FOUND | REQUESTED_RESEGMENTATION_NOT_ACHIEVED,,,,
adam_normalized_report_3b614fbd07744a86e0594b27,adam_report_candidate_5fe1ceb39946d23de3f5a103,PASSTHROUGH_SINGLE,SRC-TAFSIR-BAGHAWI-ADAM,41,EARLY_REPORT_CANDIDATE,MAWQUF_OR_TAFSIR_REPORT_CANDIDATE,0,,,,,,
adam_normalized_report_bf140dd71034f31a25f41f06,adam_report_candidate_e164370eef4077e647ed6467,PASSTHROUGH_SINGLE,SRC-TAFSIR-BAGHAWI-ADAM,41,QURAN_EXEGESIS_CONTEXT_CANDIDATE,MAQTU_OR_TAFSIR_REPORT_CANDIDATE,0,,,,,,
adam_normalized_report_0b6528a30b02469f60d0d80d,adam_report_candidate_8f8c5732ae54afc33c1656a8,RESEGMENTED,SRC-TAFSIR-IBN-ABI-HATIM-ADAM,8658,PROPHETIC_HADITH_CANDIDATE,MARFU_CONTEXT_CANDIDATE,7,عَلِيُّ بْنُ جَعْفَرٍ الأَحْمَرُ ثنا مُحَمَّدُ بْنُ سُلَيْمَانَ بْنِ الأَصْبَهَانِيِّ,NO_DETERMINISTIC_SPLIT_FOUND | REQUESTED_RESEGMENTATION_NOT_ACHIEVED,,,,
adam_normalized_report_420e0ffbead6dbd8a934d850,adam_report_candidate_106dd77cd09401d99a36ee30,RESEGMENTED,SRC-TAFSIR-IBN-ABI-HATIM-ADAM,8658,EARLY_REPORT_CANDIDATE,MAWQUF_OR_TAFSIR_REPORT_CANDIDATE,2,بشر- يعني,NO_DETERMINISTIC_SPLIT_FOUND | REQUESTED_RESEGMENTATION_NOT_ACHIEVED,,,,
adam_normalized_report_9d862e668a9134022e33e6f7,adam_report_candidate_1b73d06a00fd407af47fb846,RESEGMENTED,SRC-TAFSIR-IBN-ABI-HATIM-ADAM,8658,EARLY_REPORT_CANDIDATE,MAWQUF_OR_TAFSIR_REPORT_CANDIDATE,8,سَعِيدٌ عَنْ قَتَادَةَ,NO_DETERMINISTIC_SPLIT_FOUND | REQUESTED_RESEGMENTATION_NOT_ACHIEVED,,,,
adam_normalized_report_ecd939798e4ebfeface271d9,adam_report_candidate_b61430c8f56486989bcf2885,RESEGMENTED,SRC-TAFSIR-IBN-ABI-HATIM-ADAM,8658,EARLY_REPORT_CANDIDATE,UNRESOLVED_REPORT_FORM_CANDIDATE,0,,NO_DETERMINISTIC_SPLIT_FOUND | REQUESTED_RESEGMENTATION_NOT_ACHIEVED,,,,
adam_normalized_report_77e2271ece8dc25bd36f2142,adam_report_candidate_6290efbb46c2ea7c30afec24,RESEGMENTED,SRC-TAFSIR-IBN-ABI-HATIM-ADAM,8658,SOURCE_PASSAGE_CONTEXT_CANDIDATE,UNRESOLVED_REPORT_FORM_CANDIDATE,0,,NO_DETERMINISTIC_SPLIT_FOUND | REQUESTED_RESEGMENTATION_NOT_ACHIEVED,,,,
adam_normalized_report_496cb315403a0cf432c01a8b,adam_report_candidate_1783991027d6f45533711217,RESEGMENTED,SRC-TAFSIR-IBN-ABI-HATIM-ADAM,8658,SOURCE_PASSAGE_CONTEXT_CANDIDATE,UNRESOLVED_REPORT_FORM_CANDIDATE,0,,NO_DETERMINISTIC_SPLIT_FOUND | REQUESTED_RESEGMENTATION_NOT_ACHIEVED,,,,
adam_normalized_report_122e89ac7dfe118f56356612,adam_report_candidate_6b69b9f34ed215b7d8091e6b,RESEGMENTED,SRC-TAFSIR-IBN-ABI-HATIM-ADAM,8658,SOURCE_PASSAGE_CONTEXT_CANDIDATE,UNRESOLVED_REPORT_FORM_CANDIDATE,0,,NO_DETERMINISTIC_SPLIT_FOUND | REQUESTED_RESEGMENTATION_NOT_ACHIEVED,,,,
adam_normalized_report_7c0387a07e555d898ace2509,adam_report_candidate_94330989d07b30aeaae2b540,RESEGMENTED,SRC-TAFSIR-IBN-ABI-HATIM-ADAM,8658,SOURCE_PASSAGE_CONTEXT_CANDIDATE,UNRESOLVED_REPORT_FORM_CANDIDATE,0,,NO_DETERMINISTIC_SPLIT_FOUND | REQUESTED_RESEGMENTATION_NOT_ACHIEVED,,,,
adam_normalized_report_4e53d32b992e4ebfefc03fd9,adam_report_candidate_07eb4e4259ede18e8a0ae341,RESEGMENTED,SRC-TAFSIR-IBN-ABI-HATIM-ADAM,8658,SOURCE_PASSAGE_CONTEXT_CANDIDATE,UNRESOLVED_REPORT_FORM_CANDIDATE,0,,NO_DETERMINISTIC_SPLIT_FOUND | REQUESTED_RESEGMENTATION_NOT_ACHIEVED,,,,
adam_normalized_report_b78acae45c6e6610e132b4b5,adam_report_candidate_134fc623f992592497c35815,RESEGMENTED,SRC-TAFSIR-IBN-ABI-HATIM-ADAM,8658,EARLY_REPORT_CANDIDATE,UNRESOLVED_REPORT_FORM_CANDIDATE,0,,NO_DETERMINISTIC_SPLIT_FOUND | REQUESTED_RESEGMENTATION_NOT_ACHIEVED,,,,
adam_normalized_report_4705dd0855f69eab0b165e40,adam_report_candidate_310744321d3e446465184ca2,RESEGMENTED,SRC-TAFSIR-IBN-ABI-HATIM-ADAM,8658,EARLY_REPORT_CANDIDATE,MAWQUF_OR_TAFSIR_REPORT_CANDIDATE,1,مُؤَمَّلٌ ثنا حماد ابن سَلَمَةَ وَحَمَّادُ بْنُ زَيْدٍ عَنْ خَالِدٍ الْحَذَّاءِ قَالَ,NO_DETERMINISTIC_SPLIT_FOUND | REQUESTED_RESEGMENTATION_NOT_ACHIEVED,,,,
adam_normalized_report_9c909277e0fd6acfadd34294,adam_report_candidate_703de6aebf848f152985e864,RESEGMENTED,SRC-TAFSIR-IBN-ABI-HATIM-ADAM,8658,PROPHETIC_HADITH_CANDIDATE,MARFU_CONTEXT_CANDIDATE,0,,NO_DETERMINISTIC_SPLIT_FOUND | REQUESTED_RESEGMENTATION_NOT_ACHIEVED,,,,
adam_normalized_report_e836fc0306b0bd03cdc4fcac,adam_report_candidate_b3903eaa0c1b1d329bd08981,PASSTHROUGH_SINGLE,SRC-TAFSIR-IBN-ABI-HATIM-ADAM,8658,EARLY_REPORT_CANDIDATE,UNRESOLVED_REPORT_FORM_CANDIDATE,0,,,,,,
adam_normalized_report_ce0e986cb7a1d0f8204764f3,adam_report_candidate_e034335233e4b0659a43e5a4,RESEGMENTED,SRC-TAFSIR-IBN-ABI-HATIM-ADAM,8658,EARLY_REPORT_CANDIDATE,MAQTU_OR_TAFSIR_REPORT_CANDIDATE,0,,NO_DETERMINISTIC_SPLIT_FOUND | REQUESTED_RESEGMENTATION_NOT_ACHIEVED,,,,
adam_normalized_report_bef7e05f51847cc53c7590d0,adam_report_candidate_1fc30c152460e08e9fbb6f72,RESEGMENTED,SRC-TAFSIR-IBN-ABI-HATIM-ADAM,8658,EARLY_REPORT_CANDIDATE,MAWQUF_OR_TAFSIR_REPORT_CANDIDATE,2,سُفْيَانُ عَنْ عَطَاءِ بْنِ السَّائِبِ عَنِ ابْنِ سَابِطٍ فِي قَوْلُهُ,NO_DETERMINISTIC_SPLIT_FOUND | REQUESTED_RESEGMENTATION_NOT_ACHIEVED,,,,
adam_normalized_report_1d6eb4d738cad37c130e37c5,adam_report_candidate_e6615a55e34579afb2d70d94,RESEGMENTED,SRC-TAFSIR-IBN-ABI-HATIM-ADAM,8658,SOURCE_PASSAGE_CONTEXT_CANDIDATE,MAWQUF_OR_TAFSIR_REPORT_CANDIDATE,0,,NO_DETERMINISTIC_SPLIT_FOUND | REQUESTED_RESEGMENTATION_NOT_ACHIEVED,,,,
adam_normalized_report_a28c5d3c41a0db850c3b9743,adam_report_candidate_32c99f684024ca68a031a180,RESEGMENTED,SRC-TAFSIR-IBN-ABI-HATIM-ADAM,8658,EARLY_REPORT_CANDIDATE,UNRESOLVED_REPORT_FORM_CANDIDATE,0,,NO_DETERMINISTIC_SPLIT_FOUND | REQUESTED_RESEGMENTATION_NOT_ACHIEVED,,,,
adam_normalized_report_c3d1694381b0f272f35e1e5d,adam_report_candidate_51c87814af1d4aa502297183,RESEGMENTED,SRC-TAFSIR-IBN-ABI-HATIM-ADAM,8658,SOURCE_PASSAGE_CONTEXT_CANDIDATE,MAWQUF_OR_TAFSIR_REPORT_CANDIDATE,0,,NO_DETERMINISTIC_SPLIT_FOUND | REQUESTED_RESEGMENTATION_NOT_ACHIEVED,,,,
adam_normalized_report_4087da3857b09f72a289bf16,adam_report_candidate_2eaeb6bd646a9dd8444a104a,RESEGMENTED,SRC-TAFSIR-IBN-ABI-HATIM-ADAM,8658,EARLY_REPORT_CANDIDATE,MAWQUF_OR_TAFSIR_REPORT_CANDIDATE,0,,NO_DETERMINISTIC_SPLIT_FOUND | REQUESTED_RESEGMENTATION_NOT_ACHIEVED,,,,
adam_normalized_report_1471cb2ea0e19e0a252bdafa,adam_report_candidate_6ae29c119038c8e1eebd6386,RESEGMENTED,SRC-TAFSIR-IBN-ABI-HATIM-ADAM,8658,EARLY_REPORT_CANDIDATE,UNRESOLVED_REPORT_FORM_CANDIDATE,0,,NO_DETERMINISTIC_SPLIT_FOUND | REQUESTED_RESEGMENTATION_NOT_ACHIEVED,,,,
adam_normalized_report_4cd58b8886a53bde03d725ff,adam_report_candidate_9a5875a8ee15bae0ce9f43b6,RESEGMENTED,SRC-TAFSIR-IBN-ABI-HATIM-ADAM,8658,SOURCE_PASSAGE_CONTEXT_CANDIDATE,UNRESOLVED_REPORT_FORM_CANDIDATE,0,,NO_DETERMINISTIC_SPLIT_FOUND | REQUESTED_RESEGMENTATION_NOT_ACHIEVED,,,,
adam_normalized_report_984d3e253023eab245671ab2,adam_report_candidate_0da34dcceab6b75b4a65be0a,RESEGMENTED,SRC-TAFSIR-IBN-ABI-HATIM-ADAM,8658,EARLY_REPORT_CANDIDATE,UNRESOLVED_REPORT_FORM_CANDIDATE,0,,NO_DETERMINISTIC_SPLIT_FOUND | REQUESTED_RESEGMENTATION_NOT_ACHIEVED,,,,
adam_normalized_report_9fbf73c31c073e0528f27134,adam_report_candidate_bbb97eed438ade40e0db8711,RESEGMENTED,SRC-TAFSIR-IBN-ABI-HATIM-ADAM,8658,SOURCE_PASSAGE_CONTEXT_CANDIDATE,UNRESOLVED_REPORT_FORM_CANDIDATE,0,,NO_DETERMINISTIC_SPLIT_FOUND | REQUESTED_RESEGMENTATION_NOT_ACHIEVED,,,,
adam_normalized_report_30fea6423dfae345c4c38b34,adam_report_candidate_03eb1234f4245ecda7fd45e3,RESEGMENTED,SRC-TAFSIR-IBN-ABI-HATIM-ADAM,8658,EARLY_REPORT_CANDIDATE,MAWQUF_OR_TAFSIR_REPORT_CANDIDATE,0,,NO_DETERMINISTIC_SPLIT_FOUND | REQUESTED_RESEGMENTATION_NOT_ACHIEVED,,,,
adam_normalized_report_726deb59bb30bb5ad682a12b,adam_report_candidate_9418586e25b04f314e182d5e,RESEGMENTED,SRC-TAFSIR-IBN-ABI-HATIM-ADAM,8658,SOURCE_PASSAGE_CONTEXT_CANDIDATE,MAWQUF_OR_TAFSIR_REPORT_CANDIDATE,0,,NO_DETERMINISTIC_SPLIT_FOUND | REQUESTED_RESEGMENTATION_NOT_ACHIEVED,,,,
adam_normalized_report_5ea7d24ffd5c430741f9316d,adam_report_candidate_55f9000cab90188cb6233981,RESEGMENTED,SRC-TAFSIR-IBN-ABI-HATIM-ADAM,8658,EARLY_REPORT_CANDIDATE,MAWQUF_OR_TAFSIR_REPORT_CANDIDATE,0,,NO_DETERMINISTIC_SPLIT_FOUND | REQUESTED_RESEGMENTATION_NOT_ACHIEVED,,,,
adam_normalized_report_f4d7c10e78e5e945171eb6aa,adam_report_candidate_1fb24b585fd78f3fff993aca,RESEGMENTED,SRC-TAFSIR-IBN-ABI-HATIM-ADAM,8658,EARLY_REPORT_CANDIDATE,MAWQUF_OR_TAFSIR_REPORT_CANDIDATE,0,,NO_DETERMINISTIC_SPLIT_FOUND | REQUESTED_RESEGMENTATION_NOT_ACHIEVED,,,,
adam_normalized_report_fcb35c143ae0e8f88a0f4bf4,adam_report_candidate_b5c032de1c5370012be122c5,RESEGMENTED,SRC-TAFSIR-IBN-ABI-HATIM-ADAM,8658,EARLY_REPORT_CANDIDATE,MAWQUF_OR_TAFSIR_REPORT_CANDIDATE,0,,NO_DETERMINISTIC_SPLIT_FOUND | REQUESTED_RESEGMENTATION_NOT_ACHIEVED,,,,
adam_normalized_report_a6a52235341474d590bbc9e2,adam_report_candidate_3df7b5d1ff447cc5c7cf2936,RESEGMENTED,SRC-TAFSIR-IBN-ABI-HATIM-ADAM,8658,SOURCE_PASSAGE_CONTEXT_CANDIDATE,UNRESOLVED_REPORT_FORM_CANDIDATE,0,,NO_DETERMINISTIC_SPLIT_FOUND | REQUESTED_RESEGMENTATION_NOT_ACHIEVED,,,,
adam_normalized_report_1836c8f7f1d78e252cdfaab9,adam_report_candidate_dc43bf15e65505d54cdc8dd7,RESEGMENTED,SRC-TAFSIR-IBN-ABI-HATIM-ADAM,8658,EARLY_REPORT_CANDIDATE,MAWQUF_OR_TAFSIR_REPORT_CANDIDATE,2,سَلَمَةُ,NO_DETERMINISTIC_SPLIT_FOUND | REQUESTED_RESEGMENTATION_NOT_ACHIEVED,,,,
adam_normalized_report_ec38eabc976c0b7ba7289982,adam_report_candidate_68ab4b44e7c7ae787211e0a3,RESEGMENTED,SRC-TAFSIR-IBN-ABI-HATIM-ADAM,8658,EARLY_REPORT_CANDIDATE,UNRESOLVED_REPORT_FORM_CANDIDATE,4,وَرْقَاءُ عَنِ ابْنِ أَبِي نَجِيحٍ,NO_DETERMINISTIC_SPLIT_FOUND | REQUESTED_RESEGMENTATION_NOT_ACHIEVED,,,,
adam_normalized_report_8a6ff44df79517f133462f28,adam_report_candidate_50b5dfb76b444383e534f060,RESEGMENTED,SRC-TAFSIR-IBN-ABI-HATIM-ADAM,8658,EARLY_REPORT_CANDIDATE,MAWQUF_OR_TAFSIR_REPORT_CANDIDATE,0,,NO_DETERMINISTIC_SPLIT_FOUND | REQUESTED_RESEGMENTATION_NOT_ACHIEVED,,,,
adam_normalized_report_e51aaa667cb4cfe6de16c05c,adam_report_candidate_0707b66baf8279fb0c171636,RESEGMENTED,SRC-TAFSIR-IBN-ABI-HATIM-ADAM,8658,EARLY_REPORT_CANDIDATE,MAWQUF_OR_TAFSIR_REPORT_CANDIDATE,3,أَبُو صَالِحٍ كَاتِبُ اللَّيْثِ حَدَّثَنِي مُعَاوِيَةُ بْنُ صَالِحٍ,NO_DETERMINISTIC_SPLIT_FOUND | REQUESTED_RESEGMENTATION_NOT_ACHIEVED,,,,
adam_normalized_report_4a4a7e309eaa2fd85515591e,adam_report_candidate_0379ab44e4171815ec5adce4,RESEGMENTED,SRC-TAFSIR-IBN-ABI-HATIM-ADAM,8658,EARLY_REPORT_CANDIDATE,MAWQUF_OR_TAFSIR_REPORT_CANDIDATE,5,إِسْرَائِيلُ عَنْ مُسْلِمٍ عَنْ سَعِيدِ بْنِ جُبَيْرٍ عَنِ ابْنِ عَبَّاسٍ قَالَ,NO_DETERMINISTIC_SPLIT_FOUND | REQUESTED_RESEGMENTATION_NOT_ACHIEVED,,,,
adam_normalized_report_e25f2a623bf558d8ed85c0bb,adam_report_candidate_44caf6f3779e7f9f88c33946,RESEGMENTED,SRC-TAFSIR-IBN-ABI-HATIM-ADAM,8658,EARLY_REPORT_CANDIDATE,MAWQUF_OR_TAFSIR_REPORT_CANDIDATE,0,,NO_DETERMINISTIC_SPLIT_FOUND | REQUESTED_RESEGMENTATION_NOT_ACHIEVED,,,,
adam_normalized_report_ee43a07bf07f228744a2f526,adam_report_candidate_7291f4c8ff8e489aa58f0760,RESEGMENTED,SRC-TAFSIR-IBN-ABI-HATIM-ADAM,8658,EARLY_REPORT_CANDIDATE,MAWQUF_OR_TAFSIR_REPORT_CANDIDATE,1,سَعِيدُ بْنُ سُلَيْمَانَ ثنا عَبَّادُ بْنُ الْعَوَّامِ عَنْ سُفْيَانَ بْنِ حُسَيْنٍ,NO_DETERMINISTIC_SPLIT_FOUND | REQUESTED_RESEGMENTATION_NOT_ACHIEVED,,,,
adam_normalized_report_152a88a2252610f366a5eab6,adam_report_candidate_9c3cb7488dce2b1f5849b68e,RESEGMENTED,SRC-TAFSIR-IBN-ABI-HATIM-ADAM,8658,EARLY_REPORT_CANDIDATE,MAWQUF_OR_TAFSIR_REPORT_CANDIDATE,1,ابْنُ أَبِي سُرَيْجٍ أنا الْخَفَّافُ يَعْنِي عَبْدَ الْوَهَّابِ,NO_DETERMINISTIC_SPLIT_FOUND | REQUESTED_RESEGMENTATION_NOT_ACHIEVED,,,,
adam_normalized_report_41e91902e73bdd78bad77ed2,adam_report_candidate_e065498b8349a0132756f9c1,RESEGMENTED,SRC-TAFSIR-IBN-ABI-HATIM-ADAM,8658,EARLY_REPORT_CANDIDATE,MAWQUF_OR_TAFSIR_REPORT_CANDIDATE,3,سَعِيدٌ الْهُنَانِيُّ قَالَ,NO_DETERMINISTIC_SPLIT_FOUND | REQUESTED_RESEGMENTATION_NOT_ACHIEVED,,,,
adam_normalized_report_9cb607825faef65092d1eba1,adam_report_candidate_c661cb83d8d75bf78f1278ed,RESEGMENTED,SRC-TAFSIR-IBN-ABI-HATIM-ADAM,8658,EARLY_REPORT_CANDIDATE,UNRESOLVED_REPORT_FORM_CANDIDATE,4,أَسْبَاطٌ,NO_DETERMINISTIC_SPLIT_FOUND | REQUESTED_RESEGMENTATION_NOT_ACHIEVED,,,,
adam_normalized_report_af8df45f48266ceb8b834aad,adam_report_candidate_131306799021d1dff30bd2c0,RESEGMENTED,SRC-TAFSIR-IBN-ABI-HATIM-ADAM,8658,EARLY_REPORT_CANDIDATE,MAWQUF_OR_TAFSIR_REPORT_CANDIDATE,3,أَبُو خَلَفٍ- يَعْنِي عَبْدَ اللَّهِ بْنَ عِيسَى الْحَرِيرِيَّ- عَنْ سَعِيدٍ عَنْ قَتَادَةَ,NO_DETERMINISTIC_SPLIT_FOUND | REQUESTED_RESEGMENTATION_NOT_ACHIEVED,,,,
adam_normalized_report_e0e3501fc448e4b226cd6907,adam_report_candidate_78340b412ca17a261d5db864,RESEGMENTED,SRC-TAFSIR-IBN-ABI-HATIM-ADAM,8658,EARLY_REPORT_CANDIDATE,UNRESOLVED_REPORT_FORM_CANDIDATE,2,يُونُسُ بْنُ مُحَمَّدٍ,NO_DETERMINISTIC_SPLIT_FOUND | REQUESTED_RESEGMENTATION_NOT_ACHIEVED,,,,
adam_normalized_report_1d5ad3e738da5d2a14efa72c,adam_report_candidate_0e334a276bb568eedc26d2cb,PASSTHROUGH_SINGLE,SRC-TAFSIR-IBN-ABI-HATIM-ADAM,8658,SOURCE_PASSAGE_CONTEXT_CANDIDATE,UNRESOLVED_REPORT_FORM_CANDIDATE,0,,,,,,
adam_normalized_report_a6498139c264f39287633877,adam_report_candidate_bff09575256d06b0f05400c0,PASSTHROUGH_SINGLE,SRC-TAFSIR-IBN-ABI-HATIM-ADAM,8658,PROPHETIC_HADITH_CANDIDATE,MARFU_CONTEXT_CANDIDATE,1,يونس بن عبد الله الأَعْلَى قِرَاءَةً,,,,,
adam_normalized_report_acb8300073d95982114b969c,adam_report_candidate_19ec3ed4a179355b2a2bb3f0,RESEGMENTED,SRC-TAFSIR-IBN-ABI-HATIM-ADAM,8658,EARLY_REPORT_CANDIDATE,MAWQUF_OR_TAFSIR_REPORT_CANDIDATE,3,الْعَبَّاسُ بْنُ الْوَلِيدِ,NO_DETERMINISTIC_SPLIT_FOUND | REQUESTED_RESEGMENTATION_NOT_ACHIEVED,,,,
adam_normalized_report_95b88dc4ed50bb9204b5788e,adam_report_candidate_a629cdc89773b6c223aecf65,RESEGMENTED,SRC-TAFSIR-IBN-ABI-HATIM-ADAM,8658,EARLY_REPORT_CANDIDATE,MAWQUF_OR_TAFSIR_REPORT_CANDIDATE,8,أَبُو هِلالٍ,NO_DETERMINISTIC_SPLIT_FOUND | REQUESTED_RESEGMENTATION_NOT_ACHIEVED,,,,
adam_normalized_report_9e89e0105498ab66688b3ff9,adam_report_candidate_7659f6964598321e355f1886,RESEGMENTED,SRC-TAFSIR-IBN-ABI-HATIM-ADAM,8658,PROPHETIC_HADITH_CANDIDATE,MARFU_CONTEXT_CANDIDATE,1,مُحَمَّدُ بْنُ شُعَيْبٍ أَخْبَرَنِي عَبْدُ الرَّحْمَنِ بْنُ زَيْدِ بْنِ أَسْلَمَ,NO_DETERMINISTIC_SPLIT_FOUND | REQUESTED_RESEGMENTATION_NOT_ACHIEVED,,,,
adam_normalized_report_a187832d1ee8e62d9a53ed32,adam_report_candidate_75c070e38474e422403b1585,RESEGMENTED,SRC-TAFSIR-IBN-ABI-HATIM-ADAM,8658,EARLY_REPORT_CANDIDATE,MAWQUF_OR_TAFSIR_REPORT_CANDIDATE,1,أَبُو صَالِحٍ كَاتِبُ اللَّيْثِ,NO_DETERMINISTIC_SPLIT_FOUND | REQUESTED_RESEGMENTATION_NOT_ACHIEVED,,,,
adam_normalized_report_5a915847682be932d0099443,adam_report_candidate_799cf7fec3ecda088824fcb9,RESEGMENTED,SRC-TAFSIR-IBN-ABI-HATIM-ADAM,8658,EARLY_REPORT_CANDIDATE,UNRESOLVED_REPORT_FORM_CANDIDATE,3,الأَجْلَحُ,NO_DETERMINISTIC_SPLIT_FOUND | REQUESTED_RESEGMENTATION_NOT_ACHIEVED,,,,
adam_normalized_report_18749347422df04c3b34a5b5,adam_report_candidate_4466f88bfab62f25ae773a61,RESEGMENTED,SRC-TAFSIR-IBN-ABI-HATIM-ADAM,8658,EARLY_REPORT_CANDIDATE,MAWQUF_OR_TAFSIR_REPORT_CANDIDATE,8,وَرْقَاءُ,NO_DETERMINISTIC_SPLIT_FOUND | REQUESTED_RESEGMENTATION_NOT_ACHIEVED,,,,
adam_normalized_report_befac22d89ec46fb69e11de9,adam_report_candidate_8fe642847671f7040f910e82,RESEGMENTED,SRC-TAFSIR-IBN-ABI-HATIM-ADAM,8658,PROPHETIC_HADITH_CANDIDATE,MARFU_CONTEXT_CANDIDATE,8,عُمَرُ بْنُ إِبْرَاهِيمَ,NO_DETERMINISTIC_SPLIT_FOUND | REQUESTED_RESEGMENTATION_NOT_ACHIEVED,,,,
adam_normalized_report_7c7566ee9e4fd2051892a5d8,adam_report_candidate_55c7e00c511244206b8979e6,RESEGMENTED,SRC-TAFSIR-IBN-ABI-HATIM-ADAM,8658,EARLY_REPORT_CANDIDATE,UNRESOLVED_REPORT_FORM_CANDIDATE,7,عُبَيْدُ اللَّهِ بْنُ مُحَمَّدٍ ثنا عَبْدُ الْوَاحِدِ ثنا سَالِمُ بْنُ أَبِي حَفْصَةَ قَالَ,NO_DETERMINISTIC_SPLIT_FOUND | REQUESTED_RESEGMENTATION_NOT_ACHIEVED,,,,
adam_normalized_report_1a539bd56c03b4c256063fa2,adam_report_candidate_10c2217e195f2a5e4c4c000a | adam_report_candidate_6a3327969c131159f50585be,MERGED_THEN_RESEGMENTED,SRC-TAFSIR-IBN-ABI-HATIM-ADAM,8658,EARLY_REPORT_CANDIDATE,MAWQUF_OR_TAFSIR_REPORT_CANDIDATE,6,سَالِمُ بْنُ أَبِي حَفْصَةَ قَالَ,,,,,
adam_normalized_report_e0c158205b409ac69a5bb893,adam_report_candidate_10c2217e195f2a5e4c4c000a | adam_report_candidate_6a3327969c131159f50585be,MERGED_THEN_RESEGMENTED,SRC-TAFSIR-IBN-ABI-HATIM-ADAM,8658,EARLY_REPORT_CANDIDATE,UNRESOLVED_REPORT_FORM_CANDIDATE,1,مَحْمُودُ بْنُ عُبَيْدٍ,,,,,
adam_normalized_report_991f3a2805f7571f80bb9563,adam_report_candidate_1360f01dca3a822f6bc51f09,RESEGMENTED,SRC-TAFSIR-IBN-ABI-HATIM-ADAM,8658,EARLY_REPORT_CANDIDATE,MAWQUF_OR_TAFSIR_REPORT_CANDIDATE,5,السُّدِّيِّ يَقُولُ اللَّهُ,NO_DETERMINISTIC_SPLIT_FOUND | REQUESTED_RESEGMENTATION_NOT_ACHIEVED,,,,
adam_normalized_report_6eda6393b494e6f56203dd3c,adam_report_candidate_152e4e52f3187c80ff5a42f7,RESEGMENTED,SRC-TAFSIR-IBN-ABI-HATIM-ADAM,8658,PROPHETIC_HADITH_CANDIDATE,MARFU_CONTEXT_CANDIDATE,4,أَبُو صَالِحٍ,NO_DETERMINISTIC_SPLIT_FOUND | REQUESTED_RESEGMENTATION_NOT_ACHIEVED,,,,
adam_normalized_report_913d017a82bb4b90e2beb809,adam_report_candidate_0999b8ef0c7ba200e3a820ed,PASSTHROUGH_SINGLE,SRC-TAFSIR-IBN-ABI-HATIM-ADAM,8658,SOURCE_PASSAGE_CONTEXT_CANDIDATE,MAWQUF_OR_TAFSIR_REPORT_CANDIDATE,0,,,,,,
adam_normalized_report_fd775817ca2a421e945ffd39,adam_report_candidate_642140bf410748c42bb19678,PASSTHROUGH_SINGLE,SRC-TAFSIR-IBN-ABI-HATIM-ADAM,8658,SOURCE_PASSAGE_CONTEXT_CANDIDATE,MAWQUF_OR_TAFSIR_REPORT_CANDIDATE,0,,,,,,
adam_normalized_report_772fcc366d094bd2fa250a76,adam_report_candidate_0d233144b2cfd16cac40301a,PASSTHROUGH_SINGLE,SRC-TAFSIR-IBN-ABI-HATIM-ADAM,8658,SOURCE_PASSAGE_CONTEXT_CANDIDATE,MAWQUF_OR_TAFSIR_REPORT_CANDIDATE,0,,,,,,
adam_normalized_report_8b59721fd9722bfb27608d60,adam_report_candidate_33a408750381e753a4502821,PASSTHROUGH_SINGLE,SRC-TAFSIR-IBN-ABI-HATIM-ADAM,8658,PROPHETIC_HADITH_CANDIDATE,MARFU_CONTEXT_CANDIDATE,0,,,,,,
adam_normalized_report_8d8b343a0cfd251b90a576e5,adam_report_candidate_3deac6e96e84a7bcb1d08586,RESEGMENTED,SRC-TAFSIR-IBN-ABI-HATIM-ADAM,8658,PROPHETIC_HADITH_CANDIDATE,MARFU_CONTEXT_CANDIDATE,0,,NO_DETERMINISTIC_SPLIT_FOUND | REQUESTED_RESEGMENTATION_NOT_ACHIEVED,,,,
adam_normalized_report_36a74dae33b053aee8c54ca2,adam_report_candidate_ecb54d0faef9b3fb2723d9dd,PASSTHROUGH_SINGLE,SRC-TAFSIR-IBN-ABI-HATIM-ADAM,8658,SOURCE_PASSAGE_CONTEXT_CANDIDATE,MAWQUF_OR_TAFSIR_REPORT_CANDIDATE,0,,,,,,
adam_normalized_report_23d384c109128bfd685f3326,adam_report_candidate_04c906a1504852c1c2dc7701,PASSTHROUGH_SINGLE,SRC-TAFSIR-IBN-ABI-HATIM-ADAM,8658,SOURCE_PASSAGE_CONTEXT_CANDIDATE,MAWQUF_OR_TAFSIR_REPORT_CANDIDATE,0,,,,,,
adam_normalized_report_70e9872dee76d647c45f704c,adam_report_candidate_e8dee4a785b7c8be0c5cd198,PASSTHROUGH_SINGLE,SRC-TAFSIR-IBN-ABI-HATIM-ADAM,8658,PROPHETIC_HADITH_CANDIDATE,MARFU_CONTEXT_CANDIDATE,0,,,,,,
adam_normalized_report_38b8d0cdd175b2c4fe3d522f,adam_report_candidate_113cc737cff28b5bb0dfa84f,PASSTHROUGH_SINGLE,SRC-TAFSIR-IBN-ABI-HATIM-ADAM,8658,PROPHETIC_HADITH_CANDIDATE,MARFU_CONTEXT_CANDIDATE,0,,,,,,
adam_normalized_report_bceca6acf2dc71f9e46e5a09,adam_report_candidate_21189888331e667d8184db55,PASSTHROUGH_SINGLE,SRC-TAFSIR-IBN-ABI-HATIM-ADAM,8658,SOURCE_PASSAGE_CONTEXT_CANDIDATE,UNRESOLVED_REPORT_FORM_CANDIDATE,0,,,,,,
adam_normalized_report_7489d738c376815cbe07c8d3,adam_report_candidate_75f4486852e3982dd0db60ae,PASSTHROUGH_SINGLE,SRC-TAFSIR-IBN-ABI-HATIM-ADAM,8658,EARLY_REPORT_CANDIDATE,MAWQUF_OR_TAFSIR_REPORT_CANDIDATE,0,,,,,,
adam_normalized_report_e09984c6b20cc847ce5a3e06,adam_report_candidate_23f759e9f59232d72c279082,PASSTHROUGH_SINGLE,SRC-TAFSIR-IBN-ABI-HATIM-ADAM,8658,PROPHETIC_HADITH_CANDIDATE,MARFU_CONTEXT_CANDIDATE,1,ابن جريج,,,,,
adam_normalized_report_36e538ec52f5cabe9917263f,adam_report_candidate_7a4cbfd243bc5a06b22d8179,PASSTHROUGH_SINGLE,SRC-TAFSIR-IBN-ABI-HATIM-ADAM,8658,PROPHETIC_HADITH_CANDIDATE,MARFU_CONTEXT_CANDIDATE,0,,,,,,
adam_normalized_report_d58a5c446bad9e49630e57e3,adam_report_candidate_2401616d969252224ee7a3b9,RESEGMENTED,SRC-TAFSIR-IBN-ABI-HATIM-ADAM,8658,EARLY_REPORT_CANDIDATE,UNRESOLVED_REPORT_FORM_CANDIDATE,2,ابن وهب عَنْ عَبْدَ الرَّحْمَنِ بْنَ زَيْدِ بْنِ أَسْلَمَ فِي قصة الملائكة وآدم,NO_DETERMINISTIC_SPLIT_FOUND | REQUESTED_RESEGMENTATION_NOT_ACHIEVED,,,,
adam_normalized_report_589eed67046698ef4d5a4ca1,adam_report_candidate_bbc2649149afe8b591493331,RESEGMENTED,SRC-TAFSIR-IBN-ABI-HATIM-ADAM,8658,PROPHETIC_HADITH_CANDIDATE,MARFU_CONTEXT_CANDIDATE,0,,,,,,
adam_normalized_report_58c9a779cfe4ac04e0e2bf3f,adam_report_candidate_bbc2649149afe8b591493331,RESEGMENTED,SRC-TAFSIR-IBN-ABI-HATIM-ADAM,8658,PROPHETIC_HADITH_CANDIDATE,MARFU_CONTEXT_CANDIDATE,0,,,,,,
adam_normalized_report_b792793716cc0a3408bb72db,adam_report_candidate_bbc2649149afe8b591493331,RESEGMENTED,SRC-TAFSIR-IBN-ABI-HATIM-ADAM,8658,EARLY_REPORT_CANDIDATE,UNRESOLVED_REPORT_FORM_CANDIDATE,1,ابن كيسان,,,,,
adam_normalized_report_7523cd9baf2637fd540fc481,adam_report_candidate_b992b2e9ec0834e86fa87346,RESEGMENTED,SRC-TAFSIR-IBN-ABI-HATIM-ADAM,8658,PROPHETIC_HADITH_CANDIDATE,MARFU_EXPLICIT_CANDIDATE,2,ابن كثير,MULTIPLE_STRONG_STARTS_REMAIN | NO_DETERMINISTIC_SPLIT_FOUND | REQUESTED_RESEGMENTATION_NOT_ACHIEVED,,,,
adam_normalized_report_d1e3f838442732202abbac7a,adam_report_candidate_ec30be2bdc14f53e12c7b4a3,PASSTHROUGH_SINGLE,SRC-TAFSIR-IBN-ABI-HATIM-ADAM,8658,SOURCE_PASSAGE_CONTEXT_CANDIDATE,UNRESOLVED_REPORT_FORM_CANDIDATE,0,,VERY_SHORT_REPORT_UNIT,,,,
adam_normalized_report_03975c2df6c251bf1f4abbc2,adam_report_candidate_a3f9f4df517ec8cf6037d87c,RESEGMENTED,SRC-TAFSIR-IBN-ABI-HATIM-ADAM,8658,PROPHETIC_HADITH_CANDIDATE,MARFU_CONTEXT_CANDIDATE,0,,,,,,
adam_normalized_report_af2358af8510958c78b0d4f6,adam_report_candidate_a3f9f4df517ec8cf6037d87c,RESEGMENTED,SRC-TAFSIR-IBN-ABI-HATIM-ADAM,8658,PROPHETIC_HADITH_CANDIDATE,MARFU_CONTEXT_CANDIDATE,0,,,,,,
adam_normalized_report_9742ca368e8b5a1c20681e8e,adam_report_candidate_59547a0defc011b702e4eb59,PASSTHROUGH_SINGLE,SRC-TAFSIR-IBN-ABI-HATIM-ADAM,8658,SOURCE_PASSAGE_CONTEXT_CANDIDATE,UNRESOLVED_REPORT_FORM_CANDIDATE,0,,,,,,
adam_normalized_report_42d38867736a2f4db6cf1ceb,adam_report_candidate_0227906d09a084dadf04eaa1,PASSTHROUGH_SINGLE,SRC-TAFSIR-IBN-ABI-HATIM-ADAM,8658,EARLY_REPORT_CANDIDATE,UNRESOLVED_REPORT_FORM_CANDIDATE,3,القرطبي في قوله تعالى,,,,,
adam_normalized_report_7263b3e049530a967705f111,adam_report_candidate_5811a63b836ee9584e13932b,RESEGMENTED,SRC-TAFSIR-IBN-ABI-HATIM-ADAM,8658,EARLY_REPORT_CANDIDATE,MAWQUF_OR_TAFSIR_REPORT_CANDIDATE,1,القرطبي,NO_DETERMINISTIC_SPLIT_FOUND | REQUESTED_RESEGMENTATION_NOT_ACHIEVED,,,,
adam_normalized_report_59806aebb81ce3a4fc97de44,adam_report_candidate_a2e76b240a1fddbc6fed8b1a,PASSTHROUGH_SINGLE,SRC-TAFSIR-IBN-ABI-HATIM-ADAM,8658,EARLY_REPORT_CANDIDATE,UNRESOLVED_REPORT_FORM_CANDIDATE,1,الشاعر,,,,,
adam_normalized_report_aba071b31c318f0854f86d86,adam_report_candidate_e4f7d3b3a5053adfc5a3aa01,PASSTHROUGH_SINGLE,SRC-TAFSIR-IBN-ABI-HATIM-ADAM,8658,EARLY_REPORT_CANDIDATE,UNRESOLVED_REPORT_FORM_CANDIDATE,1,إني أعلم ما لا تعلمون,,,,,
adam_normalized_report_eb6c7d58c9fbdfd6b97aecb2,adam_report_candidate_6e0af8efac52009b4aaf6762,PASSTHROUGH_SINGLE,SRC-TAFSIR-IBN-ABI-HATIM-ADAM,8658,SOURCE_PASSAGE_CONTEXT_CANDIDATE,UNRESOLVED_REPORT_FORM_CANDIDATE,0,,,,,,
adam_normalized_report_0d35ae7f2b912a2a9dcf348b,adam_report_candidate_bb145a09505afbcbb38a8faf,PASSTHROUGH_SINGLE,SRC-TAFSIR-IBN-KATHIR-ADAM,1503,SOURCE_PASSAGE_CONTEXT_CANDIDATE,UNRESOLVED_REPORT_FORM_CANDIDATE,0,,,,,,
adam_normalized_report_3297fc7863721ab3ef4316f8,adam_report_candidate_6aa789d7611165a3cf9f1742,RESEGMENTED,SRC-TAFSIR-IBN-KATHIR-ADAM,1503,EARLY_REPORT_CANDIDATE,UNRESOLVED_REPORT_FORM_CANDIDATE,2,أبي العالية - في قوله تعالى,,,,,
adam_normalized_report_73ad0adfd921ff1a9b195635,adam_report_candidate_6aa789d7611165a3cf9f1742,RESEGMENTED,SRC-TAFSIR-IBN-KATHIR-ADAM,1503,EARLY_REPORT_CANDIDATE,UNRESOLVED_REPORT_FORM_CANDIDATE,0,,,,,,
adam_normalized_report_caa5179747403c0cd4faf304,adam_report_candidate_6aa789d7611165a3cf9f1742,RESEGMENTED,SRC-TAFSIR-IBN-KATHIR-ADAM,1503,AUTHORIAL_COMMENTARY_CANDIDATE,UNRESOLVED_REPORT_FORM_CANDIDATE,0,,,,,,
adam_normalized_report_ae879e8f260f1e8fd33e61d1,adam_report_candidate_ceaff5af141155fd07f8079e,PASSTHROUGH_SINGLE,SRC-TAFSIR-IBN-KATHIR-ADAM,1503,EARLY_REPORT_CANDIDATE,MAWQUF_OR_TAFSIR_REPORT_CANDIDATE,10,عبد الرحمن بن زيد بن أسلم,,,,,
adam_normalized_report_83e2858786500e4343eb5297,adam_report_candidate_113a52e93b9814ce2f582db0,RESEGMENTED,SRC-TAFSIR-IBN-KATHIR-ADAM,1503,EARLY_REPORT_CANDIDATE,MAWQUF_OR_TAFSIR_REPORT_CANDIDATE,4,ابن عباس,NO_DETERMINISTIC_SPLIT_FOUND | REQUESTED_RESEGMENTATION_NOT_ACHIEVED,,,,
adam_normalized_report_09e589b6eba021e38ddebfd0,adam_report_candidate_165199f892f8a5ec0c350a70,RESEGMENTED,SRC-TAFSIR-IBN-KATHIR-ADAM,1503,EARLY_REPORT_CANDIDATE,UNRESOLVED_REPORT_FORM_CANDIDATE,5,سعيد بن,MULTIPLE_STRONG_STARTS_REMAIN | NO_DETERMINISTIC_SPLIT_FOUND | REQUESTED_RESEGMENTATION_NOT_ACHIEVED,,,,
adam_normalized_report_64b973450af75b1de105b178,adam_report_candidate_dd78e681913919285a3f6b05,RESEGMENTED,SRC-TAFSIR-IBN-KATHIR-ADAM,1503,EARLY_REPORT_CANDIDATE,MAQTU_OR_TAFSIR_REPORT_CANDIDATE,1,عبد الله بن سلام - أنه قال,NO_DETERMINISTIC_SPLIT_FOUND | REQUESTED_RESEGMENTATION_NOT_ACHIEVED,,,,
adam_normalized_report_53bc0f9de2fe53532673a6fe,adam_report_candidate_34e6aa2468325fa1c1d1cdb5,PASSTHROUGH_SINGLE,SRC-TAFSIR-IBN-KATHIR-ADAM,1503,QURAN_EXEGESIS_CONTEXT_CANDIDATE,UNRESOLVED_REPORT_FORM_CANDIDATE,0,,,,,,
adam_normalized_report_d1b1a86114b2aaf7d9d867e9,adam_report_candidate_97f014d4355c49002531b344,PASSTHROUGH_SINGLE,SRC-TAFSIR-IBN-KATHIR-ADAM,1503,PROPHETIC_HADITH_CANDIDATE,MARFU_EXPLICIT_CANDIDATE,4,أبي هريرة,,,,,
adam_normalized_report_16456c198fbdbb3da2570718,adam_report_candidate_749258cc38ba90aa7229977d,PASSTHROUGH_SINGLE,SRC-TAFSIR-IBN-KATHIR-ADAM,1503,EARLY_REPORT_CANDIDATE,MAQTU_OR_TAFSIR_REPORT_CANDIDATE,1,قتادة,,,,,
adam_normalized_report_39d6feaf6ce070228170b7a2,adam_report_candidate_34708cabfe874a8fe0ce0e8f,RESEGMENTED,SRC-TAFSIR-IBN-KATHIR-ADAM,1503,EARLY_REPORT_CANDIDATE,UNRESOLVED_REPORT_FORM_CANDIDATE,4,الحسين قال) (¬١٣),MULTIPLE_STRONG_STARTS_REMAIN | NO_DETERMINISTIC_SPLIT_FOUND | REQUESTED_RESEGMENTATION_NOT_ACHIEVED,,,,
adam_normalized_report_c1d8f645a50d3c26c47009e5,adam_report_candidate_6cf0797796e880fd68b20cf7,PASSTHROUGH_SINGLE,SRC-TAFSIR-IBN-KATHIR-ADAM,1503,EARLY_REPORT_CANDIDATE,UNRESOLVED_REPORT_FORM_CANDIDATE,4,اللّه للملائكة,,,,,
adam_normalized_report_014a5b79b0ad03c30e06d3e8,adam_report_candidate_da994d9bbeb717a631e8f6a8 | adam_report_candidate_efaa28f45fff02c101e6cea3,MERGED_THEN_RESEGMENTED,SRC-TAFSIR-IBN-KATHIR-ADAM,1503,PROPHETIC_HADITH_CANDIDATE,MARFU_CONTEXT_CANDIDATE,6,ابن مسعود,,,,,
adam_normalized_report_8272086b9cdc408ee260da5e,adam_report_candidate_7fa2afa0b58f553c33f0551f,RESEGMENTED,SRC-TAFSIR-IBN-KATHIR-ADAM,1503,AUTHORIAL_COMMENTARY_CANDIDATE,MAWQUF_OR_TAFSIR_REPORT_CANDIDATE,7,ابن عباس,NO_DETERMINISTIC_SPLIT_FOUND | REQUESTED_RESEGMENTATION_NOT_ACHIEVED,,,,
adam_normalized_report_ea1897a6510b4caaf428e406,adam_report_candidate_da994d9bbeb717a631e8f6a8 | adam_report_candidate_efaa28f45fff02c101e6cea3,MERGED_THEN_RESEGMENTED,SRC-TAFSIR-IBN-KATHIR-ADAM,1503,AUTHORIAL_COMMENTARY_CANDIDATE,UNRESOLVED_REPORT_FORM_CANDIDATE,1,ابن جرير (¬٥),,,,,
adam_normalized_report_16d6326b5c99e34c5f9ce3b6,adam_report_candidate_cbe70c1adc1a8c20de1f94e9,RESEGMENTED,SRC-TAFSIR-IBN-KATHIR-ADAM,1503,EARLY_REPORT_CANDIDATE,UNRESOLVED_REPORT_FORM_CANDIDATE,7,عبد اللّه بن عمرو,,,,,
adam_normalized_report_c4d1a76d580efdea923d95cb,adam_report_candidate_cbe70c1adc1a8c20de1f94e9,RESEGMENTED,SRC-TAFSIR-IBN-KATHIR-ADAM,1503,EARLY_REPORT_CANDIDATE,UNRESOLVED_REPORT_FORM_CANDIDATE,2,أبي العالية - في قوله (تعالى) (¬١٠),,,,,
adam_normalized_report_eca3d8a482aefbf64b348793,adam_report_candidate_f5d3f643f67cd44d08a60c86,PASSTHROUGH_SINGLE,SRC-TAFSIR-IBN-KATHIR-ADAM,1503,EARLY_REPORT_CANDIDATE,MAWQUF_OR_TAFSIR_REPORT_CANDIDATE,5,ابن عباس,,,,,
adam_normalized_report_478c23f277b3f452a51d0bb6,adam_report_candidate_afa0d54e831dcfda9b2b80a1,RESEGMENTED,SRC-TAFSIR-IBN-KATHIR-ADAM,1503,EARLY_REPORT_CANDIDATE,UNRESOLVED_REPORT_FORM_CANDIDATE,5,ابن جريج (¬٨),NO_DETERMINISTIC_SPLIT_FOUND | REQUESTED_RESEGMENTATION_NOT_ACHIEVED,,,,
adam_normalized_report_e67506b4eecc1a819f09b712,adam_report_candidate_cb0a101da9e493f638e51729,RESEGMENTED,SRC-TAFSIR-IBN-KATHIR-ADAM,1503,EARLY_REPORT_CANDIDATE,UNRESOLVED_REPORT_FORM_CANDIDATE,4,معروف - يعني,NO_DETERMINISTIC_SPLIT_FOUND | REQUESTED_RESEGMENTATION_NOT_ACHIEVED,,,,
adam_normalized_report_ff588c868943a5d084d25bc1,adam_report_candidate_8e78d172636dbddac2d49d96,RESEGMENTED,SRC-TAFSIR-IBN-KATHIR-ADAM,1503,EARLY_REPORT_CANDIDATE,MAQTU_OR_TAFSIR_REPORT_CANDIDATE,7,قتادة في قوله,NO_DETERMINISTIC_SPLIT_FOUND | REQUESTED_RESEGMENTATION_NOT_ACHIEVED,,,,
adam_normalized_report_c25a1fabf98709878467c532,adam_report_candidate_0a880bbde90d8e71a794f7f4,PASSTHROUGH_SINGLE,SRC-TAFSIR-IBN-KATHIR-ADAM,1503,AUTHORIAL_COMMENTARY_CANDIDATE,MAWQUF_OR_TAFSIR_REPORT_CANDIDATE,8,ابن مسعود,,,,,
adam_normalized_report_c682339ba8726c0a159b7602,adam_report_candidate_bbbff94401a45c818e385f33,PASSTHROUGH_SINGLE,SRC-TAFSIR-IBN-KATHIR-ADAM,1503,QURAN_EXEGESIS_CONTEXT_CANDIDATE,MAQTU_OR_TAFSIR_REPORT_CANDIDATE,0,,,,,,
adam_normalized_report_4b998fdfdd9d727fe5664b74,adam_report_candidate_64d5e1cf18c4117cfca417df,PASSTHROUGH_SINGLE,SRC-TAFSIR-IBN-KATHIR-ADAM,1503,EARLY_REPORT_CANDIDATE,MAWQUF_OR_TAFSIR_REPORT_CANDIDATE,3,ابن عباس,,,,,
adam_normalized_report_8b5a137221fd590b482359ca,adam_report_candidate_54b5e931a62cbfa614a2d5f2,RESEGMENTED,SRC-TAFSIR-IBN-KATHIR-ADAM,1503,EARLY_REPORT_CANDIDATE,MAWQUF_OR_TAFSIR_REPORT_CANDIDATE,3,مسلم بن إبراهيم,NO_DETERMINISTIC_SPLIT_FOUND | REQUESTED_RESEGMENTATION_NOT_ACHIEVED,,,,
adam_normalized_report_790a8833e3ff0cf9c84ef7af,adam_report_candidate_c92618477bafc9119c02cb0d,RESEGMENTED,SRC-TAFSIR-IBN-KATHIR-ADAM,1503,PROPHETIC_HADITH_CANDIDATE,MARFU_CONTEXT_CANDIDATE,12,ابن مسعود,NO_DETERMINISTIC_SPLIT_FOUND | REQUESTED_RESEGMENTATION_NOT_ACHIEVED,,,,
adam_normalized_report_1429d7df55aefe7dd16b5185,adam_report_candidate_466b74f8e1c951d1adbd7f38,RESEGMENTED,SRC-TAFSIR-IBN-KATHIR-ADAM,1503,EARLY_REPORT_CANDIDATE,MAWQUF_OR_TAFSIR_REPORT_CANDIDATE,10,ابن مسعود,,,,,
adam_normalized_report_7c2f36e6217c0e21ac53cd3a,adam_report_candidate_466b74f8e1c951d1adbd7f38,RESEGMENTED,SRC-TAFSIR-IBN-KATHIR-ADAM,1503,EARLY_REPORT_CANDIDATE,UNRESOLVED_REPORT_FORM_CANDIDATE,0,,,,,,
adam_normalized_report_caf750b5f3ff17419bb142ae,adam_report_candidate_a6472dc17baa8d019f6029ec,PASSTHROUGH_SINGLE,SRC-TAFSIR-IBN-KATHIR-ADAM,1503,EARLY_REPORT_CANDIDATE,UNRESOLVED_REPORT_FORM_CANDIDATE,1,مجاهد,,,,,
adam_normalized_report_0764b43d1e3937030cfa6db1,adam_report_candidate_b6089a787f128ece8498511d,RESEGMENTED,SRC-TAFSIR-IBN-KATHIR-ADAM,1503,EARLY_REPORT_CANDIDATE,MAWQUF_OR_TAFSIR_REPORT_CANDIDATE,8,زيد بن أسلم (¬٨),NO_DETERMINISTIC_SPLIT_FOUND | REQUESTED_RESEGMENTATION_NOT_ACHIEVED,,,,
adam_normalized_report_1a4aa171dbee20cd1c8ea160,adam_report_candidate_fc6bdd91a89f3fb57b326ca4,PASSTHROUGH_SINGLE,SRC-TAFSIR-IBN-KATHIR-ADAM,1503,EARLY_REPORT_CANDIDATE,UNRESOLVED_REPORT_FORM_CANDIDATE,1,ابن أبي حاتم (¬٢),,,,,
adam_normalized_report_571244733345b69722141700,adam_report_candidate_85c20c9ddd1d29e2d4cabdc4,PASSTHROUGH_SINGLE,SRC-TAFSIR-IBN-KATHIR-ADAM,1503,EARLY_REPORT_CANDIDATE,MAWQUF_OR_TAFSIR_REPORT_CANDIDATE,3,ابن مسعود,,,,,
adam_normalized_report_1b0462c5a8a545db680699f8,adam_report_candidate_5d1946f2aedd4b916231882d,RESEGMENTED,SRC-TAFSIR-IBN-KATHIR-ADAM,1503,QURAN_EXEGESIS_CONTEXT_CANDIDATE,UNRESOLVED_REPORT_FORM_CANDIDATE,0,,,,,,
adam_normalized_report_3eed1251760f146d5b6d6fb4,adam_report_candidate_5d1946f2aedd4b916231882d,RESEGMENTED,SRC-TAFSIR-IBN-KATHIR-ADAM,1503,EARLY_REPORT_CANDIDATE,UNRESOLVED_REPORT_FORM_CANDIDATE,1,الربيع بن أنس,,,,,
adam_normalized_report_6dca333ad81be8b1301f7b65,adam_report_candidate_5d1946f2aedd4b916231882d,RESEGMENTED,SRC-TAFSIR-IBN-KATHIR-ADAM,1503,EARLY_REPORT_CANDIDATE,UNRESOLVED_REPORT_FORM_CANDIDATE,3,عبد الرحمن بن زيد بن أسلم,,,,,
adam_normalized_report_bd87d881af1db576eae40f2b,adam_report_candidate_2e4cf146921deab47099113f,RESEGMENTED,SRC-TAFSIR-IBN-KATHIR-ADAM,1503,EARLY_REPORT_CANDIDATE,MAWQUF_OR_TAFSIR_REPORT_CANDIDATE,6,ابن عباس,NO_DETERMINISTIC_SPLIT_FOUND | REQUESTED_RESEGMENTATION_NOT_ACHIEVED,,,,
adam_normalized_report_db5b8c96dad732dae68028e4,adam_report_candidate_11924704a3874aff53dca7b3,PASSTHROUGH_SINGLE,SRC-TAFSIR-IBN-KATHIR-ADAM,1503,EARLY_REPORT_CANDIDATE,MAWQUF_OR_TAFSIR_REPORT_CANDIDATE,3,ابن مسعود,,,,,
adam_normalized_report_63d67d0203e54cc094bef8a9,adam_report_candidate_22ace13edff5094a7b4a3f31,PASSTHROUGH_SINGLE,SRC-TAFSIR-IBN-KATHIR-ADAM,1503,EARLY_REPORT_CANDIDATE,UNRESOLVED_REPORT_FORM_CANDIDATE,2,الله له,POSSIBLE_MID_REPORT_FRAGMENT,,,,
adam_normalized_report_59652a3ea239db7195ef3bdd,adam_report_candidate_b8cd44a4f44c1740a5c8b559,PASSTHROUGH_SINGLE,SRC-TAFSIR-IBN-KATHIR-ADAM,1503,EARLY_REPORT_CANDIDATE,MAWQUF_OR_TAFSIR_REPORT_CANDIDATE,7,ابن عباس,,,,,
adam_normalized_report_75318966d03953d7092276cb,adam_report_candidate_8a41c20f9cf1092eabe1f497,RESEGMENTED,SRC-TAFSIR-IBN-KATHIR-ADAM,1503,EARLY_REPORT_CANDIDATE,UNRESOLVED_REPORT_FORM_CANDIDATE,4,الحسن,NO_DETERMINISTIC_SPLIT_FOUND | REQUESTED_RESEGMENTATION_NOT_ACHIEVED,,,,
adam_normalized_report_e38faa95cb3628075407ceec,adam_report_candidate_e653f8a8f4474897dee039be,RESEGMENTED,SRC-TAFSIR-IBN-KATHIR-ADAM,1503,EARLY_REPORT_CANDIDATE,MAWQUF_OR_TAFSIR_REPORT_CANDIDATE,12,سعيد بن المسيب,NO_DETERMINISTIC_SPLIT_FOUND | REQUESTED_RESEGMENTATION_NOT_ACHIEVED,,,,
adam_normalized_report_43ccc6560ed81f9f1f8e46c3,adam_report_candidate_e1a1ca2e0817fd9edd20fca1,RESEGMENTED,SRC-TAFSIR-IBN-KATHIR-ADAM,1503,EARLY_REPORT_CANDIDATE,UNRESOLVED_REPORT_FORM_CANDIDATE,4,سعد بن مسعود,NO_DETERMINISTIC_SPLIT_FOUND | REQUESTED_RESEGMENTATION_NOT_ACHIEVED,,,,
adam_normalized_report_4e924bca7b5db949d17ff368,adam_report_candidate_06e0946bcf879bc10d87c3dd,RESEGMENTED,SRC-TAFSIR-IBN-KATHIR-ADAM,1503,EARLY_REPORT_CANDIDATE,MAWQUF_OR_TAFSIR_REPORT_CANDIDATE,7,(معاذ) (¬١٠),NO_DETERMINISTIC_SPLIT_FOUND | REQUESTED_RESEGMENTATION_NOT_ACHIEVED,,,,
adam_normalized_report_f5e7059312c3949d88a06427,adam_report_candidate_bea0acac1ff97e034a676f29,PASSTHROUGH_SINGLE,SRC-TAFSIR-IBN-KATHIR-ADAM,1503,SOURCE_PASSAGE_CONTEXT_CANDIDATE,UNRESOLVED_REPORT_FORM_CANDIDATE,0,,POSSIBLE_MID_REPORT_FRAGMENT,,,,
adam_normalized_report_26d48b4f62df508162d46384,adam_report_candidate_eefe73c39e988177cc1a0f6f,RESEGMENTED,SRC-TAFSIR-IBN-KATHIR-ADAM,1503,EARLY_REPORT_CANDIDATE,UNRESOLVED_REPORT_FORM_CANDIDATE,2,أبي العالية,,,,,
adam_normalized_report_8cae90665c084dfd1dd58074,adam_report_candidate_eefe73c39e988177cc1a0f6f,RESEGMENTED,SRC-TAFSIR-IBN-KATHIR-ADAM,1503,EARLY_REPORT_CANDIDATE,UNRESOLVED_REPORT_FORM_CANDIDATE,4,عبد الله بن بريدة - قوله تعالى,,,,,
adam_normalized_report_aea3994c921f29f12572ef9f,adam_report_candidate_51df5b1523defe3436ae17d7,PASSTHROUGH_SINGLE,SRC-TAFSIR-IBN-KATHIR-ADAM,1503,QURAN_EXEGESIS_CONTEXT_CANDIDATE,UNRESOLVED_REPORT_FORM_CANDIDATE,0,,,,,,
adam_normalized_report_dbb0c0c03e17ec8b6713abe6,adam_report_candidate_8dc6a850acb9d68f84446f7a,RESEGMENTED,SRC-TAFSIR-IBN-KATHIR-ADAM,1503,PROPHETIC_HADITH_CANDIDATE,MARFU_CONTEXT_CANDIDATE,6,علماؤنا ﵏ (¬١٠),NO_DETERMINISTIC_SPLIT_FOUND | REQUESTED_RESEGMENTATION_NOT_ACHIEVED,,,,
adam_normalized_report_5b965f3b67257814d3250b8f,adam_report_candidate_3693905222b7c2351f111430,PASSTHROUGH_SINGLE,SRC-TAFSIR-IBN-KATHIR-ADAM,1503,QURAN_EXEGESIS_CONTEXT_CANDIDATE,UNRESOLVED_REPORT_FORM_CANDIDATE,0,,MULTIPLE_STRONG_STARTS_REMAIN,,,,
adam_normalized_report_b3ced9e9eea1a8602c255f8f,adam_report_candidate_6e92c2da8521bfdce42e492c,PASSTHROUGH_SINGLE,SRC-TAFSIR-IBN-KATHIR-ADAM,1503,QURAN_EXEGESIS_CONTEXT_CANDIDATE,UNRESOLVED_REPORT_FORM_CANDIDATE,0,,,,,,
adam_normalized_report_f778f065a203eaf1438616e3,adam_report_candidate_5b4ebe746b10026c4712ebfc,PASSTHROUGH_SINGLE,SRC-TAFSIR-IBN-KATHIR-ADAM,1503,EARLY_REPORT_CANDIDATE,UNRESOLVED_REPORT_FORM_CANDIDATE,1,الإمام العلامة أبو جعفر (¬٤) بن جرير ﵀,POSSIBLE_MID_REPORT_FRAGMENT,,,,
adam_normalized_report_f1fa1e20f6922ebc6b7be7e2,adam_report_candidate_052f9176f981284faba22ef6,PASSTHROUGH_SINGLE,SRC-TAFSIR-IBN-KATHIR-ADAM,1503,QURAN_EXEGESIS_CONTEXT_CANDIDATE,UNRESOLVED_REPORT_FORM_CANDIDATE,0,,,,,,
adam_normalized_report_2159827cf3012fb5d1a82b50,adam_report_candidate_46b6535bf2f2cede656acb63,PASSTHROUGH_SINGLE,SRC-TAFSIR-IBN-KATHIR-ADAM,1503,PROPHETIC_HADITH_CANDIDATE,MARFU_CONTEXT_CANDIDATE,1,بعض أصحابه,,,,,
adam_normalized_report_bb5a17f5bc2234943e0c3ea4,adam_report_candidate_90082f64cbab11e98810f891,PASSTHROUGH_SINGLE,SRC-TAFSIR-IBN-KATHIR-ADAM,1503,EARLY_REPORT_CANDIDATE,MAWQUF_OR_TAFSIR_REPORT_CANDIDATE,6,ابن عباس قال,,,,,
adam_normalized_report_42d75d4d40ab17252162ac94,adam_report_candidate_8181c7a4c0824830410cc52f,RESEGMENTED,SRC-TAFSIR-IBN-KATHIR-ADAM,1503,PROPHETIC_HADITH_CANDIDATE,MARFU_CONTEXT_CANDIDATE,4,رسول الله ﷺ من كان له بيت وخادم فهو ملك (¬٣). وهذا مرسل غريب.,NO_DETERMINISTIC_SPLIT_FOUND | REQUESTED_RESEGMENTATION_NOT_ACHIEVED,,,,
adam_normalized_report_90de541a5bd8a4b3526c0031,adam_report_candidate_e0bc3e0d4f567cc7c988b00f,PASSTHROUGH_SINGLE,SRC-TAFSIR-IBN-KATHIR-ADAM,1503,PROPHETIC_HADITH_CANDIDATE,MARFU_CONTEXT_CANDIDATE,3,أبي سعيد الخدري,,,,,
adam_normalized_report_2599b71b0c322f86d04e6993,adam_report_candidate_f658f2c14c59b73dd2878c9f,RESEGMENTED,SRC-TAFSIR-IBN-KATHIR-ADAM,1503,PROPHETIC_HADITH_CANDIDATE,MARFU_CONTEXT_CANDIDATE,5,يحيى بن عبد الرحمن,NO_DETERMINISTIC_SPLIT_FOUND | REQUESTED_RESEGMENTATION_NOT_ACHIEVED,,,,
adam_normalized_report_8c731bc8af55858df245ee1e,adam_report_candidate_8ad79c874b4563f411163046,PASSTHROUGH_SINGLE,SRC-TAFSIR-IBN-KATHIR-ADAM,1503,EARLY_REPORT_CANDIDATE,MAWQUF_OR_TAFSIR_REPORT_CANDIDATE,1,ابن عباس,,,,,
adam_normalized_report_a159f3f444651fb3d54c8fdd,adam_report_candidate_54ea11bb51547ca775e76bc7,PASSTHROUGH_SINGLE,SRC-TAFSIR-IBN-KATHIR-ADAM,1503,EARLY_REPORT_CANDIDATE,MAWQUF_OR_TAFSIR_REPORT_CANDIDATE,4,بعض السلف أيضًا أن المراد بخلقناكم ثم صورناكم الذرية.,,,,,
adam_normalized_report_37a452c33e16b500c65d1157,adam_report_candidate_005fe08f795df9fe9c73eb23,RESEGMENTED,SRC-TAFSIR-IBN-KATHIR-ADAM,1503,PROPHETIC_HADITH_CANDIDATE,MARFU_CONTEXT_CANDIDATE,12,ابن شوذب,MULTIPLE_STRONG_STARTS_REMAIN | NO_DETERMINISTIC_SPLIT_FOUND | REQUESTED_RESEGMENTATION_NOT_ACHIEVED,,,,
adam_normalized_report_46e935d55865a0bb5a31879c,adam_report_candidate_16c5f279606caca37f3a58f8,PASSTHROUGH_SINGLE,SRC-TAFSIR-IBN-KATHIR-ADAM,1503,PROPHETIC_HADITH_CANDIDATE,MARFU_CONTEXT_CANDIDATE,2,رسول الله ﷺ,,,,,
adam_normalized_report_acaae646846964966b1d7360,adam_report_candidate_9012ba3fb1a1d3a1e3773f0b,PASSTHROUGH_SINGLE,SRC-TAFSIR-IBN-KATHIR-ADAM,1503,EARLY_REPORT_CANDIDATE,UNRESOLVED_REPORT_FORM_CANDIDATE,1,الحسن في قوله,,,,,
adam_normalized_report_ad88431dc5bd73e96f96c472,adam_report_candidate_bf9a3c42baa8331d3e89e052,RESEGMENTED,SRC-TAFSIR-IBN-KATHIR-ADAM,1503,EARLY_REPORT_CANDIDATE,MAWQUF_OR_TAFSIR_REPORT_CANDIDATE,7,مجاهد,NO_DETERMINISTIC_SPLIT_FOUND | REQUESTED_RESEGMENTATION_NOT_ACHIEVED,,,,
adam_normalized_report_03dff2d7f7dd3509bd65e620,adam_report_candidate_2e50911de917a47418426cac,RESEGMENTED,SRC-TAFSIR-IBN-KATHIR-ADAM,1503,EARLY_REPORT_CANDIDATE,UNRESOLVED_REPORT_FORM_CANDIDATE,4,الحكم بن عتيبة في قوله,NO_DETERMINISTIC_SPLIT_FOUND | REQUESTED_RESEGMENTATION_NOT_ACHIEVED,,,,
adam_normalized_report_e7a052724bff44b0bfb22222,adam_report_candidate_b5505677f23c84b90353606c,RESEGMENTED,SRC-TAFSIR-IBN-KATHIR-ADAM,1503,PROPHETIC_HADITH_CANDIDATE,MARFU_CONTEXT_CANDIDATE,12,أبي هريرة,NO_DETERMINISTIC_SPLIT_FOUND | REQUESTED_RESEGMENTATION_NOT_ACHIEVED,,,,
adam_normalized_report_4f2aae858e09c19a3fcda6c2,adam_report_candidate_66d206ec73237cf982d88255,RESEGMENTED,SRC-TAFSIR-IBN-KATHIR-ADAM,1503,PROPHETIC_HADITH_CANDIDATE,MARFU_CONTEXT_CANDIDATE,5,ابن عباس ﵄,NO_DETERMINISTIC_SPLIT_FOUND | REQUESTED_RESEGMENTATION_NOT_ACHIEVED,,,,
adam_normalized_report_b064ecb90c2f1bf98d8fa283,adam_report_candidate_be6d569cf715b3fe2b4651a9,RESEGMENTED,SRC-TAFSIR-IBN-KATHIR-ADAM,1503,EARLY_REPORT_CANDIDATE,MAWQUF_OR_TAFSIR_REPORT_CANDIDATE,11,ابن عباس ومجاهد وقتادة,NO_DETERMINISTIC_SPLIT_FOUND | REQUESTED_RESEGMENTATION_NOT_ACHIEVED,,,,
adam_normalized_report_11d20c6c5ac73a54d35bdb14,adam_report_candidate_57c2d454b1e6693845da4eda,RESEGMENTED,SRC-TAFSIR-IBN-KATHIR-ADAM,1503,EARLY_REPORT_CANDIDATE,MAWQUF_OR_TAFSIR_REPORT_CANDIDATE,2,أبي إسحاق قال,NO_DETERMINISTIC_SPLIT_FOUND | REQUESTED_RESEGMENTATION_NOT_ACHIEVED,,,,
adam_normalized_report_3b125ceb904acfc53b933c1d,adam_report_candidate_00bdb819eae3e6b0283d8f09,PASSTHROUGH_SINGLE,SRC-TAFSIR-IBN-KATHIR-ADAM,1503,EARLY_REPORT_CANDIDATE,MAWQUF_OR_TAFSIR_REPORT_CANDIDATE,1,ابن عباس أنه قال,,,,,
adam_normalized_report_9a2f3d56165091b947ab6f7e,adam_report_candidate_2aefffdd80e18738d47f9e70,RESEGMENTED,SRC-TAFSIR-IBN-KATHIR-ADAM,1503,EARLY_REPORT_CANDIDATE,MAWQUF_OR_TAFSIR_REPORT_CANDIDATE,2,ابن عباس قال,NO_DETERMINISTIC_SPLIT_FOUND | REQUESTED_RESEGMENTATION_NOT_ACHIEVED,,,,
adam_normalized_report_1a205ccaba5c1764f53fe137,adam_report_candidate_2e95cf6f86668b1f838ffdcf,RESEGMENTED,SRC-TAFSIR-IBN-KATHIR-ADAM,1503,PROPHETIC_HADITH_CANDIDATE,MARFU_CONTEXT_CANDIDATE,2,يزيد بن قُسيط قال,NO_DETERMINISTIC_SPLIT_FOUND | REQUESTED_RESEGMENTATION_NOT_ACHIEVED,,,,
adam_normalized_report_8f8168a0f73fe82e28652af3,adam_report_candidate_98bc350c8dd1f51496f64b46,RESEGMENTED,SRC-TAFSIR-IBN-KATHIR-ADAM,1503,PROPHETIC_HADITH_CANDIDATE,MARFU_CONTEXT_CANDIDATE,1,بأي شيء تنجو مني؟ فقال النبي,NO_DETERMINISTIC_SPLIT_FOUND | REQUESTED_RESEGMENTATION_NOT_ACHIEVED,,,,
adam_normalized_report_b183a073adafd41751a6bc08,adam_report_candidate_c814e9ad8d2b3bb6f1b8d900,PASSTHROUGH_SINGLE,SRC-TAFSIR-IBN-KATHIR-ADAM,1503,EARLY_REPORT_CANDIDATE,UNRESOLVED_REPORT_FORM_CANDIDATE,4,علي بن أبي طالب وهو يخطب قال,,,,,
adam_normalized_report_31ccba5c35cfb61c6dda2245,adam_report_candidate_2651256cd9b0894961a1a3fe,RESEGMENTED,SRC-TAFSIR-IBN-KATHIR-ADAM,1503,QURAN_EXEGESIS_CONTEXT_CANDIDATE,UNRESOLVED_REPORT_FORM_CANDIDATE,0,,,,,,
adam_normalized_report_774ec2d10dc16a467ae0fb1a,adam_report_candidate_2651256cd9b0894961a1a3fe,RESEGMENTED,SRC-TAFSIR-IBN-KATHIR-ADAM,1503,EARLY_REPORT_CANDIDATE,UNRESOLVED_REPORT_FORM_CANDIDATE,4,لإجماع الحجة من أهل التأويل على ذلك أي في الرؤيا والشجرة,,,,,
adam_normalized_report_20ae1601e8116f357d4da144,adam_report_candidate_4f613a61183029ac9a034ce3,PASSTHROUGH_SINGLE,SRC-TAFSIR-IBN-KATHIR-ADAM,1503,EARLY_REPORT_CANDIDATE,MAWQUF_OR_TAFSIR_REPORT_CANDIDATE,1,علي بن أبي طلحة عن ابن عباس,,,,,
adam_normalized_report_a1f3b4dde6143c31614b6103,adam_report_candidate_e469df736b9615b8a27c1ee1,PASSTHROUGH_SINGLE,SRC-TAFSIR-IBN-KATHIR-ADAM,1503,EARLY_REPORT_CANDIDATE,MAWQUF_OR_TAFSIR_REPORT_CANDIDATE,4,ابن جرير,MULTIPLE_STRONG_STARTS_REMAIN,,,,
adam_normalized_report_7d0a62a752d293713eb63f64,adam_report_candidate_2426a29693aba22a43a48ee0,RESEGMENTED,SRC-TAFSIR-IBN-KATHIR-ADAM,1503,EARLY_REPORT_CANDIDATE,UNRESOLVED_REPORT_FORM_CANDIDATE,2,زيد بن أسلم قال,NO_DETERMINISTIC_SPLIT_FOUND | REQUESTED_RESEGMENTATION_NOT_ACHIEVED,,,,
adam_normalized_report_cf1a22c87b36595d62800102,adam_report_candidate_3f7b22de2c2bd668eef41ef1,PASSTHROUGH_SINGLE,SRC-TAFSIR-IBN-KATHIR-ADAM,1503,EARLY_REPORT_CANDIDATE,MAWQUF_OR_TAFSIR_REPORT_CANDIDATE,1,عبد الرزاق,,,,,
adam_normalized_report_bbe4f14bda5d0d24706d33a3,adam_report_candidate_03807b86bc239399c315021f,RESEGMENTED,SRC-TAFSIR-IBN-KATHIR-ADAM,1503,PROPHETIC_HADITH_CANDIDATE,MARFU_CONTEXT_CANDIDATE,5,أنس بن مالك,NO_DETERMINISTIC_SPLIT_FOUND | REQUESTED_RESEGMENTATION_NOT_ACHIEVED,,,,
adam_normalized_report_78418f509409a7f9a7cec71b,adam_report_candidate_2d7b5c7ecb4cc31f512afde0,RESEGMENTED,SRC-TAFSIR-IBN-KATHIR-ADAM,1503,PROPHETIC_HADITH_CANDIDATE,MARFU_CONTEXT_CANDIDATE,4,عبد الله بن محمد بن عقيل أنه سمع جابر بن عبد الله يقول,,,,,
adam_normalized_report_86950629373711b608cd853e,adam_report_candidate_2d7b5c7ecb4cc31f512afde0,RESEGMENTED,SRC-TAFSIR-IBN-KATHIR-ADAM,1503,PROPHETIC_HADITH_CANDIDATE,MARFU_CONTEXT_CANDIDATE,3,أبي عثمان,,,,,
adam_normalized_report_feebb3668e596a91dbbbaf66,adam_report_candidate_707702d80a9d007f9d6e6a4a,PASSTHROUGH_SINGLE,SRC-TAFSIR-IBN-KATHIR-ADAM,1503,EARLY_REPORT_CANDIDATE,UNRESOLVED_REPORT_FORM_CANDIDATE,1,تعالى,,,,,
adam_normalized_report_ad7525ab81325c4b719b8791,adam_report_candidate_f26d1a5210e6d4bb9c379b6e,PASSTHROUGH_SINGLE,SRC-TAFSIR-IBN-KATHIR-ADAM,1503,PROPHETIC_HADITH_CANDIDATE,MARFU_CONTEXT_CANDIDATE,6,سعيد به (¬٦). وقال سعيد بن المسيب,,,,,
adam_normalized_report_26f834fd8f977ded3d64cda7,adam_report_candidate_b4bfd9706bd5dd086acf64ce,PASSTHROUGH_SINGLE,SRC-TAFSIR-IBN-KATHIR-ADAM,1503,EARLY_REPORT_CANDIDATE,MAWQUF_OR_TAFSIR_REPORT_CANDIDATE,4,صالح مولى التوأمة وشريك بن أبي نمر - أحدهما أو كلاهما - عن ابن عباس قال,,,,,
adam_normalized_report_53998e7354ba7ea76faf8cae,adam_report_candidate_2c92ae4139966fe3c672ef52,PASSTHROUGH_SINGLE,SRC-TAFSIR-IBN-KATHIR-ADAM,1503,EARLY_REPORT_CANDIDATE,MAWQUF_OR_TAFSIR_REPORT_CANDIDATE,3,ابن عباس ﴿مِنْ سُلَالَةٍ مِنْ طِينٍ﴾ قال,,,,,
adam_normalized_report_855626bc231470a42ad3cc42,adam_report_candidate_f3480ad21da5c23a3b11b96b,RESEGMENTED,SRC-TAFSIR-IBN-KATHIR-ADAM,1503,PROPHETIC_HADITH_CANDIDATE,MARFU_CONTEXT_CANDIDATE,2,النَّبِيّ ﷺ قال,NO_DETERMINISTIC_SPLIT_FOUND | REQUESTED_RESEGMENTATION_NOT_ACHIEVED,,,,
adam_normalized_report_24e3136a377945fc4b001582,adam_report_candidate_48106ab13d57439890b643c8,RESEGMENTED,SRC-TAFSIR-IBN-KATHIR-ADAM,1503,EARLY_REPORT_CANDIDATE,MAWQUF_OR_TAFSIR_REPORT_CANDIDATE,4,ابن عباس ﴿ثُمَّ أَنْشَأْنَاهُ خَلْقًا آخَرَ﴾ يعني,NO_DETERMINISTIC_SPLIT_FOUND | REQUESTED_RESEGMENTATION_NOT_ACHIEVED,,,,
adam_normalized_report_68eae5035936c00db433ef79,adam_report_candidate_000a662d9c7d270014c315e5,PASSTHROUGH_SINGLE,SRC-TAFSIR-IBN-KATHIR-ADAM,1503,PROPHETIC_HADITH_CANDIDATE,MARFU_CONTEXT_CANDIDATE,4,رسول اللَّه ﷺ,,,,,
adam_normalized_report_165c4679ecc16f4017cac13c,adam_report_candidate_2f36b4cc2e54ae007f565a8f,RESEGMENTED,SRC-TAFSIR-IBN-KATHIR-ADAM,1503,EARLY_REPORT_CANDIDATE,UNRESOLVED_REPORT_FORM_CANDIDATE,0,,NO_DETERMINISTIC_SPLIT_FOUND | REQUESTED_RESEGMENTATION_NOT_ACHIEVED,,,,
adam_normalized_report_3224065d2f96969e803977d4,adam_report_candidate_6e17e75dfff9fac2a993e65c,RESEGMENTED,SRC-TAFSIR-IBN-KATHIR-ADAM,1503,EARLY_REPORT_CANDIDATE,UNRESOLVED_REPORT_FORM_CANDIDATE,3,عبد اللَّه -هو ابن مسعود ﵁- قال,NO_DETERMINISTIC_SPLIT_FOUND | REQUESTED_RESEGMENTATION_NOT_ACHIEVED,,,,
adam_normalized_report_2f353ff11aab0c1f30e68298,adam_report_candidate_f257c651ec010700ef1ed4e3,RESEGMENTED,SRC-TAFSIR-IBN-KATHIR-ADAM,1503,PROPHETIC_HADITH_CANDIDATE,MARFU_CONTEXT_CANDIDATE,3,زيد بن ثابت الأنصاري قال,NO_DETERMINISTIC_SPLIT_FOUND | REQUESTED_RESEGMENTATION_NOT_ACHIEVED,,,,
adam_normalized_report_a76af60d8a0572bdd661686b,adam_report_candidate_166c6f39b42882acd1ca699e,RESEGMENTED,SRC-TAFSIR-IBN-KATHIR-ADAM,1503,EARLY_REPORT_CANDIDATE,UNRESOLVED_REPORT_FORM_CANDIDATE,2,عمر -يعني,NO_DETERMINISTIC_SPLIT_FOUND | REQUESTED_RESEGMENTATION_NOT_ACHIEVED,,,,
adam_normalized_report_fbb1dec11ec7977dd1db9ca8,adam_report_candidate_c78f5d900b56e8f0e9d737b6,PASSTHROUGH_SINGLE,SRC-TAFSIR-IBN-KATHIR-ADAM,1503,QURAN_EXEGESIS_CONTEXT_CANDIDATE,MAQTU_OR_TAFSIR_REPORT_CANDIDATE,0,,,,,,
adam_normalized_report_1815e6808fbb9dd5699203e4,adam_report_candidate_2789bd466cf5147c971ee79e,RESEGMENTED,SRC-TAFSIR-IBN-KATHIR-ADAM,1503,EARLY_REPORT_CANDIDATE,UNRESOLVED_REPORT_FORM_CANDIDATE,1,يحيى بن سعيد وغندر قالا,NO_DETERMINISTIC_SPLIT_FOUND | REQUESTED_RESEGMENTATION_NOT_ACHIEVED,,,,
adam_normalized_report_c33836dea73fc5265def3e26,adam_report_candidate_068dedcee4afe8fb1a2b03a8,RESEGMENTED,SRC-TAFSIR-IBN-KATHIR-ADAM,1503,PROPHETIC_HADITH_CANDIDATE,MARFU_CONTEXT_CANDIDATE,4,رسول الله ﷺ,NO_DETERMINISTIC_SPLIT_FOUND | REQUESTED_RESEGMENTATION_NOT_ACHIEVED,,,,
adam_normalized_report_b3e817ff6bcb28c5ec63b5ff,adam_report_candidate_01110d82600aba31212014bb,PASSTHROUGH_SINGLE,SRC-TAFSIR-IBN-KATHIR-ADAM,1503,EARLY_REPORT_CANDIDATE,UNRESOLVED_REPORT_FORM_CANDIDATE,1,الطبراني,,,,,
adam_normalized_report_93d1fb6a6d751146658b7738,adam_report_candidate_8ab7309512b8abb5bad9f8e9,RESEGMENTED,SRC-TAFSIR-IBN-KATHIR-ADAM,1503,PROPHETIC_HADITH_CANDIDATE,MARFU_CONTEXT_CANDIDATE,5,النبي ﷺ,NO_DETERMINISTIC_SPLIT_FOUND | REQUESTED_RESEGMENTATION_NOT_ACHIEVED,,,,
adam_normalized_report_c5f1d90b494fccc1c1ef0659,adam_report_candidate_6d24ebdf089d7cba172cab19,RESEGMENTED,SRC-TAFSIR-IBN-KATHIR-ADAM,1503,PROPHETIC_HADITH_CANDIDATE,MARFU_CONTEXT_CANDIDATE,5,جابر قال,NO_DETERMINISTIC_SPLIT_FOUND | REQUESTED_RESEGMENTATION_NOT_ACHIEVED,,,,
adam_normalized_report_2d354c0b89af9552bf864c1b,adam_report_candidate_ffec0eeb0e168899767342af,PASSTHROUGH_SINGLE,SRC-TAFSIR-IBN-KATHIR-ADAM,1503,QURAN_EXEGESIS_CONTEXT_CANDIDATE,UNRESOLVED_REPORT_FORM_CANDIDATE,0,,,,,,
adam_normalized_report_5e1bda6b9c03f1c0873e81f0,adam_report_candidate_d66e82c8d679956e0ba29ea3,RESEGMENTED,SRC-TAFSIR-IBN-KATHIR-ADAM,1503,PROPHETIC_HADITH_CANDIDATE,MARFU_CONTEXT_CANDIDATE,13,النبي ﷺ بنحو من هذا السياق (¬٢).,NO_DETERMINISTIC_SPLIT_FOUND | REQUESTED_RESEGMENTATION_NOT_ACHIEVED,,,,
adam_normalized_report_aa17c65daae210088d4f0b3e,adam_report_candidate_9624e1ab1b14d23e4200dbd9,RESEGMENTED,SRC-TAFSIR-IBN-KATHIR-ADAM,1503,PROPHETIC_HADITH_CANDIDATE,MARFU_CONTEXT_CANDIDATE,6,عمرو بن شمر,MULTIPLE_STRONG_STARTS_REMAIN | NO_DETERMINISTIC_SPLIT_FOUND | REQUESTED_RESEGMENTATION_NOT_ACHIEVED,,,,
adam_normalized_report_51e7a4f47726fbb49f18c28b,adam_report_candidate_38ba9d020c7a5f7435a9e2f2,PASSTHROUGH_SINGLE,SRC-TAFSIR-IBN-KATHIR-ADAM,1503,QURAN_EXEGESIS_CONTEXT_CANDIDATE,UNRESOLVED_REPORT_FORM_CANDIDATE,0,,,,,,
adam_normalized_report_5816c7bdadbe515e3ed25708,adam_report_candidate_871b7cf8b3ab092ff81966fd,RESEGMENTED,SRC-TAFSIR-IBN-KATHIR-ADAM,1503,PROPHETIC_HADITH_CANDIDATE,MARFU_CONTEXT_CANDIDATE,0,,,,,,
adam_normalized_report_729b8a7a293eb94d501a72ab,adam_report_candidate_871b7cf8b3ab092ff81966fd,RESEGMENTED,SRC-TAFSIR-IBN-KATHIR-ADAM,1503,EARLY_REPORT_CANDIDATE,UNRESOLVED_REPORT_FORM_CANDIDATE,8,معاذ ﵁ قال,MULTIPLE_STRONG_STARTS_REMAIN,,,,
adam_normalized_report_8db23db919b067d8e08392ce,adam_report_candidate_276a13b54f1b54660aa02641,PASSTHROUGH_SINGLE,SRC-TAFSIR-IBN-KATHIR-ADAM,1503,EARLY_REPORT_CANDIDATE,UNRESOLVED_REPORT_FORM_CANDIDATE,5,مسروق قال,,,,,
adam_normalized_report_b09412f408f1f2f5a1822e29,adam_report_candidate_f61c9f5bacc4fab2febeb2a1,PASSTHROUGH_SINGLE,SRC-TAFSIR-SAADI-ADAM,42,QURAN_EXEGESIS_CONTEXT_CANDIDATE,UNRESOLVED_REPORT_FORM_CANDIDATE,0,,,,,,
adam_normalized_report_211fb63e45cfdf7af2b19791,adam_report_candidate_77b58ea37aeb52d6cb930c64,PASSTHROUGH_SINGLE,SRC-TAFSIR-SAADI-ADAM,42,QURAN_EXEGESIS_CONTEXT_CANDIDATE,UNRESOLVED_REPORT_FORM_CANDIDATE,0,,,,,,
adam_normalized_report_bad08458edf071552f000292,adam_report_candidate_b37a8ac9425a4558a4c801f4,PASSTHROUGH_SINGLE,SRC-TAFSIR-SAADI-ADAM,42,QURAN_EXEGESIS_CONTEXT_CANDIDATE,UNRESOLVED_REPORT_FORM_CANDIDATE,0,,,,,,
adam_normalized_report_4a4b3f56d9cb8f4d90f7bbb0,adam_report_candidate_497c10e2320030fcb131c07c,PASSTHROUGH_SINGLE,SRC-TAFSIR-SAADI-ADAM,42,QURAN_EXEGESIS_CONTEXT_CANDIDATE,UNRESOLVED_REPORT_FORM_CANDIDATE,0,,,,,,
adam_normalized_report_3245bc590665136856edcf7a,adam_report_candidate_bf6199bafb6eb768b6bcc71e,RESEGMENTED,SRC-TAFSIR-SAADI-ADAM,42,QURAN_EXEGESIS_CONTEXT_CANDIDATE,UNRESOLVED_REPORT_FORM_CANDIDATE,0,,NO_DETERMINISTIC_SPLIT_FOUND | REQUESTED_RESEGMENTATION_NOT_ACHIEVED,,,,
adam_normalized_report_0644e3105dd55822fd0f99d2,adam_report_candidate_546c24d260fb2d5163baa06d,PASSTHROUGH_SINGLE,SRC-TAFSIR-SAADI-ADAM,42,EARLY_REPORT_CANDIDATE,UNRESOLVED_REPORT_FORM_CANDIDATE,1,تعالى ﴿فماذا بعد الحق إلا الضلال﴾ وبهذه القاعدة الشرعية تنحل عن الإنسان إشكالات كثيرة يوردها المتكلمون ويرتبها المنطقيون,,,,,
adam_normalized_report_b94ed95ec70361335a1b622e,adam_report_candidate_ef297ba0b18f50d08d80ac5a,PASSTHROUGH_SINGLE,SRC-TAFSIR-SAADI-ADAM,42,QURAN_EXEGESIS_CONTEXT_CANDIDATE,UNRESOLVED_REPORT_FORM_CANDIDATE,0,,,,,,
adam_normalized_report_bc56b086e801f483e5d1d3cb,adam_report_candidate_08e2f7ab61328c28aaa04966,PASSTHROUGH_SINGLE,SRC-TAFSIR-SAADI-ADAM,42,QURAN_EXEGESIS_CONTEXT_CANDIDATE,UNRESOLVED_REPORT_FORM_CANDIDATE,0,,,,,,
adam_normalized_report_b63ea9b1a83c3d2f81083b36,adam_report_candidate_98e19ae6919053840b21c40a,RESEGMENTED,SRC-TAFSIR-SAADI-ADAM,42,QURAN_EXEGESIS_CONTEXT_CANDIDATE,UNRESOLVED_REPORT_FORM_CANDIDATE,0,,NO_DETERMINISTIC_SPLIT_FOUND | REQUESTED_RESEGMENTATION_NOT_ACHIEVED,,,,
adam_normalized_report_c32eb54536b37d24de1f5c88,adam_report_candidate_de03518eb7f1ddcdc0946099,PASSTHROUGH_SINGLE,SRC-TAFSIR-SAADI-ADAM,42,EARLY_REPORT_CANDIDATE,UNRESOLVED_REPORT_FORM_CANDIDATE,2,تعالى,,,,,
adam_normalized_report_54c02922b94e0451c206167f,adam_report_candidate_55dd1e0f0bafee8d951576c0 | adam_report_candidate_b9aa0696016537247a364c45,MERGED_THEN_RESEGMENTED,SRC-TAFSIR-SAADI-ADAM,42,EARLY_REPORT_CANDIDATE,UNRESOLVED_REPORT_FORM_CANDIDATE,1,الله لإبليس لما قال ما قال,NO_DETERMINISTIC_SPLIT_FOUND,,,,
adam_normalized_report_da0d13620b332d63a830dd1b,adam_report_candidate_dce52880cb241e8f6cc4189e,PASSTHROUGH_SINGLE,SRC-TAFSIR-SAADI-ADAM,42,QURAN_EXEGESIS_CONTEXT_CANDIDATE,UNRESOLVED_REPORT_FORM_CANDIDATE,0,,,,,,
adam_normalized_report_58ffe52995b57c8dfb8f2118,adam_report_candidate_5f4cc42746f586358f956df0,RESEGMENTED,SRC-TAFSIR-SAADI-ADAM,42,EARLY_REPORT_CANDIDATE,UNRESOLVED_REPORT_FORM_CANDIDATE,1,الله,NO_DETERMINISTIC_SPLIT_FOUND | REQUESTED_RESEGMENTATION_NOT_ACHIEVED,,,,
adam_normalized_report_0fbd12ee70b26a037b0a0103,adam_report_candidate_84c3c2bcbce505dfa5174b0f,PASSTHROUGH_SINGLE,SRC-TAFSIR-SAADI-ADAM,42,EARLY_REPORT_CANDIDATE,UNRESOLVED_REPORT_FORM_CANDIDATE,1,ما يوجب ذلك من أوصافه تعالى فقال,,,,,
adam_normalized_report_495c755ee11102555a089f88,adam_report_candidate_248605f1e1c75bba985f113f,PASSTHROUGH_SINGLE,SRC-TAFSIR-SAADI-ADAM,42,QURAN_EXEGESIS_CONTEXT_CANDIDATE,UNRESOLVED_REPORT_FORM_CANDIDATE,0,,,,,,
adam_normalized_report_47f05e2aad84812957b43450,adam_report_candidate_f72886330a3b24123fde2ca5,PASSTHROUGH_SINGLE,SRC-TAFSIR-SAADI-ADAM,42,QURAN_EXEGESIS_CONTEXT_CANDIDATE,UNRESOLVED_REPORT_FORM_CANDIDATE,0,,,,,,
adam_normalized_report_8ea5541a942d5bbd8c4613ee,adam_report_candidate_7acf23236a50622ec0ebeb98,PASSTHROUGH_SINGLE,SRC-TAFSIR-SAADI-ADAM,42,EARLY_REPORT_CANDIDATE,UNRESOLVED_REPORT_FORM_CANDIDATE,2,تعالى,,,,,
adam_normalized_report_01099302de0f9d5d3739b27d,adam_report_candidate_618e8c93fffa92b3772ce90a,PASSTHROUGH_SINGLE,SRC-TAFSIR-SAADI-ADAM,42,QURAN_EXEGESIS_CONTEXT_CANDIDATE,UNRESOLVED_REPORT_FORM_CANDIDATE,0,,,,,,
adam_normalized_report_ba8948b9b088b0a7a9ba6eef,adam_report_candidate_6720f26bd00fd85e3d09d82c | adam_report_candidate_eb0720b52dae0503fa60cb2f,MERGED,SRC-TAFSIR-SAADI-ADAM,42,QURAN_EXEGESIS_CONTEXT_CANDIDATE,UNRESOLVED_REPORT_FORM_CANDIDATE,0,,,,,,
adam_normalized_report_9c0b925782c5fde06b905633,adam_report_candidate_284023f48e496d1734e93dc8,PASSTHROUGH_SINGLE,SRC-TAFSIR-SAADI-ADAM,42,QURAN_EXEGESIS_CONTEXT_CANDIDATE,UNRESOLVED_REPORT_FORM_CANDIDATE,0,,,,,,
adam_normalized_report_2cfd416ef02c78588c9d6bd7,adam_report_candidate_f62045a69b2f791cf8b4c637,PASSTHROUGH_SINGLE,SRC-TAFSIR-SAADI-ADAM,42,QURAN_EXEGESIS_CONTEXT_CANDIDATE,UNRESOLVED_REPORT_FORM_CANDIDATE,0,,,,,,
adam_normalized_report_5347518b0884b711cba1dedc,adam_report_candidate_b832da65175cbe941a30d076,PASSTHROUGH_SINGLE,SRC-TAFSIR-SAADI-ADAM,42,QURAN_EXEGESIS_CONTEXT_CANDIDATE,UNRESOLVED_REPORT_FORM_CANDIDATE,0,,,,,,
adam_normalized_report_2b49e65d2cdfa5a418b1e41f,adam_report_candidate_2ca7f8b0e9fb5c70254252ff,PASSTHROUGH_SINGLE,SRC-TAFSIR-SAADI-ADAM,42,PROPHETIC_HADITH_CANDIDATE,MARFU_CONTEXT_CANDIDATE,1,تعالى,,,,,
adam_normalized_report_907f0c8a32a07f25c9be2807,adam_report_candidate_bd5ba8fae92a5700457fb329,PASSTHROUGH_SINGLE,SRC-TAFSIR-SAADI-ADAM,42,EARLY_REPORT_CANDIDATE,UNRESOLVED_REPORT_FORM_CANDIDATE,1,الله في هذه الآيات أطوار الآدمي وتنقلاته,,,,,
adam_normalized_report_ec5359934bb32178a405c634,adam_report_candidate_576c9cd6979da31703dfbe8d,PASSTHROUGH_SINGLE,SRC-TAFSIR-SAADI-ADAM,42,EARLY_REPORT_CANDIDATE,UNRESOLVED_REPORT_FORM_CANDIDATE,1,سكنه,,,,,
adam_normalized_report_6629250a511125ea81e77983,adam_report_candidate_2984cdc1f2fd0df2f434318f,PASSTHROUGH_SINGLE,SRC-TAFSIR-SAADI-ADAM,42,QURAN_EXEGESIS_CONTEXT_CANDIDATE,UNRESOLVED_REPORT_FORM_CANDIDATE,0,,,,,,
adam_normalized_report_0951467e186920b9e4dbf26c,adam_report_candidate_41860d29f8af372356d679c6,PASSTHROUGH_SINGLE,SRC-TAFSIR-SAADI-ADAM,42,QURAN_EXEGESIS_CONTEXT_CANDIDATE,UNRESOLVED_REPORT_FORM_CANDIDATE,0,,,,,,
adam_normalized_report_cdae2a5f4f97ed605ea87160,adam_report_candidate_0c1e38eadba6ce2dd875cf48,PASSTHROUGH_SINGLE,SRC-TAFSIR-SAADI-ADAM,42,QURAN_EXEGESIS_CONTEXT_CANDIDATE,UNRESOLVED_REPORT_FORM_CANDIDATE,0,,,,,,
adam_normalized_report_b5ee781b63104dea75652f31,adam_report_candidate_627efef661f84ff4e76f6da1,PASSTHROUGH_SINGLE,SRC-TAFSIR-SAADI-ADAM,42,EARLY_REPORT_CANDIDATE,UNRESOLVED_REPORT_FORM_CANDIDATE,1,فضله على ابنه سليمان,,,,,
adam_normalized_report_f58742e38e69d4b28db86b60,adam_report_candidate_50cc5f797db2182a8fa811aa,PASSTHROUGH_SINGLE,SRC-TAFSIR-SAADI-ADAM,42,QURAN_EXEGESIS_CONTEXT_CANDIDATE,UNRESOLVED_REPORT_FORM_CANDIDATE,0,,,,,,
adam_normalized_report_6785f6ea5b019440ab471c84,adam_report_candidate_19327c4ad2e4dc36cd042b45,RESEGMENTED,SRC-TAFSIR-SAADI-ADAM,42,QURAN_EXEGESIS_CONTEXT_CANDIDATE,UNRESOLVED_REPORT_FORM_CANDIDATE,0,,NO_DETERMINISTIC_SPLIT_FOUND | REQUESTED_RESEGMENTATION_NOT_ACHIEVED,,,,
adam_normalized_report_22983b621f890fcb396ab1ee,adam_report_candidate_aa34f2ca4f7af34a312dcfd3,RESEGMENTED,SRC-TAFSIR-SAADI-ADAM,42,QURAN_EXEGESIS_CONTEXT_CANDIDATE,UNRESOLVED_REPORT_FORM_CANDIDATE,0,,NO_DETERMINISTIC_SPLIT_FOUND | REQUESTED_RESEGMENTATION_NOT_ACHIEVED,,,,
adam_normalized_report_08eec2e874c34ea378123d36,adam_report_candidate_7108d6718045e2dcc00868a0,PASSTHROUGH_SINGLE,SRC-TAFSIR-SAADI-ADAM,42,QURAN_EXEGESIS_CONTEXT_CANDIDATE,UNRESOLVED_REPORT_FORM_CANDIDATE,0,,,,,,
adam_normalized_report_f079b0621718af474c4fc369,adam_report_candidate_e50d641115449f4c2e001cc6,PASSTHROUGH_SINGLE,SRC-TAFSIR-SAADI-ADAM,42,QURAN_EXEGESIS_CONTEXT_CANDIDATE,UNRESOLVED_REPORT_FORM_CANDIDATE,0,,,,,,
adam_normalized_report_a73525bb09dca2e084fa0ab9,adam_report_candidate_b956241f8aee20e628f7bd3b,PASSTHROUGH_SINGLE,SRC-TAFSIR-SAADI-ADAM,42,QURAN_EXEGESIS_CONTEXT_CANDIDATE,UNRESOLVED_REPORT_FORM_CANDIDATE,0,,,,,,
adam_normalized_report_f58e44fa4638fc6e444d265b,adam_report_candidate_f3deaf3e93ab46db1b04d3e2,PASSTHROUGH_SINGLE,SRC-TAFSIR-SAADI-ADAM,42,EARLY_REPORT_CANDIDATE,UNRESOLVED_REPORT_FORM_CANDIDATE,1,الله في هذه السورة الكريمة أول حالة الإنسان ومبتدأها ومتوسطها ومنتهاها.,,,,,
adam_normalized_report_71ba18a097702d8a18d0cb0b,adam_report_candidate_bc22c31a125cd997ce6b8c60,RESEGMENTED,SRC-TAFSIR-TABARI-ADAM,7798,AUTHORIAL_COMMENTARY_CANDIDATE,UNRESOLVED_REPORT_FORM_CANDIDATE,1,أبو جعفرٍ,MULTIPLE_STRONG_STARTS_REMAIN | NO_DETERMINISTIC_SPLIT_FOUND | REQUESTED_RESEGMENTATION_NOT_ACHIEVED,,,,
adam_normalized_report_920185a0f72ad20e7b8a83b2,adam_report_candidate_224db1185e318e1ee75d8289,RESEGMENTED,SRC-TAFSIR-TABARI-ADAM,7798,PROPHETIC_HADITH_CANDIDATE,MARFU_CONTEXT_CANDIDATE,2,ابنِ سابطٍ,NO_DETERMINISTIC_SPLIT_FOUND | REQUESTED_RESEGMENTATION_NOT_ACHIEVED,,,,
adam_normalized_report_3979ff05134851d4e51b49d0,adam_report_candidate_13e9e0419212dc9fd1799989,RESEGMENTED,SRC-TAFSIR-TABARI-ADAM,7798,SOURCE_PASSAGE_CONTEXT_CANDIDATE,UNRESOLVED_REPORT_FORM_CANDIDATE,0,,NO_DETERMINISTIC_SPLIT_FOUND | REQUESTED_RESEGMENTATION_NOT_ACHIEVED,,,,
adam_normalized_report_3a5984851b3f05ad27e7ff19,adam_report_candidate_17539fe48f58fa804f498d1a,RESEGMENTED,SRC-TAFSIR-TABARI-ADAM,7798,EARLY_REPORT_CANDIDATE,UNRESOLVED_REPORT_FORM_CANDIDATE,4,ابنِ,MULTIPLE_STRONG_STARTS_REMAIN | NO_DETERMINISTIC_SPLIT_FOUND | REQUESTED_RESEGMENTATION_NOT_ACHIEVED,,,,
adam_normalized_report_7150fe36e1bb0abd22415b4d,adam_report_candidate_5e2a7823552bb754af9d94eb,RESEGMENTED,SRC-TAFSIR-TABARI-ADAM,7798,EARLY_REPORT_CANDIDATE,UNRESOLVED_REPORT_FORM_CANDIDATE,2,الربيعِ بنِ أنسٍ في قولِه,NO_DETERMINISTIC_SPLIT_FOUND | REQUESTED_RESEGMENTATION_NOT_ACHIEVED,,,,
adam_normalized_report_a96fccc47f11d8246f4cbad2,adam_report_candidate_0ba865f6e567a1ca2c4881c5,RESEGMENTED,SRC-TAFSIR-TABARI-ADAM,7798,QURAN_EXEGESIS_CONTEXT_CANDIDATE,UNRESOLVED_REPORT_FORM_CANDIDATE,0,,MULTIPLE_STRONG_STARTS_REMAIN | NO_DETERMINISTIC_SPLIT_FOUND | REQUESTED_RESEGMENTATION_NOT_ACHIEVED,,,,
adam_normalized_report_028d6ee0a375d0b92a6c3d73,adam_report_candidate_af1559358f9235d822eb7e50,RESEGMENTED,SRC-TAFSIR-TABARI-ADAM,7798,EARLY_REPORT_CANDIDATE,UNRESOLVED_REPORT_FORM_CANDIDATE,2,ابنِ سابطٍ في قولِه,NO_DETERMINISTIC_SPLIT_FOUND | REQUESTED_RESEGMENTATION_NOT_ACHIEVED,,,,
adam_normalized_report_91a290080ee481c8902faa02,adam_report_candidate_338e9df90981a1a4103990a8,RESEGMENTED,SRC-TAFSIR-TABARI-ADAM,7798,EARLY_REPORT_CANDIDATE,UNRESOLVED_REPORT_FORM_CANDIDATE,3,اللهُ للملائكةِ,NO_DETERMINISTIC_SPLIT_FOUND | REQUESTED_RESEGMENTATION_NOT_ACHIEVED,,,,
adam_normalized_report_bf45d1529b744edaf837ab53,adam_report_candidate_51b2136c9ba52490fbd78155,RESEGMENTED,SRC-TAFSIR-TABARI-ADAM,7798,EARLY_REPORT_CANDIDATE,MAWQUF_OR_TAFSIR_REPORT_CANDIDATE,2,ابنِ مسعودٍ] (¬٥) وعن ناسٍ مِن أصحابِ النَّبِيِّ ﷺ,NO_DETERMINISTIC_SPLIT_FOUND | REQUESTED_RESEGMENTATION_NOT_ACHIEVED,,,,
adam_normalized_report_d646d4ee5e7db62f3411ff1b,adam_report_candidate_63ee043cf2d94a84d827db8c,RESEGMENTED,SRC-TAFSIR-TABARI-ADAM,7798,EARLY_REPORT_CANDIDATE,UNRESOLVED_REPORT_FORM_CANDIDATE,0,,NO_DETERMINISTIC_SPLIT_FOUND | REQUESTED_RESEGMENTATION_NOT_ACHIEVED,,,,
adam_normalized_report_d6fcae29b2b8119defdb1644,adam_report_candidate_a6c275564e973f43bff3d3a3,RESEGMENTED,SRC-TAFSIR-TABARI-ADAM,7798,QURAN_EXEGESIS_CONTEXT_CANDIDATE,UNRESOLVED_REPORT_FORM_CANDIDATE,0,,NO_DETERMINISTIC_SPLIT_FOUND | REQUESTED_RESEGMENTATION_NOT_ACHIEVED,,,,
adam_normalized_report_96d1a62cbd0ed7c5d3337972,adam_report_candidate_0299f25e46eae8377ea53a25,PASSTHROUGH_SINGLE,SRC-TAFSIR-TABARI-ADAM,7798,QURAN_EXEGESIS_CONTEXT_CANDIDATE,UNRESOLVED_REPORT_FORM_CANDIDATE,0,,,,,,
adam_normalized_report_08c89303b773750c564ce054,adam_report_candidate_f3c4ec3b6d23f80df9f5076d,RESEGMENTED,SRC-TAFSIR-TABARI-ADAM,7798,EARLY_REPORT_CANDIDATE,MAWQUF_OR_TAFSIR_REPORT_CANDIDATE,3,ابنِ عباسٍ,NO_DETERMINISTIC_SPLIT_FOUND | REQUESTED_RESEGMENTATION_NOT_ACHIEVED,,,,
adam_normalized_report_72e48542f149e060a3ed2a11,adam_report_candidate_95eaaedab520286416dccd69,RESEGMENTED,SRC-TAFSIR-TABARI-ADAM,7798,QURAN_EXEGESIS_CONTEXT_CANDIDATE,MAWQUF_OR_TAFSIR_REPORT_CANDIDATE,0,,NO_DETERMINISTIC_SPLIT_FOUND | REQUESTED_RESEGMENTATION_NOT_ACHIEVED,,,,
adam_normalized_report_dd31da27db795dd88f79196a,adam_report_candidate_b2ff8547e40062c4e83830a1,PASSTHROUGH_SINGLE,SRC-TAFSIR-TABARI-ADAM,7798,QURAN_EXEGESIS_CONTEXT_CANDIDATE,UNRESOLVED_REPORT_FORM_CANDIDATE,0,,,,,,
adam_normalized_report_289f0a7e3f7c9312a33c459b,adam_report_candidate_cb1ee72f3b0949233042c5ed,PASSTHROUGH_SINGLE,SRC-TAFSIR-TABARI-ADAM,7798,QURAN_EXEGESIS_CONTEXT_CANDIDATE,UNRESOLVED_REPORT_FORM_CANDIDATE,0,,,,,,
adam_normalized_report_20e0a155e0d2d0db229f1d39,adam_report_candidate_82e91949c2e10df246fc12f2,PASSTHROUGH_SINGLE,SRC-TAFSIR-TABARI-ADAM,7798,QURAN_EXEGESIS_CONTEXT_CANDIDATE,MAWQUF_OR_TAFSIR_REPORT_CANDIDATE,0,,,,,,
adam_normalized_report_0b1f0f39a27925e10e2eeabd,adam_report_candidate_cdca100647d79e40e4f9ff86,RESEGMENTED,SRC-TAFSIR-TABARI-ADAM,7798,EARLY_REPORT_CANDIDATE,MAWQUF_OR_TAFSIR_REPORT_CANDIDATE,3,ابنِ مسعودٍ,NO_DETERMINISTIC_SPLIT_FOUND | REQUESTED_RESEGMENTATION_NOT_ACHIEVED,,,,
adam_normalized_report_968d1a889c5cd42d6e13b135,adam_report_candidate_40de4afbbd7d01c5ff9e308e,RESEGMENTED,SRC-TAFSIR-TABARI-ADAM,7798,QURAN_EXEGESIS_CONTEXT_CANDIDATE,MAWQUF_OR_TAFSIR_REPORT_CANDIDATE,0,,NO_DETERMINISTIC_SPLIT_FOUND | REQUESTED_RESEGMENTATION_NOT_ACHIEVED,,,,
adam_normalized_report_682f2619c308b4a78f26be96,adam_report_candidate_e64a8124f6fbca89895bd75c,PASSTHROUGH_SINGLE,SRC-TAFSIR-TABARI-ADAM,7798,QURAN_EXEGESIS_CONTEXT_CANDIDATE,UNRESOLVED_REPORT_FORM_CANDIDATE,0,,,,,,
adam_normalized_report_a83ee770203da70e0b9196d7,adam_report_candidate_fd88bbb7dee5cd3725a9b72f,RESEGMENTED,SRC-TAFSIR-TABARI-ADAM,7798,EARLY_REPORT_CANDIDATE,UNRESOLVED_REPORT_FORM_CANDIDATE,0,,NO_DETERMINISTIC_SPLIT_FOUND | REQUESTED_RESEGMENTATION_NOT_ACHIEVED,,,,
adam_normalized_report_aa2ef5e56dbae2aee35734f5,adam_report_candidate_7aad8e8b52ae614b44ed0635,PASSTHROUGH_SINGLE,SRC-TAFSIR-TABARI-ADAM,7798,EARLY_REPORT_CANDIDATE,UNRESOLVED_REPORT_FORM_CANDIDATE,1,للملائكةِ,,,,,
adam_normalized_report_afdeffadc997008e8e34bf75,adam_report_candidate_f9d7bcfc56002352d5c28355,PASSTHROUGH_SINGLE,SRC-TAFSIR-TABARI-ADAM,7798,QURAN_EXEGESIS_CONTEXT_CANDIDATE,MAWQUF_OR_TAFSIR_REPORT_CANDIDATE,0,,,,,,
adam_normalized_report_cf8fda691f9a889061a1ee5d,adam_report_candidate_94a66cebced768fc6d05bc2e,PASSTHROUGH_SINGLE,SRC-TAFSIR-TABARI-ADAM,7798,QURAN_EXEGESIS_CONTEXT_CANDIDATE,UNRESOLVED_REPORT_FORM_CANDIDATE,0,,,,,,
adam_normalized_report_8d6e8389ca0f66bad4844916,adam_report_candidate_6b70e0f77c5fca04a3b7a124,RESEGMENTED,SRC-TAFSIR-TABARI-ADAM,7798,EARLY_REPORT_CANDIDATE,UNRESOLVED_REPORT_FORM_CANDIDATE,2,عبدِ الرحمنِ بنِ سابطٍ قولَه,NO_DETERMINISTIC_SPLIT_FOUND | REQUESTED_RESEGMENTATION_NOT_ACHIEVED,,,,
adam_normalized_report_d0f9790e49633b989d7bb8be,adam_report_candidate_8534dc468eb6618961700313,RESEGMENTED,SRC-TAFSIR-TABARI-ADAM,7798,EARLY_REPORT_CANDIDATE,UNRESOLVED_REPORT_FORM_CANDIDATE,1,قتادةَ قولَه,NO_DETERMINISTIC_SPLIT_FOUND | REQUESTED_RESEGMENTATION_NOT_ACHIEVED,,,,
adam_normalized_report_d5e9ed14f90f435c8fc1efeb,adam_report_candidate_ac8ccf787e1a7935be4755f1,RESEGMENTED,SRC-TAFSIR-TABARI-ADAM,7798,EARLY_REPORT_CANDIDATE,UNRESOLVED_REPORT_FORM_CANDIDATE,0,,NO_DETERMINISTIC_SPLIT_FOUND | REQUESTED_RESEGMENTATION_NOT_ACHIEVED,,,,
adam_normalized_report_5f5819130eb834122d3a7b64,adam_report_candidate_886b596a5131becf1b73aad3,RESEGMENTED,SRC-TAFSIR-TABARI-ADAM,7798,QURAN_EXEGESIS_CONTEXT_CANDIDATE,UNRESOLVED_REPORT_FORM_CANDIDATE,0,,NO_DETERMINISTIC_SPLIT_FOUND | POSSIBLE_MID_REPORT_FRAGMENT | REQUESTED_RESEGMENTATION_NOT_ACHIEVED,,,,
adam_normalized_report_8122093d38c2539c8639cee1,adam_report_candidate_21eac37960f5e3653479f554,PASSTHROUGH_SINGLE,SRC-TAFSIR-TABARI-ADAM,7798,EARLY_REPORT_CANDIDATE,UNRESOLVED_REPORT_FORM_CANDIDATE,4,اللهُ لملائكتِه,,,,,
adam_normalized_report_aadbd9f290a436c7eaf42e1f,adam_report_candidate_da07f27cd62d718120ef1856,RESEGMENTED,SRC-TAFSIR-TABARI-ADAM,7798,EARLY_REPORT_CANDIDATE,UNRESOLVED_REPORT_FORM_CANDIDATE,1,قتادةَ في قولِه,MULTIPLE_STRONG_STARTS_REMAIN | NO_DETERMINISTIC_SPLIT_FOUND | REQUESTED_RESEGMENTATION_NOT_ACHIEVED,,,,
adam_normalized_report_14aba6ffbc929e2a225815f3,adam_report_candidate_634b43e8296538a0ac508449,PASSTHROUGH_SINGLE,SRC-TAFSIR-TABARI-ADAM,7798,QURAN_EXEGESIS_CONTEXT_CANDIDATE,UNRESOLVED_REPORT_FORM_CANDIDATE,0,,,,,,
adam_normalized_report_2f9cb485f2a5f4b9e988221b,adam_report_candidate_082046f37b35d8559020399a,RESEGMENTED,SRC-TAFSIR-TABARI-ADAM,7798,EARLY_REPORT_CANDIDATE,UNRESOLVED_REPORT_FORM_CANDIDATE,5,غيرِ (¬٣) الربيع ابنِ أنسٍ,NO_DETERMINISTIC_SPLIT_FOUND | REQUESTED_RESEGMENTATION_NOT_ACHIEVED,,,,
adam_normalized_report_6a7ccab4e19a591aa92ff15d,adam_report_candidate_ebffaaffba2035b4385d653a,RESEGMENTED,SRC-TAFSIR-TABARI-ADAM,7798,EARLY_REPORT_CANDIDATE,UNRESOLVED_REPORT_FORM_CANDIDATE,2,الربيعِ بنِ أنسٍ في قولِه,NO_DETERMINISTIC_SPLIT_FOUND | REQUESTED_RESEGMENTATION_NOT_ACHIEVED,,,,
adam_normalized_report_5f2e8e186f1ea9c4606fc322,adam_report_candidate_d343daa9bbc55b839c613f64,PASSTHROUGH_SINGLE,SRC-TAFSIR-TABARI-ADAM,7798,EARLY_REPORT_CANDIDATE,UNRESOLVED_REPORT_FORM_CANDIDATE,2,عمرُ بنُ الخطابِ,,,,,
adam_normalized_report_9e1ed3c8eabdcabdf7293c0d,adam_report_candidate_ca3c00ae18070e99b45691a2,PASSTHROUGH_SINGLE,SRC-TAFSIR-TABARI-ADAM,7798,QURAN_EXEGESIS_CONTEXT_CANDIDATE,UNRESOLVED_REPORT_FORM_CANDIDATE,0,,,,,,
adam_normalized_report_6b896632b401d89fd0fd48d6,adam_report_candidate_00e1a9d8087223c52408ba27,RESEGMENTED,SRC-TAFSIR-TABARI-ADAM,7798,QURAN_EXEGESIS_CONTEXT_CANDIDATE,UNRESOLVED_REPORT_FORM_CANDIDATE,0,,NO_DETERMINISTIC_SPLIT_FOUND | REQUESTED_RESEGMENTATION_NOT_ACHIEVED,,,,
adam_normalized_report_ac9022152653408822cd3bca,adam_report_candidate_f1f887d3285a184a9bf46808,RESEGMENTED,SRC-TAFSIR-TABARI-ADAM,7798,EARLY_REPORT_CANDIDATE,UNRESOLVED_REPORT_FORM_CANDIDATE,2,اللهُ لمحمدٍ ﷺ,NO_DETERMINISTIC_SPLIT_FOUND | REQUESTED_RESEGMENTATION_NOT_ACHIEVED,,,,
adam_normalized_report_b88a04d9ef7615db9e0d599c,adam_report_candidate_a65d18cb355c53eddbd69194,RESEGMENTED,SRC-TAFSIR-TABARI-ADAM,7798,EARLY_REPORT_CANDIDATE,UNRESOLVED_REPORT_FORM_CANDIDATE,1,ابنُ إسحاقَ,NO_DETERMINISTIC_SPLIT_FOUND | REQUESTED_RESEGMENTATION_NOT_ACHIEVED,,,,
adam_normalized_report_364799c49bef47826f984f88,adam_report_candidate_a8038642ee89b98ab297b27b,RESEGMENTED,SRC-TAFSIR-TABARI-ADAM,7798,EARLY_REPORT_CANDIDATE,UNRESOLVED_REPORT_FORM_CANDIDATE,2,أبو جعفرٍ,NO_DETERMINISTIC_SPLIT_FOUND | REQUESTED_RESEGMENTATION_NOT_ACHIEVED,,,,
adam_normalized_report_51b8616f84ea7a13654771ee,adam_report_candidate_1a75a6cfdec2f47aec68194b,RESEGMENTED,SRC-TAFSIR-TABARI-ADAM,7798,EARLY_REPORT_CANDIDATE,UNRESOLVED_REPORT_FORM_CANDIDATE,0,,NO_DETERMINISTIC_SPLIT_FOUND | REQUESTED_RESEGMENTATION_NOT_ACHIEVED,,,,
adam_normalized_report_1a03b61221fd9c51dc9c2c78,adam_report_candidate_5003349bc8511339ed9170f2,PASSTHROUGH_SINGLE,SRC-TAFSIR-TABARI-ADAM,7798,QURAN_EXEGESIS_CONTEXT_CANDIDATE,MAWQUF_OR_TAFSIR_REPORT_CANDIDATE,0,,,,,,
adam_normalized_report_2696bcf203941bfd3eb9a1ac,adam_report_candidate_1a8566231003d6ea45a6c5ed,PASSTHROUGH_SINGLE,SRC-TAFSIR-TABARI-ADAM,7798,SOURCE_PASSAGE_CONTEXT_CANDIDATE,MAWQUF_OR_TAFSIR_REPORT_CANDIDATE,0,,,,,,
adam_normalized_report_6aa237cfa36b9a772bdd3a32,adam_report_candidate_91d48fcc8aac32a539a55de3,PASSTHROUGH_SINGLE,SRC-TAFSIR-TABARI-ADAM,7798,QURAN_EXEGESIS_CONTEXT_CANDIDATE,UNRESOLVED_REPORT_FORM_CANDIDATE,0,,,,,,
adam_normalized_report_541b99ff01f68782b49827fb,adam_report_candidate_ca382d76a20aa61ef42aab93 | adam_report_candidate_c66fa1a32585cc9a25be8bbb,MERGED_THEN_RESEGMENTED,SRC-TAFSIR-TABARI-ADAM,7798,EARLY_REPORT_CANDIDATE,UNRESOLVED_REPORT_FORM_CANDIDATE,8,مجاهدٍ مثلَه.,MULTIPLE_STRONG_STARTS_REMAIN | NO_DETERMINISTIC_SPLIT_FOUND,,,,
adam_normalized_report_8f0b51aa9fc927405c34889f,adam_report_candidate_67707d6e8436f67cbd918bbb,RESEGMENTED,SRC-TAFSIR-TABARI-ADAM,7798,EARLY_REPORT_CANDIDATE,UNRESOLVED_REPORT_FORM_CANDIDATE,5,حمزةَ,MULTIPLE_STRONG_STARTS_REMAIN | NO_DETERMINISTIC_SPLIT_FOUND | REQUESTED_RESEGMENTATION_NOT_ACHIEVED,,,,
adam_normalized_report_a29f8ad3077fdc9b9cbfc817,adam_report_candidate_e87ca7c71d5f63964c66d3f3,RESEGMENTED,SRC-TAFSIR-TABARI-ADAM,7798,EARLY_REPORT_CANDIDATE,UNRESOLVED_REPORT_FORM_CANDIDATE,3,مجاهدٍ مثلَه (¬٣).,MULTIPLE_STRONG_STARTS_REMAIN | NO_DETERMINISTIC_SPLIT_FOUND | REQUESTED_RESEGMENTATION_NOT_ACHIEVED,,,,
adam_normalized_report_bbd4eb15e69b65512daaeacb,adam_report_candidate_25a76b47419773b374cf4753 | adam_report_candidate_cae4ac941a0fbdfe62b8eb0f,MERGED_THEN_RESEGMENTED,SRC-TAFSIR-TABARI-ADAM,7798,EARLY_REPORT_CANDIDATE,MAQTU_OR_TAFSIR_REPORT_CANDIDATE,2,مجاهدٌ في قولِه,,,,,
adam_normalized_report_ccf961b02d68ac80fc8a489f,adam_report_candidate_de340117faeebf96de504b2a,RESEGMENTED,SRC-TAFSIR-TABARI-ADAM,7798,EARLY_REPORT_CANDIDATE,UNRESOLVED_REPORT_FORM_CANDIDATE,2,مُجاهدٍ في قولِه,MULTIPLE_STRONG_STARTS_REMAIN | NO_DETERMINISTIC_SPLIT_FOUND | REQUESTED_RESEGMENTATION_NOT_ACHIEVED,,,,
adam_normalized_report_eefeb2cc76a25c0427aefd16,adam_report_candidate_25a76b47419773b374cf4753 | adam_report_candidate_cae4ac941a0fbdfe62b8eb0f,MERGED_THEN_RESEGMENTED,SRC-TAFSIR-TABARI-ADAM,7798,EARLY_REPORT_CANDIDATE,UNRESOLVED_REPORT_FORM_CANDIDATE,1,ابنِ,MULTIPLE_STRONG_STARTS_REMAIN,,,,
adam_normalized_report_02d3354e32334eea16857377,adam_report_candidate_d10018060164b58bc9a9d788,RESEGMENTED,SRC-TAFSIR-TABARI-ADAM,7798,EARLY_REPORT_CANDIDATE,UNRESOLVED_REPORT_FORM_CANDIDATE,1,قتادةَ,NO_DETERMINISTIC_SPLIT_FOUND | REQUESTED_RESEGMENTATION_NOT_ACHIEVED,,,,
adam_normalized_report_288470956c1bf84290ac2056,adam_report_candidate_42173f03bcb218909ab861d6 | adam_report_candidate_92a53c3faf469eac7b92f08d,MERGED_THEN_RESEGMENTED,SRC-TAFSIR-TABARI-ADAM,7798,EARLY_REPORT_CANDIDATE,UNRESOLVED_REPORT_FORM_CANDIDATE,1,ابنِ (¬٢) إسحاقَ,MULTIPLE_STRONG_STARTS_REMAIN,,,,
adam_normalized_report_f161b1cef24617922599095c,adam_report_candidate_42173f03bcb218909ab861d6 | adam_report_candidate_92a53c3faf469eac7b92f08d,MERGED_THEN_RESEGMENTED,SRC-TAFSIR-TABARI-ADAM,7798,EARLY_REPORT_CANDIDATE,UNRESOLVED_REPORT_FORM_CANDIDATE,3,مجاهدٍ في قولِه,,,,,
adam_normalized_report_4134d91c875090ff24143ca5,adam_report_candidate_76a0ca972beae8ee3157e23a,RESEGMENTED,SRC-TAFSIR-TABARI-ADAM,7798,EARLY_REPORT_CANDIDATE,MAWQUF_OR_TAFSIR_REPORT_CANDIDATE,3,ابنِ عباسٍ,NO_DETERMINISTIC_SPLIT_FOUND | REQUESTED_RESEGMENTATION_NOT_ACHIEVED,,,,
adam_normalized_report_879066ef3ccc551cf1f9ba65,adam_report_candidate_d2da10cce679deb8bfcc0f93,RESEGMENTED,SRC-TAFSIR-TABARI-ADAM,7798,QURAN_EXEGESIS_CONTEXT_CANDIDATE,UNRESOLVED_REPORT_FORM_CANDIDATE,0,,NO_DETERMINISTIC_SPLIT_FOUND | REQUESTED_RESEGMENTATION_NOT_ACHIEVED,,,,
adam_normalized_report_55938ce3a04bc3d7aeabefcc,adam_report_candidate_b8c5d3bfc539c09f2428f294,RESEGMENTED,SRC-TAFSIR-TABARI-ADAM,7798,EARLY_REPORT_CANDIDATE,UNRESOLVED_REPORT_FORM_CANDIDATE,7,سعيدِ بنِ جُبيرٍ,MULTIPLE_STRONG_STARTS_REMAIN | NO_DETERMINISTIC_SPLIT_FOUND | REQUESTED_RESEGMENTATION_NOT_ACHIEVED,,,,
adam_normalized_report_6e28275a3c3bff13a9be5121,adam_report_candidate_ab246b82efe4e599731f1b36,RESEGMENTED,SRC-TAFSIR-TABARI-ADAM,7798,PROPHETIC_HADITH_CANDIDATE,MARFU_CONTEXT_CANDIDATE,4,رسولُ اللهِ ﷺ,NO_DETERMINISTIC_SPLIT_FOUND | REQUESTED_RESEGMENTATION_NOT_ACHIEVED,,,,
adam_normalized_report_96bcdda7ccdb57bdaf69bc41,adam_report_candidate_e767263fda505f57842dcb68,RESEGMENTED,SRC-TAFSIR-TABARI-ADAM,7798,PROPHETIC_HADITH_CANDIDATE,MARFU_CONTEXT_CANDIDATE,1,عوفٍ,MULTIPLE_STRONG_STARTS_REMAIN | NO_DETERMINISTIC_SPLIT_FOUND | REQUESTED_RESEGMENTATION_NOT_ACHIEVED,,,,
adam_normalized_report_13d1d6aa8de7f00ef0fe8034,adam_report_candidate_1b36ced359b21f5f8bca57ba,PASSTHROUGH_SINGLE,SRC-TAFSIR-TABARI-ADAM,7798,AUTHORIAL_COMMENTARY_CANDIDATE,UNRESOLVED_REPORT_FORM_CANDIDATE,1,أبو جعفرٍ,,,,,
adam_normalized_report_1f3bbf1cd58eecf1fa4a4a2b,adam_report_candidate_3a718ce3cafd00b067c3e6dc | adam_report_candidate_1faf1b040de495c5722e939d,MERGED_THEN_RESEGMENTED,SRC-TAFSIR-TABARI-ADAM,7798,AUTHORIAL_COMMENTARY_CANDIDATE,MAWQUF_OR_TAFSIR_REPORT_CANDIDATE,1,أبو جعفرٍ,,,,,
adam_normalized_report_3080c86db3609d82c6ecb7c9,adam_report_candidate_3a718ce3cafd00b067c3e6dc | adam_report_candidate_1faf1b040de495c5722e939d,MERGED_THEN_RESEGMENTED,SRC-TAFSIR-TABARI-ADAM,7798,EARLY_REPORT_CANDIDATE,MAWQUF_OR_TAFSIR_REPORT_CANDIDATE,6,مُجاهدٍ,MULTIPLE_STRONG_STARTS_REMAIN,,,,
adam_normalized_report_09bb2f9b13e988ef57fb3277,adam_report_candidate_c42c0d710790a883f8d145f4,RESEGMENTED,SRC-TAFSIR-TABARI-ADAM,7798,EARLY_REPORT_CANDIDATE,UNRESOLVED_REPORT_FORM_CANDIDATE,3,مُجاهِدٍ,NO_DETERMINISTIC_SPLIT_FOUND | REQUESTED_RESEGMENTATION_NOT_ACHIEVED,,,,
adam_normalized_report_5912a6aae94cb133db8c4280,adam_report_candidate_42c2d023790483ad0a11ca08,RESEGMENTED,SRC-TAFSIR-TABARI-ADAM,7798,QURAN_EXEGESIS_CONTEXT_CANDIDATE,UNRESOLVED_REPORT_FORM_CANDIDATE,0,,NO_DETERMINISTIC_SPLIT_FOUND | REQUESTED_RESEGMENTATION_NOT_ACHIEVED,,,,
adam_normalized_report_8d7f6ab81dd04f37680bc182,adam_report_candidate_57085ff116101df1c376bfa6,RESEGMENTED,SRC-TAFSIR-TABARI-ADAM,7798,EARLY_REPORT_CANDIDATE,UNRESOLVED_REPORT_FORM_CANDIDATE,4,قَتادةَ في قولِه,MULTIPLE_STRONG_STARTS_REMAIN | NO_DETERMINISTIC_SPLIT_FOUND | REQUESTED_RESEGMENTATION_NOT_ACHIEVED,,,,
adam_normalized_report_aaf0dd4105adeca74cbb267c,adam_report_candidate_dfbc9475de7c6fb7d40c1908,RESEGMENTED,SRC-TAFSIR-TABARI-ADAM,7798,EARLY_REPORT_CANDIDATE,MAWQUF_OR_TAFSIR_REPORT_CANDIDATE,4,ابنِ عباسٍ في قولِ اللهِ,MULTIPLE_STRONG_STARTS_REMAIN | NO_DETERMINISTIC_SPLIT_FOUND | REQUESTED_RESEGMENTATION_NOT_ACHIEVED,,,,
adam_normalized_report_ea89101c3ce70455a696bb99,adam_report_candidate_19f432618b694f9514ec1c6e,RESEGMENTED,SRC-TAFSIR-TABARI-ADAM,7798,EARLY_REPORT_CANDIDATE,MAWQUF_OR_TAFSIR_REPORT_CANDIDATE,3,ابنِ عباسٍ,MULTIPLE_STRONG_STARTS_REMAIN | NO_DETERMINISTIC_SPLIT_FOUND | REQUESTED_RESEGMENTATION_NOT_ACHIEVED,,,,
adam_normalized_report_507f09b47b6cc27f7876e6b5,adam_report_candidate_22787e2e42fcd705bad57fe7,RESEGMENTED,SRC-TAFSIR-TABARI-ADAM,7798,QURAN_EXEGESIS_CONTEXT_CANDIDATE,UNRESOLVED_REPORT_FORM_CANDIDATE,0,,MULTIPLE_STRONG_STARTS_REMAIN | NO_DETERMINISTIC_SPLIT_FOUND | REQUESTED_RESEGMENTATION_NOT_ACHIEVED,,,,
adam_normalized_report_76f0475907787b3a535679a6,adam_report_candidate_5d96e5286000197d32af6d88 | adam_report_candidate_007ee658e4879e42f8bacfa6 | adam_report_candidate_7a405a14a4f96a433f37a5ae,MERGED_THEN_RESEGMENTED,SRC-TAFSIR-TABARI-ADAM,7798,EARLY_REPORT_CANDIDATE,UNRESOLVED_REPORT_FORM_CANDIDATE,5,غيرِ (¬٤) الربيعِ,MULTIPLE_STRONG_STARTS_REMAIN,,,,
adam_normalized_report_fcaa438b6db35497f691f564,adam_report_candidate_5d96e5286000197d32af6d88 | adam_report_candidate_007ee658e4879e42f8bacfa6 | adam_report_candidate_7a405a14a4f96a433f37a5ae,MERGED_THEN_RESEGMENTED,SRC-TAFSIR-TABARI-ADAM,7798,EARLY_REPORT_CANDIDATE,UNRESOLVED_REPORT_FORM_CANDIDATE,2,الربيعِ قولَه,,,,,
adam_normalized_report_12caeeca6478a4846454de48,adam_report_candidate_acc6174d7c1cfd2abe46eee2,PASSTHROUGH_SINGLE,SRC-TAFSIR-TABARI-ADAM,7798,AUTHORIAL_COMMENTARY_CANDIDATE,UNRESOLVED_REPORT_FORM_CANDIDATE,2,تعالى ذكرُه,,,,,
adam_normalized_report_6d47e49d70d36319563b6e3e,adam_report_candidate_50e4a94d18aef40c2fdc7931,PASSTHROUGH_SINGLE,SRC-TAFSIR-TABARI-ADAM,7798,EARLY_REPORT_CANDIDATE,UNRESOLVED_REPORT_FORM_CANDIDATE,1,ابنُ زيدٍ في قولِه,,,,,
adam_normalized_report_1cd74009254e5276eeb3f4a4,adam_report_candidate_b9c11a2978217a7961f9b763,PASSTHROUGH_SINGLE,SRC-TAFSIR-TABARI-ADAM,7798,AUTHORIAL_COMMENTARY_CANDIDATE,UNRESOLVED_REPORT_FORM_CANDIDATE,1,أبو جعفرٍ,,,,,
adam_normalized_report_d1e13d7d77728d68aecd5c18,adam_report_candidate_2682b7740004860c0c5dbd16,RESEGMENTED,SRC-TAFSIR-TABARI-ADAM,7798,QURAN_EXEGESIS_CONTEXT_CANDIDATE,MAWQUF_OR_TAFSIR_REPORT_CANDIDATE,0,,NO_DETERMINISTIC_SPLIT_FOUND | REQUESTED_RESEGMENTATION_NOT_ACHIEVED,,,,
adam_normalized_report_20aea6cc865ca64c9a9e5d9d,adam_report_candidate_e88e4a3b5515775ccdee0c31 | adam_report_candidate_6f84a54e0aab66ab1679ec26,MERGED,SRC-TAFSIR-TABARI-ADAM,7798,EARLY_REPORT_CANDIDATE,MAWQUF_OR_TAFSIR_REPORT_CANDIDATE,7,ابنُ زيدٍ,MULTIPLE_STRONG_STARTS_REMAIN,,,,
adam_normalized_report_ba5824516a44a41ca32ad543,adam_report_candidate_c82e99a32aafc8f289f8f7eb,RESEGMENTED,SRC-TAFSIR-TABARI-ADAM,7798,QURAN_EXEGESIS_CONTEXT_CANDIDATE,UNRESOLVED_REPORT_FORM_CANDIDATE,0,,MULTIPLE_STRONG_STARTS_REMAIN | NO_DETERMINISTIC_SPLIT_FOUND | REQUESTED_RESEGMENTATION_NOT_ACHIEVED,,,,
adam_normalized_report_722d0a9fa0d90deb81f57d49,adam_report_candidate_42efd85e9126147291864e5f | adam_report_candidate_4c132aa3c6797873c44dd743,MERGED_THEN_RESEGMENTED,SRC-TAFSIR-TABARI-ADAM,7798,EARLY_REPORT_CANDIDATE,UNRESOLVED_REPORT_FORM_CANDIDATE,1,مُجاهدٍ في قولهِ,MULTIPLE_STRONG_STARTS_REMAIN,,,,
adam_normalized_report_a08312e529e923ea3a5e8bfc,adam_report_candidate_42efd85e9126147291864e5f | adam_report_candidate_4c132aa3c6797873c44dd743,MERGED_THEN_RESEGMENTED,SRC-TAFSIR-TABARI-ADAM,7798,EARLY_REPORT_CANDIDATE,UNRESOLVED_REPORT_FORM_CANDIDATE,3,أبو جعفرٍ,MULTIPLE_STRONG_STARTS_REMAIN,,,,
adam_normalized_report_291b5dffa7e6abb05aff0195,adam_report_candidate_aeca41a2b99cbcb750fe86a8,RESEGMENTED,SRC-TAFSIR-TABARI-ADAM,7798,EARLY_REPORT_CANDIDATE,MAWQUF_OR_TAFSIR_REPORT_CANDIDATE,3,ابنِ مسعودٍ,MULTIPLE_STRONG_STARTS_REMAIN | NO_DETERMINISTIC_SPLIT_FOUND | REQUESTED_RESEGMENTATION_NOT_ACHIEVED,,,,
adam_normalized_report_75e01aae1a223b7744cdb445,adam_report_candidate_feab015500b3fe06bfb67e85,PASSTHROUGH_SINGLE,SRC-TAFSIR-TABARI-ADAM,7798,AUTHORIAL_COMMENTARY_CANDIDATE,UNRESOLVED_REPORT_FORM_CANDIDATE,1,أبو جعفرٍ,,,,,
adam_normalized_report_e9c248aace57caf52ae9302a,adam_report_candidate_1307416b0bd215f3d7bd1938,PASSTHROUGH_SINGLE,SRC-TAFSIR-TABARI-ADAM,7798,EARLY_REPORT_CANDIDATE,UNRESOLVED_REPORT_FORM_CANDIDATE,3,الحسنِ وقتادةَ,,,,,
adam_normalized_report_24d39cf1e8eca27cb27308a7,adam_report_candidate_da59a169f355595c7e6bc4aa,PASSTHROUGH_SINGLE,SRC-TAFSIR-TABARI-ADAM,7798,QURAN_EXEGESIS_CONTEXT_CANDIDATE,UNRESOLVED_REPORT_FORM_CANDIDATE,0,,,,,,
adam_normalized_report_7984eefe8607c40da98b6f80,adam_report_candidate_03b503e4ae66f47b51bc3183,PASSTHROUGH_SINGLE,SRC-TAFSIR-TABARI-ADAM,7798,QURAN_EXEGESIS_CONTEXT_CANDIDATE,UNRESOLVED_REPORT_FORM_CANDIDATE,0,,,,,,
adam_normalized_report_f0fd8327678aac5a65ef49f5,adam_report_candidate_176579aed2f3095f8875ad4d,PASSTHROUGH_SINGLE,SRC-TAFSIR-TABARI-ADAM,7798,AUTHORIAL_COMMENTARY_CANDIDATE,UNRESOLVED_REPORT_FORM_CANDIDATE,1,أبو جعفرٍ,,,,,
adam_normalized_report_02cc5ccb0fe44556f605682c,adam_report_candidate_7e71cb95166bf2b86eb33637,RESEGMENTED,SRC-TAFSIR-TABARI-ADAM,7798,QURAN_EXEGESIS_CONTEXT_CANDIDATE,UNRESOLVED_REPORT_FORM_CANDIDATE,0,,NO_DETERMINISTIC_SPLIT_FOUND | REQUESTED_RESEGMENTATION_NOT_ACHIEVED,,,,
adam_normalized_report_dae8c7957cc96f222c21efe9,adam_report_candidate_c9aabdc5efa7924625456a66,RESEGMENTED,SRC-TAFSIR-TABARI-ADAM,7798,EARLY_REPORT_CANDIDATE,MAWQUF_OR_TAFSIR_REPORT_CANDIDATE,4,أبو جعفرٍ,NO_DETERMINISTIC_SPLIT_FOUND | REQUESTED_RESEGMENTATION_NOT_ACHIEVED,,,,
adam_normalized_report_2c3389ecd48f55b1c51f06c1,adam_report_candidate_fe63de60dd0f6e174f4b09a8,RESEGMENTED,SRC-TAFSIR-TABARI-ADAM,7798,EARLY_REPORT_CANDIDATE,MAWQUF_OR_TAFSIR_REPORT_CANDIDATE,2,ابنِ عباسٍ,NO_DETERMINISTIC_SPLIT_FOUND | REQUESTED_RESEGMENTATION_NOT_ACHIEVED,,,,
adam_normalized_report_fe6413ed60bd3df2739e2f9b,adam_report_candidate_c8afe6a638dd4228a5ff80bc,RESEGMENTED,SRC-TAFSIR-TABARI-ADAM,7798,QURAN_EXEGESIS_CONTEXT_CANDIDATE,UNRESOLVED_REPORT_FORM_CANDIDATE,0,,NO_DETERMINISTIC_SPLIT_FOUND | REQUESTED_RESEGMENTATION_NOT_ACHIEVED,,,,
adam_normalized_report_598e1a939e9438fc4bf21719,adam_report_candidate_8edc98132405e1c1b5b99e3e,RESEGMENTED,SRC-TAFSIR-TABARI-ADAM,7798,EARLY_REPORT_CANDIDATE,MAWQUF_OR_TAFSIR_REPORT_CANDIDATE,4,ابنُ زيدٍ في قصةِ الملائكةِ,MULTIPLE_STRONG_STARTS_REMAIN | NO_DETERMINISTIC_SPLIT_FOUND | REQUESTED_RESEGMENTATION_NOT_ACHIEVED,,,,
adam_normalized_report_c1c38a2129c2558bd3e98a45,adam_report_candidate_9a1b1bef002a255bf942632c,RESEGMENTED,SRC-TAFSIR-TABARI-ADAM,7798,QURAN_EXEGESIS_CONTEXT_CANDIDATE,UNRESOLVED_REPORT_FORM_CANDIDATE,0,,NO_DETERMINISTIC_SPLIT_FOUND | REQUESTED_RESEGMENTATION_NOT_ACHIEVED,,,,
adam_normalized_report_15a06e7f3c3bca4c5d2c6ad1,adam_report_candidate_2cf40b136cf73b09629743fc,RESEGMENTED,SRC-TAFSIR-TABARI-ADAM,7798,EARLY_REPORT_CANDIDATE,MAWQUF_OR_TAFSIR_REPORT_CANDIDATE,3,ابنِ عباسٍ,MULTIPLE_STRONG_STARTS_REMAIN | NO_DETERMINISTIC_SPLIT_FOUND | REQUESTED_RESEGMENTATION_NOT_ACHIEVED,,,,
adam_normalized_report_703d673dc115a094ddb616d4,adam_report_candidate_a5fb9f28ecfc1931f76ebfdf,RESEGMENTED,SRC-TAFSIR-TABARI-ADAM,7798,EARLY_REPORT_CANDIDATE,MAWQUF_OR_TAFSIR_REPORT_CANDIDATE,1,أبو جعفر,MULTIPLE_STRONG_STARTS_REMAIN | NO_DETERMINISTIC_SPLIT_FOUND | REQUESTED_RESEGMENTATION_NOT_ACHIEVED,,,,
adam_normalized_report_7ee87ac30f5295ab577fbdd8,adam_report_candidate_e6f11775d619ab920940f0de,RESEGMENTED,SRC-TAFSIR-TABARI-ADAM,7798,EARLY_REPORT_CANDIDATE,MAWQUF_OR_TAFSIR_REPORT_CANDIDATE,3,ابنِ مسعودٍ,NO_DETERMINISTIC_SPLIT_FOUND | REQUESTED_RESEGMENTATION_NOT_ACHIEVED,,,,
adam_normalized_report_acbc59287ef4d53a290253da,adam_report_candidate_01291a98f660c71ab503e0e6 | adam_report_candidate_bb19756ae1f46d0c9a2d90c3 | adam_report_candidate_5a72fb0578a1d476d589e442,MERGED_THEN_RESEGMENTED,SRC-TAFSIR-TABARI-ADAM,7798,EARLY_REPORT_CANDIDATE,UNRESOLVED_REPORT_FORM_CANDIDATE,2,سعيدِ بنِ جُبَيْرٍ قولَه,MULTIPLE_STRONG_STARTS_REMAIN,,,,
adam_normalized_report_dc9599ec6f4c6d00a4e57927,adam_report_candidate_01291a98f660c71ab503e0e6 | adam_report_candidate_bb19756ae1f46d0c9a2d90c3 | adam_report_candidate_5a72fb0578a1d476d589e442,MERGED_THEN_RESEGMENTED,SRC-TAFSIR-TABARI-ADAM,7798,EARLY_REPORT_CANDIDATE,UNRESOLVED_REPORT_FORM_CANDIDATE,0,,MULTIPLE_STRONG_STARTS_REMAIN,,,,
adam_normalized_report_e4546674527488398191ad51,adam_report_candidate_01291a98f660c71ab503e0e6 | adam_report_candidate_bb19756ae1f46d0c9a2d90c3 | adam_report_candidate_5a72fb0578a1d476d589e442,MERGED_THEN_RESEGMENTED,SRC-TAFSIR-TABARI-ADAM,7798,EARLY_REPORT_CANDIDATE,MAQTU_OR_TAFSIR_REPORT_CANDIDATE,1,سمِعْتُ الحسنَ بنَ دينارٍ قال للحسنِ ونحن جُلوسٌ عندَه في منزلِه,MULTIPLE_STRONG_STARTS_REMAIN,,,,
adam_normalized_report_30e36dbc47bf5e5c4aa30a7d,adam_report_candidate_2f46f60596487d06b4babbf5,RESEGMENTED,SRC-TAFSIR-TABARI-ADAM,7798,EARLY_REPORT_CANDIDATE,UNRESOLVED_REPORT_FORM_CANDIDATE,0,,MULTIPLE_STRONG_STARTS_REMAIN | NO_DETERMINISTIC_SPLIT_FOUND | REQUESTED_RESEGMENTATION_NOT_ACHIEVED,,,,
adam_normalized_report_55b6e752c963b68362673031,adam_report_candidate_0fcc1bc6caafead4c3100374,RESEGMENTED,SRC-TAFSIR-TABARI-ADAM,7798,EARLY_REPORT_CANDIDATE,UNRESOLVED_REPORT_FORM_CANDIDATE,2,الربيعِ بنِ أنسٍ,NO_DETERMINISTIC_SPLIT_FOUND | REQUESTED_RESEGMENTATION_NOT_ACHIEVED,,,,
adam_normalized_report_97e5ec0f5fe2170557c4a1a3,adam_report_candidate_092e0bdbe11dc39449ec50bc,PASSTHROUGH_SINGLE,SRC-TAFSIR-TABARI-ADAM,7798,AUTHORIAL_COMMENTARY_CANDIDATE,UNRESOLVED_REPORT_FORM_CANDIDATE,1,أبو جعفرٍ,,,,,
adam_normalized_report_bcf641e2192edbe3e626a992,adam_report_candidate_0d3f1322b96a5817c056519d,RESEGMENTED,SRC-TAFSIR-TABARI-ADAM,7798,EARLY_REPORT_CANDIDATE,UNRESOLVED_REPORT_FORM_CANDIDATE,0,,NO_DETERMINISTIC_SPLIT_FOUND | REQUESTED_RESEGMENTATION_NOT_ACHIEVED,,,,
adam_normalized_report_e8b536414da05f6756663a67,adam_report_candidate_18a86a80228d0351f5b8ba06,RESEGMENTED,SRC-TAFSIR-TABARI-ADAM,7798,QURAN_EXEGESIS_CONTEXT_CANDIDATE,MAWQUF_OR_TAFSIR_REPORT_CANDIDATE,0,,NO_DETERMINISTIC_SPLIT_FOUND | REQUESTED_RESEGMENTATION_NOT_ACHIEVED,,,,
adam_normalized_report_05f9925f912a54ac41916cdb,adam_report_candidate_57956571674b09aceae3370b,PASSTHROUGH_SINGLE,SRC-TAFSIR-TABARI-ADAM,7798,SOURCE_PASSAGE_CONTEXT_CANDIDATE,UNRESOLVED_REPORT_FORM_CANDIDATE,0,,VERY_SHORT_REPORT_UNIT,,,,
adam_normalized_report_2040163e22356bc959c9599d,adam_report_candidate_4f441a33ffe89d942cbdceea,RESEGMENTED,SRC-TAFSIR-TABARI-ADAM,7798,AUTHORIAL_COMMENTARY_CANDIDATE,UNRESOLVED_REPORT_FORM_CANDIDATE,1,أبو جعفرٍ,NO_DETERMINISTIC_SPLIT_FOUND | REQUESTED_RESEGMENTATION_NOT_ACHIEVED,,,,
adam_normalized_report_de70f8c54701c92179fd4adc,adam_report_candidate_6cafd53d64d8cdd8d13e119e,RESEGMENTED,SRC-TAFSIR-TABARI-ADAM,7798,EARLY_REPORT_CANDIDATE,MAWQUF_OR_TAFSIR_REPORT_CANDIDATE,3,ابنِ عباسٍ,NO_DETERMINISTIC_SPLIT_FOUND | REQUESTED_RESEGMENTATION_NOT_ACHIEVED,,,,
adam_normalized_report_055cb6e28356728393835fe0,adam_report_candidate_b59af80426ad553a639ae756,RESEGMENTED,SRC-TAFSIR-TABARI-ADAM,7798,EARLY_REPORT_CANDIDATE,MAWQUF_OR_TAFSIR_REPORT_CANDIDATE,4,ابنِ عباسٍ,NO_DETERMINISTIC_SPLIT_FOUND | REQUESTED_RESEGMENTATION_NOT_ACHIEVED,,,,
adam_normalized_report_558a91342b5e56173b4b16a6,adam_report_candidate_d4a0467d93ed380e66a37557,RESEGMENTED,SRC-TAFSIR-TABARI-ADAM,7798,EARLY_REPORT_CANDIDATE,MAWQUF_OR_TAFSIR_REPORT_CANDIDATE,6,ابنِ عباسٍ,MULTIPLE_STRONG_STARTS_REMAIN | NO_DETERMINISTIC_SPLIT_FOUND | REQUESTED_RESEGMENTATION_NOT_ACHIEVED,,,,
adam_normalized_report_386377713efca16ec2e897d9,adam_report_candidate_0706a8b9d1fa8d49bab59ecf,PASSTHROUGH_SINGLE,SRC-TAFSIR-TABARI-ADAM,7798,EARLY_REPORT_CANDIDATE,UNRESOLVED_REPORT_FORM_CANDIDATE,0,,VERY_SHORT_REPORT_UNIT,,,,
adam_normalized_report_7e6e67540024e52a29929a46,adam_report_candidate_1cb4aafac25051b4e9fec497,RESEGMENTED,SRC-TAFSIR-TABARI-ADAM,7798,EARLY_REPORT_CANDIDATE,UNRESOLVED_REPORT_FORM_CANDIDATE,2,سعيدِ بنِ المُسَيَّبِ,MULTIPLE_STRONG_STARTS_REMAIN | NO_DETERMINISTIC_SPLIT_FOUND | REQUESTED_RESEGMENTATION_NOT_ACHIEVED,,,,
adam_normalized_report_97bb2f5208f30e0d7a73641d,adam_report_candidate_d2d08dae088c3ddf3c854021,RESEGMENTED,SRC-TAFSIR-TABARI-ADAM,7798,EARLY_REPORT_CANDIDATE,UNRESOLVED_REPORT_FORM_CANDIDATE,1,قَتادةَ قولَه,MULTIPLE_STRONG_STARTS_REMAIN | NO_DETERMINISTIC_SPLIT_FOUND | REQUESTED_RESEGMENTATION_NOT_ACHIEVED,,,,
adam_normalized_report_f53e24b262225a7f0e4d3d47,adam_report_candidate_6ab96ef7523f35b146aacc67,RESEGMENTED,SRC-TAFSIR-TABARI-ADAM,7798,EARLY_REPORT_CANDIDATE,UNRESOLVED_REPORT_FORM_CANDIDATE,2,حدَّثنا سَلَمةُ,MULTIPLE_STRONG_STARTS_REMAIN | NO_DETERMINISTIC_SPLIT_FOUND | REQUESTED_RESEGMENTATION_NOT_ACHIEVED,,,,
adam_normalized_report_0a2dbb45963f02c395850b49,adam_report_candidate_01163630721edf117b4dfa60,RESEGMENTED,SRC-TAFSIR-TABARI-ADAM,7798,EARLY_REPORT_CANDIDATE,UNRESOLVED_REPORT_FORM_CANDIDATE,2,الحسنِ,NO_DETERMINISTIC_SPLIT_FOUND | REQUESTED_RESEGMENTATION_NOT_ACHIEVED,,,,
adam_normalized_report_1047028999c654963879226e,adam_report_candidate_14babfdb3486293c8d4b4f66,RESEGMENTED,SRC-TAFSIR-TABARI-ADAM,7798,EARLY_REPORT_CANDIDATE,UNRESOLVED_REPORT_FORM_CANDIDATE,1,قتادةَ,MULTIPLE_STRONG_STARTS_REMAIN | NO_DETERMINISTIC_SPLIT_FOUND | REQUESTED_RESEGMENTATION_NOT_ACHIEVED,,,,
adam_normalized_report_1ab25af303d86375de3388a6,adam_report_candidate_2c8fdbee907ec7907294b04b,RESEGMENTED,SRC-TAFSIR-TABARI-ADAM,7798,EARLY_REPORT_CANDIDATE,UNRESOLVED_REPORT_FORM_CANDIDATE,0,,MULTIPLE_STRONG_STARTS_REMAIN | NO_DETERMINISTIC_SPLIT_FOUND | REQUESTED_RESEGMENTATION_NOT_ACHIEVED,,,,
adam_normalized_report_57696b397eb665867be3a878,adam_report_candidate_2d055c50e87d08ef9576d50a,RESEGMENTED,SRC-TAFSIR-TABARI-ADAM,7798,EARLY_REPORT_CANDIDATE,UNRESOLVED_REPORT_FORM_CANDIDATE,4,سعدِ بن مسعودٍ,MULTIPLE_STRONG_STARTS_REMAIN | NO_DETERMINISTIC_SPLIT_FOUND | REQUESTED_RESEGMENTATION_NOT_ACHIEVED,,,,
adam_normalized_report_17869db50d1c136aead34906,adam_report_candidate_3fad137cc2ccbc0031d5b10a,RESEGMENTED,SRC-TAFSIR-TABARI-ADAM,7798,QURAN_EXEGESIS_CONTEXT_CANDIDATE,UNRESOLVED_REPORT_FORM_CANDIDATE,0,,MULTIPLE_STRONG_STARTS_REMAIN | NO_DETERMINISTIC_SPLIT_FOUND | REQUESTED_RESEGMENTATION_NOT_ACHIEVED,,,,
adam_normalized_report_1e2a31c4615bdad4e342809c,adam_report_candidate_719ca0e47e8a3025b33c0b2f,RESEGMENTED,SRC-TAFSIR-TABARI-ADAM,7798,EARLY_REPORT_CANDIDATE,MAWQUF_OR_TAFSIR_REPORT_CANDIDATE,3,ابن عباسٍ,NO_DETERMINISTIC_SPLIT_FOUND | REQUESTED_RESEGMENTATION_NOT_ACHIEVED,,,,
adam_normalized_report_a107e1a31ad7d54b1c0351d7,adam_report_candidate_9d53bcd309fe3fdebbb8393d,RESEGMENTED,SRC-TAFSIR-TABARI-ADAM,7798,EARLY_REPORT_CANDIDATE,MAWQUF_OR_TAFSIR_REPORT_CANDIDATE,3,ابنِ عباسٍ,NO_DETERMINISTIC_SPLIT_FOUND | REQUESTED_RESEGMENTATION_NOT_ACHIEVED,,,,
adam_normalized_report_ab7fa207f95a65f3f49de956,adam_report_candidate_00ea42e9aaf7ee6e14e3a1ff | adam_report_candidate_afbb4c59d57dc788f7a23872,MERGED,SRC-TAFSIR-TABARI-ADAM,7798,AUTHORIAL_COMMENTARY_CANDIDATE,UNRESOLVED_REPORT_FORM_CANDIDATE,1,أبو جعفرٍ,,,,,
adam_normalized_report_cb94dd1c6203219da495fa3a,adam_report_candidate_65424035ace13ef693c365d7,PASSTHROUGH_SINGLE,SRC-TAFSIR-TABARI-ADAM,7798,AUTHORIAL_COMMENTARY_CANDIDATE,UNRESOLVED_REPORT_FORM_CANDIDATE,1,أبو جعفرٍ,,,,,
adam_normalized_report_1d6e3f885a086f032da05f19,adam_report_candidate_e2c050afc76f8b7530c004c8 | adam_report_candidate_994461e07f062b42abbf62ef,MERGED_THEN_RESEGMENTED,SRC-TAFSIR-TABARI-ADAM,7798,EARLY_REPORT_CANDIDATE,MAWQUF_OR_TAFSIR_REPORT_CANDIDATE,4,السُّدِّىِّ,MULTIPLE_STRONG_STARTS_REMAIN,,,,
adam_normalized_report_8d4a63c87f1e3cf86b2b8377,adam_report_candidate_ca3ce4deaeb2db331d403f93,PASSTHROUGH_SINGLE,SRC-TAFSIR-TABARI-ADAM,7798,AUTHORIAL_COMMENTARY_CANDIDATE,UNRESOLVED_REPORT_FORM_CANDIDATE,2,نَعَمْ أَعْرِفُه وأبْلَسَا,,,,,
adam_normalized_report_8d92aa5f0ec8279cb56ddf64,adam_report_candidate_e2c050afc76f8b7530c004c8 | adam_report_candidate_994461e07f062b42abbf62ef,MERGED_THEN_RESEGMENTED,SRC-TAFSIR-TABARI-ADAM,7798,AUTHORIAL_COMMENTARY_CANDIDATE,UNRESOLVED_REPORT_FORM_CANDIDATE,1,أبو جعفرٍ,,,,,
adam_normalized_report_b5b4bf4ba5493320461f67ca,adam_report_candidate_288ec2d10769a8dee051ad86,PASSTHROUGH_SINGLE,SRC-TAFSIR-TABARI-ADAM,7798,QURAN_EXEGESIS_CONTEXT_CANDIDATE,UNRESOLVED_REPORT_FORM_CANDIDATE,0,,,,,,
adam_normalized_report_79d860aed8dcf71e0d8c93d8,adam_report_candidate_2bef7e922c229cc242d85916,PASSTHROUGH_SINGLE,SRC-TAFSIR-TABARI-ADAM,7798,QURAN_EXEGESIS_CONTEXT_CANDIDATE,UNRESOLVED_REPORT_FORM_CANDIDATE,0,,,,,,
adam_normalized_report_b79cb7a8870112d39f510f0a,adam_report_candidate_0a1f6b98233d307b0da84e6c,RESEGMENTED,SRC-TAFSIR-TABARI-ADAM,7798,EARLY_REPORT_CANDIDATE,UNRESOLVED_REPORT_FORM_CANDIDATE,1,أبى العاليةِ أنه كان يَقولُ في تأويلِ قولِه,MULTIPLE_STRONG_STARTS_REMAIN | NO_DETERMINISTIC_SPLIT_FOUND | REQUESTED_RESEGMENTATION_NOT_ACHIEVED,,,,
adam_normalized_report_e8983ac50f1e5461066f252d,adam_report_candidate_3776d95a9dc25f9b2f4c835a,RESEGMENTED,SRC-TAFSIR-TABARI-ADAM,7798,EARLY_REPORT_CANDIDATE,UNRESOLVED_REPORT_FORM_CANDIDATE,3,قتادةَ قولَه,MULTIPLE_STRONG_STARTS_REMAIN | NO_DETERMINISTIC_SPLIT_FOUND | REQUESTED_RESEGMENTATION_NOT_ACHIEVED,,,,
adam_normalized_report_0bac866c129deb60ee811104,adam_report_candidate_bab1064ff2412bb894a0b45f,PASSTHROUGH_SINGLE,SRC-TAFSIR-TABARI-ADAM,7798,QURAN_EXEGESIS_CONTEXT_CANDIDATE,UNRESOLVED_REPORT_FORM_CANDIDATE,0,,,,,,
adam_normalized_report_cd218f7a62ad5dc75283db54,adam_report_candidate_e0543ef9c1b1e10547b5acb1,RESEGMENTED,SRC-TAFSIR-TABARI-ADAM,7798,AUTHORIAL_COMMENTARY_CANDIDATE,UNRESOLVED_REPORT_FORM_CANDIDATE,1,أبو جعفرٍ,NO_DETERMINISTIC_SPLIT_FOUND | REQUESTED_RESEGMENTATION_NOT_ACHIEVED,,,,
adam_normalized_report_85a76a7d19df4f0c72e5d9ee,adam_report_candidate_88d6a3fe91f818d5e1b474e4,PASSTHROUGH_SINGLE,SRC-TAFSIR-TABARI-ADAM,7798,EARLY_REPORT_CANDIDATE,UNRESOLVED_REPORT_FORM_CANDIDATE,3,عامرٍ,,,,,
adam_normalized_report_b0309b49151a5121f7e4f9af,adam_report_candidate_66c2339238804f5e6bd26da3,RESEGMENTED,SRC-TAFSIR-TABARI-ADAM,7798,EARLY_REPORT_CANDIDATE,MAWQUF_OR_TAFSIR_REPORT_CANDIDATE,3,ابن عباسٍ قولَه,MULTIPLE_STRONG_STARTS_REMAIN | NO_DETERMINISTIC_SPLIT_FOUND | REQUESTED_RESEGMENTATION_NOT_ACHIEVED,,,,
adam_normalized_report_2555161add78316aa9fbbc99,adam_report_candidate_512293a4520c2fda27196eac,RESEGMENTED,SRC-TAFSIR-TABARI-ADAM,7798,EARLY_REPORT_CANDIDATE,MAWQUF_OR_TAFSIR_REPORT_CANDIDATE,3,يزيدُ,MULTIPLE_STRONG_STARTS_REMAIN | NO_DETERMINISTIC_SPLIT_FOUND | REQUESTED_RESEGMENTATION_NOT_ACHIEVED,,,,
adam_normalized_report_c6872aad0b03cd71cea5ddf5,adam_report_candidate_20c32946aedc69fd227d7973,RESEGMENTED,SRC-TAFSIR-TABARI-ADAM,7798,EARLY_REPORT_CANDIDATE,UNRESOLVED_REPORT_FORM_CANDIDATE,4,أَسْبَاطُ,MULTIPLE_STRONG_STARTS_REMAIN | NO_DETERMINISTIC_SPLIT_FOUND | REQUESTED_RESEGMENTATION_NOT_ACHIEVED,,,,
adam_normalized_report_35c62474fd77ab7d916f9bec,adam_report_candidate_48cecbc8d86cbd3033426236 | adam_report_candidate_a2b77382f138e7c762299c91,MERGED,SRC-TAFSIR-TABARI-ADAM,7798,PROPHETIC_HADITH_CANDIDATE,MARFU_CONTEXT_CANDIDATE,4,ابن جُرَيْجٍ,,,,,
adam_normalized_report_9100462d60e6227cee33cc13,adam_report_candidate_6a926a841155071a0422b534,RESEGMENTED,SRC-TAFSIR-TABARI-ADAM,7798,QURAN_EXEGESIS_CONTEXT_CANDIDATE,UNRESOLVED_REPORT_FORM_CANDIDATE,0,,NO_DETERMINISTIC_SPLIT_FOUND | REQUESTED_RESEGMENTATION_NOT_ACHIEVED,,,,
adam_normalized_report_a7f60b4820e2932070ae70ce,adam_report_candidate_c8507215d7f7b814d936698c,PASSTHROUGH_SINGLE,SRC-TAFSIR-TABARI-ADAM,7798,EARLY_REPORT_CANDIDATE,UNRESOLVED_REPORT_FORM_CANDIDATE,1,ابن زيدٍ في قولِ اللهِ ﷿,,,,,
adam_normalized_report_ddb412ea7d6ef2b80ceada59,adam_report_candidate_7daa4563af70fd426b44a6ad,RESEGMENTED,SRC-TAFSIR-TABARI-ADAM,7798,EARLY_REPORT_CANDIDATE,UNRESOLVED_REPORT_FORM_CANDIDATE,3,محمدِ بن جعفرِ بن الزبيرِ,NO_DETERMINISTIC_SPLIT_FOUND | REQUESTED_RESEGMENTATION_NOT_ACHIEVED,,,,
adam_normalized_report_ac8383e904558cdfbd1afc5f,adam_report_candidate_69ebf687d19081f15b443608,RESEGMENTED,SRC-TAFSIR-TABARI-ADAM,7798,QURAN_EXEGESIS_CONTEXT_CANDIDATE,UNRESOLVED_REPORT_FORM_CANDIDATE,0,,NO_DETERMINISTIC_SPLIT_FOUND | REQUESTED_RESEGMENTATION_NOT_ACHIEVED,,,,
adam_normalized_report_6f96dd5ffd8cf8c6a1202d6c,adam_report_candidate_1c8286007d1f0fde2838cbbb,RESEGMENTED,SRC-TAFSIR-TABARI-ADAM,7798,EARLY_REPORT_CANDIDATE,UNRESOLVED_REPORT_FORM_CANDIDATE,1,يزيدُ,NO_DETERMINISTIC_SPLIT_FOUND | REQUESTED_RESEGMENTATION_NOT_ACHIEVED,,,,
adam_normalized_report_f8a03502b0fa71090d63a57e,adam_report_candidate_4e036c605a580136099568f0 | adam_report_candidate_62013c9eaa7e535a89c9d3e0,MERGED_THEN_RESEGMENTED,SRC-TAFSIR-TABARI-ADAM,7798,EARLY_REPORT_CANDIDATE,UNRESOLVED_REPORT_FORM_CANDIDATE,3,إسحاقُ,MULTIPLE_STRONG_STARTS_REMAIN,,,,
adam_normalized_report_f9891100576a0a640ad69d26,adam_report_candidate_4e036c605a580136099568f0 | adam_report_candidate_62013c9eaa7e535a89c9d3e0,MERGED_THEN_RESEGMENTED,SRC-TAFSIR-TABARI-ADAM,7798,EARLY_REPORT_CANDIDATE,UNRESOLVED_REPORT_FORM_CANDIDATE,3,الربيعِ قولَه,,,,,
adam_normalized_report_b8ccb79e4daca0863ecf1569,adam_report_candidate_c748b515cfb4349a42a1c2c6,RESEGMENTED,SRC-TAFSIR-TABARI-ADAM,7798,EARLY_REPORT_CANDIDATE,UNRESOLVED_REPORT_FORM_CANDIDATE,3,السديِّ,MULTIPLE_STRONG_STARTS_REMAIN | NO_DETERMINISTIC_SPLIT_FOUND | REQUESTED_RESEGMENTATION_NOT_ACHIEVED,,,,
adam_normalized_report_e54c653ad98e2c7eaa8bce53,adam_report_candidate_560cadab74f2a7a9a9f22b41,PASSTHROUGH_SINGLE,SRC-TAFSIR-TABARI-ADAM,7798,EARLY_REPORT_CANDIDATE,UNRESOLVED_REPORT_FORM_CANDIDATE,1,ابن زيدٍ في قوله,,,,,
adam_normalized_report_2e16fe7d2a0c5a662afe9e4d,adam_report_candidate_043f7d6478c0cb6714544ba4,PASSTHROUGH_SINGLE,SRC-TAFSIR-TABARI-ADAM,7798,EARLY_REPORT_CANDIDATE,UNRESOLVED_REPORT_FORM_CANDIDATE,1,ابن زيدٍ في قوله,,,,,
adam_normalized_report_71a332a3e338c44aec4c0d8b,adam_report_candidate_781ddee38835249f0e832ced,RESEGMENTED,SRC-TAFSIR-TABARI-ADAM,7798,EARLY_REPORT_CANDIDATE,UNRESOLVED_REPORT_FORM_CANDIDATE,11,الحسينُ,MULTIPLE_STRONG_STARTS_REMAIN | NO_DETERMINISTIC_SPLIT_FOUND | REQUESTED_RESEGMENTATION_NOT_ACHIEVED,,,,
adam_normalized_report_f955de16e3dce23b174b1f2b,adam_report_candidate_773a47839675c30783e0a2b8,RESEGMENTED,SRC-TAFSIR-TABARI-ADAM,7798,EARLY_REPORT_CANDIDATE,UNRESOLVED_REPORT_FORM_CANDIDATE,3,الضحاكِ بن مُزاحمٍ,NO_DETERMINISTIC_SPLIT_FOUND | REQUESTED_RESEGMENTATION_NOT_ACHIEVED,,,,
adam_normalized_report_28218d70d87e7157933f2bd3,adam_report_candidate_2d97a5238edd96dfc09b28fc | adam_report_candidate_96d326d8a3316299d0da099f,MERGED,SRC-TAFSIR-TABARI-ADAM,7798,EARLY_REPORT_CANDIDATE,MAWQUF_OR_TAFSIR_REPORT_CANDIDATE,13,مجاهدٍ,MULTIPLE_STRONG_STARTS_REMAIN,,,,
adam_normalized_report_8bf7ea461680b4524da96b05,adam_report_candidate_6ebf5a984e83022ec3df8764,PASSTHROUGH_SINGLE,SRC-TAFSIR-TABARI-ADAM,7798,EARLY_REPORT_CANDIDATE,UNRESOLVED_REPORT_FORM_CANDIDATE,1,ابن زيدٍ] (¬٥) في قولِه,,,,,
adam_normalized_report_d4779dceab9377a420a1e06d,adam_report_candidate_7636198edaf852eadb809d6f,RESEGMENTED,SRC-TAFSIR-TABARI-ADAM,7798,EARLY_REPORT_CANDIDATE,UNRESOLVED_REPORT_FORM_CANDIDATE,2,ابن زيدٍ (¬٣),NO_DETERMINISTIC_SPLIT_FOUND | REQUESTED_RESEGMENTATION_NOT_ACHIEVED,,,,
adam_normalized_report_078aff9b9f3528404bf8fbba,adam_report_candidate_b2c9a2fc2fea909f1bd514ab | adam_report_candidate_5a3d83c0a632db45c36082d8,MERGED_THEN_RESEGMENTED,SRC-TAFSIR-TABARI-ADAM,7798,EARLY_REPORT_CANDIDATE,MAWQUF_OR_TAFSIR_REPORT_CANDIDATE,3,ابن عباسٍ قولَه,,,,,
adam_normalized_report_5133d6288b3af963d2ad282b,adam_report_candidate_71a69fc48bb1c02d5b0b5db6,RESEGMENTED,SRC-TAFSIR-TABARI-ADAM,7798,QURAN_EXEGESIS_CONTEXT_CANDIDATE,UNRESOLVED_REPORT_FORM_CANDIDATE,0,,MULTIPLE_STRONG_STARTS_REMAIN | NO_DETERMINISTIC_SPLIT_FOUND | REQUESTED_RESEGMENTATION_NOT_ACHIEVED,,,,
adam_normalized_report_98adbed758d8adbb707df394,adam_report_candidate_b2c9a2fc2fea909f1bd514ab | adam_report_candidate_5a3d83c0a632db45c36082d8,MERGED_THEN_RESEGMENTED,SRC-TAFSIR-TABARI-ADAM,7798,EARLY_REPORT_CANDIDATE,MAWQUF_OR_TAFSIR_REPORT_CANDIDATE,7,عبدُ الرحمنِ بنُ سعدٍ,MULTIPLE_STRONG_STARTS_REMAIN,,,,
adam_normalized_report_4717a43f425b886d8a37f81e,adam_report_candidate_5bd9b397c9d63f8b31d83116,RESEGMENTED,SRC-TAFSIR-TABARI-ADAM,7798,EARLY_REPORT_CANDIDATE,UNRESOLVED_REPORT_FORM_CANDIDATE,2,أحمدُ,MULTIPLE_STRONG_STARTS_REMAIN | NO_DETERMINISTIC_SPLIT_FOUND | REQUESTED_RESEGMENTATION_NOT_ACHIEVED,,,,
adam_normalized_report_764ae23b92d873d006f2e1e1,adam_report_candidate_6aad773e4feadc346d146cd3 | adam_report_candidate_f49383c7bfda60600c6914f7,MERGED_THEN_RESEGMENTED,SRC-TAFSIR-TABARI-ADAM,7798,EARLY_REPORT_CANDIDATE,UNRESOLVED_REPORT_FORM_CANDIDATE,5,قتادةَ,MULTIPLE_STRONG_STARTS_REMAIN,,,,
adam_normalized_report_a805e31de66f306cf7f433e1,adam_report_candidate_6aad773e4feadc346d146cd3 | adam_report_candidate_f49383c7bfda60600c6914f7,MERGED_THEN_RESEGMENTED,SRC-TAFSIR-TABARI-ADAM,7798,EARLY_REPORT_CANDIDATE,UNRESOLVED_REPORT_FORM_CANDIDATE,3,يزيدُ,MULTIPLE_STRONG_STARTS_REMAIN,,,,
adam_normalized_report_313f1f1ca0f2088811669795,adam_report_candidate_55be294de6b33621b0e2897b | adam_report_candidate_1b866b54dc1eb5f570b2713c,MERGED_THEN_RESEGMENTED,SRC-TAFSIR-TABARI-ADAM,7798,EARLY_REPORT_CANDIDATE,UNRESOLVED_REPORT_FORM_CANDIDATE,1,الضحاكِ قولَه,MULTIPLE_STRONG_STARTS_REMAIN,,,,
adam_normalized_report_b451614f066f76d565c55dbe,adam_report_candidate_b8963754926c09f7fb5e7ede,RESEGMENTED,SRC-TAFSIR-TABARI-ADAM,7798,SOURCE_PASSAGE_CONTEXT_CANDIDATE,UNRESOLVED_REPORT_FORM_CANDIDATE,0,,NO_DETERMINISTIC_SPLIT_FOUND | REQUESTED_RESEGMENTATION_NOT_ACHIEVED | VERY_SHORT_REPORT_UNIT,,,,
adam_normalized_report_cfa917aa1f51b950e79a7532,adam_report_candidate_55be294de6b33621b0e2897b | adam_report_candidate_1b866b54dc1eb5f570b2713c,MERGED_THEN_RESEGMENTED,SRC-TAFSIR-TABARI-ADAM,7798,EARLY_REPORT_CANDIDATE,UNRESOLVED_REPORT_FORM_CANDIDATE,3,الضحاكِ,,,,,
adam_normalized_report_ce6fc31ccd42de625b58dda5,adam_report_candidate_cbf9a2bdccb9b4e00a4db39a,UNRESOLVED_MERGE_TARGET_RESEGMENTED,SRC-TAFSIR-TABARI-ADAM,7798,EARLY_REPORT_CANDIDATE,UNRESOLVED_REPORT_FORM_CANDIDATE,3,مجاهدٍ قولِه,MERGE_TARGET_NOT_RESOLVED | NO_DETERMINISTIC_SPLIT_FOUND,,,,
adam_normalized_report_eb48bd6ec273cb990aa95248,adam_report_candidate_5b4ee19f846ed896e96ceaa3,RESEGMENTED,SRC-TAFSIR-TABARI-ADAM,7798,EARLY_REPORT_CANDIDATE,UNRESOLVED_REPORT_FORM_CANDIDATE,2,أبو عاصمٍ,MULTIPLE_STRONG_STARTS_REMAIN | NO_DETERMINISTIC_SPLIT_FOUND | REQUESTED_RESEGMENTATION_NOT_ACHIEVED,,,,
adam_normalized_report_f90fef366b100b54dd8e0361,adam_report_candidate_c96257e430ceb5db058cc910,RESEGMENTED,SRC-TAFSIR-TABARI-ADAM,7798,EARLY_REPORT_CANDIDATE,UNRESOLVED_REPORT_FORM_CANDIDATE,7,مجاهدٍ,MULTIPLE_STRONG_STARTS_REMAIN | NO_DETERMINISTIC_SPLIT_FOUND | REQUESTED_RESEGMENTATION_NOT_ACHIEVED,,,,
adam_normalized_report_83aa14b5a00c9499f4f031c3,adam_report_candidate_8dadeaee7b603c0ad5ac937d,PASSTHROUGH_SINGLE,SRC-TAFSIR-TABARI-ADAM,7798,QURAN_EXEGESIS_CONTEXT_CANDIDATE,UNRESOLVED_REPORT_FORM_CANDIDATE,0,,,,,,
adam_normalized_report_43220c93fe8e78bc75797dcb,adam_report_candidate_5dba287634ed6f65d654e3aa,PASSTHROUGH_SINGLE,SRC-TAFSIR-TABARI-ADAM,7798,SOURCE_PASSAGE_CONTEXT_CANDIDATE,UNRESOLVED_REPORT_FORM_CANDIDATE,0,,,,,,
adam_normalized_report_1e334a8087722d96541da082,adam_report_candidate_a69fe1da73360c0182e0bbc2 | adam_report_candidate_df1f900bdf21b2c8dbaa576b,MERGED_THEN_RESEGMENTED,SRC-TAFSIR-TABARI-ADAM,7798,EARLY_REPORT_CANDIDATE,UNRESOLVED_REPORT_FORM_CANDIDATE,6,عثمانُ بنُ سعيدٍ,MULTIPLE_STRONG_STARTS_REMAIN,,,,
adam_normalized_report_a49165eda5517ed79f9cfde5,adam_report_candidate_ffc6bfb262c635138fa30965,PASSTHROUGH_SINGLE,SRC-TAFSIR-TABARI-ADAM,7798,EARLY_REPORT_CANDIDATE,MAWQUF_OR_TAFSIR_REPORT_CANDIDATE,4,ابن عباسٍ,,,,,
adam_normalized_report_a99cd77d2a266488f925b4e7,adam_report_candidate_a69fe1da73360c0182e0bbc2 | adam_report_candidate_df1f900bdf21b2c8dbaa576b,MERGED_THEN_RESEGMENTED,SRC-TAFSIR-TABARI-ADAM,7798,EARLY_REPORT_CANDIDATE,UNRESOLVED_REPORT_FORM_CANDIDATE,4,الحسينُ,MULTIPLE_STRONG_STARTS_REMAIN,,,,
adam_normalized_report_775eb3841c0455768dd58133,adam_report_candidate_a0b7e40d6247c962b4206567 | adam_report_candidate_b5dc88637800a6f0c7026960,MERGED_THEN_RESEGMENTED,SRC-TAFSIR-TABARI-ADAM,7798,EARLY_REPORT_CANDIDATE,UNRESOLVED_REPORT_FORM_CANDIDATE,6,عمرُو بنُ حمادٍ,MULTIPLE_STRONG_STARTS_REMAIN | NO_DETERMINISTIC_SPLIT_FOUND,,,,
adam_normalized_report_99fdcc7e88c36b21f3e8edd8,adam_report_candidate_34def0bce64c08f26a2e91c8,RESEGMENTED,SRC-TAFSIR-TABARI-ADAM,7798,SOURCE_PASSAGE_CONTEXT_CANDIDATE,UNRESOLVED_REPORT_FORM_CANDIDATE,0,,NO_DETERMINISTIC_SPLIT_FOUND | REQUESTED_RESEGMENTATION_NOT_ACHIEVED | VERY_SHORT_REPORT_UNIT,,,,
adam_normalized_report_39e811b6888bb4bc1fd955cb,adam_report_candidate_45425922bd831f6349263541,RESEGMENTED,SRC-TAFSIR-TABARI-ADAM,7798,EARLY_REPORT_CANDIDATE,UNRESOLVED_REPORT_FORM_CANDIDATE,2,السديِّ,NO_DETERMINISTIC_SPLIT_FOUND | REQUESTED_RESEGMENTATION_NOT_ACHIEVED,,,,
adam_normalized_report_dd26f9db4c1bd79f8a33d2d5,adam_report_candidate_1d7f99eba67786bb86d20f7f,PASSTHROUGH_SINGLE,SRC-TAFSIR-TABARI-ADAM,7798,QURAN_EXEGESIS_CONTEXT_CANDIDATE,UNRESOLVED_REPORT_FORM_CANDIDATE,0,,,,,,
adam_normalized_report_3fda2a39e21efb7bf7771796,adam_report_candidate_424f4bd695d749356453ac87,RESEGMENTED,SRC-TAFSIR-TABARI-ADAM,7798,PROPHETIC_HADITH_CANDIDATE,MARFU_CONTEXT_CANDIDATE,6,عبدُ الوارثِ,MULTIPLE_STRONG_STARTS_REMAIN | NO_DETERMINISTIC_SPLIT_FOUND | REQUESTED_RESEGMENTATION_NOT_ACHIEVED,,,,
adam_normalized_report_9306b4ae4472eb4980e27a52,adam_report_candidate_faa2631a833eb67b52d2d974,PASSTHROUGH_SINGLE,SRC-TAFSIR-TABARI-ADAM,7798,EARLY_REPORT_CANDIDATE,UNRESOLVED_REPORT_FORM_CANDIDATE,1,كُلثومُ بنُ جبرٍ,,,,,
adam_normalized_report_93945bea643818c63c62988b,adam_report_candidate_ddfc7e3a1b0d154cdbd6eba4,RESEGMENTED,SRC-TAFSIR-TABARI-ADAM,7798,EARLY_REPORT_CANDIDATE,UNRESOLVED_REPORT_FORM_CANDIDATE,1,الحسينُ بنُ محمدٍ,NO_DETERMINISTIC_SPLIT_FOUND | REQUESTED_RESEGMENTATION_NOT_ACHIEVED | VERY_SHORT_REPORT_UNIT,,,,
adam_normalized_report_0128fbcf9993c81bc91d8f9f,adam_report_candidate_38ea025ccd96a7ff6b717a99,RESEGMENTED,SRC-TAFSIR-TABARI-ADAM,7798,EARLY_REPORT_CANDIDATE,MAWQUF_OR_TAFSIR_REPORT_CANDIDATE,4,ابن عباسٍ,NO_DETERMINISTIC_SPLIT_FOUND | REQUESTED_RESEGMENTATION_NOT_ACHIEVED,,,,
adam_normalized_report_17e0cf11227bfc39d4a4af4c,adam_report_candidate_59f8e7ba8d6796bdf7b984f4,RESEGMENTED,SRC-TAFSIR-TABARI-ADAM,7798,EARLY_REPORT_CANDIDATE,MAWQUF_OR_TAFSIR_REPORT_CANDIDATE,3,ابن عباسٍ في قولِه,NO_DETERMINISTIC_SPLIT_FOUND | REQUESTED_RESEGMENTATION_NOT_ACHIEVED,,,,
adam_normalized_report_3a6545e498c27be365463894,adam_report_candidate_40f3960f8dd49ad112748b9e,RESEGMENTED,SRC-TAFSIR-TABARI-ADAM,7798,EARLY_REPORT_CANDIDATE,MAWQUF_OR_TAFSIR_REPORT_CANDIDATE,2,ابن عباسٍ,NO_DETERMINISTIC_SPLIT_FOUND | REQUESTED_RESEGMENTATION_NOT_ACHIEVED,,,,
adam_normalized_report_7570c8889b71960c5f324624,adam_report_candidate_08a6ffc8b65fec5c76249c39,RESEGMENTED,SRC-TAFSIR-TABARI-ADAM,7798,EARLY_REPORT_CANDIDATE,MAWQUF_OR_TAFSIR_REPORT_CANDIDATE,4,ابن عباسٍ,NO_DETERMINISTIC_SPLIT_FOUND | REQUESTED_RESEGMENTATION_NOT_ACHIEVED,,,,
adam_normalized_report_b2000c13b624540ad970bc5d,adam_report_candidate_03aad710105acda2b86654fd,RESEGMENTED,SRC-TAFSIR-TABARI-ADAM,7798,EARLY_REPORT_CANDIDATE,MAWQUF_OR_TAFSIR_REPORT_CANDIDATE,5,ابن عباسٍ ﴿وَإِذْ أَخَذَ رَبُّكَ مِنْ بَنِي آدَمَ مِنْ ظُهُورِهِمْ ذُرِّيَّتَهُمْ﴾. قال,NO_DETERMINISTIC_SPLIT_FOUND | REQUESTED_RESEGMENTATION_NOT_ACHIEVED,,,,
adam_normalized_report_cf542220b5536a20cb68fdd0,adam_report_candidate_5965139042f9ad9285b37c6d,RESEGMENTED,SRC-TAFSIR-TABARI-ADAM,7798,QURAN_EXEGESIS_CONTEXT_CANDIDATE,UNRESOLVED_REPORT_FORM_CANDIDATE,0,,NO_DETERMINISTIC_SPLIT_FOUND | REQUESTED_RESEGMENTATION_NOT_ACHIEVED,,,,
adam_normalized_report_faba92a4d9e79e366316febe,adam_report_candidate_2508045f1d14c1811c4659fe | adam_report_candidate_70a07a43085a533079b0e4c4,MERGED,SRC-TAFSIR-TABARI-ADAM,7798,EARLY_REPORT_CANDIDATE,MAWQUF_OR_TAFSIR_REPORT_CANDIDATE,10,حكامٌ,MULTIPLE_STRONG_STARTS_REMAIN,,,,
adam_normalized_report_227cff4ce9a5b916a0595987,adam_report_candidate_92930fe84165703b0101f307,PASSTHROUGH_SINGLE,SRC-TAFSIR-TABARI-ADAM,7798,EARLY_REPORT_CANDIDATE,MAWQUF_OR_TAFSIR_REPORT_CANDIDATE,5,ابن عباسٍ,,,,,
adam_normalized_report_2914b03e22e2e2f76ddbe931,adam_report_candidate_819116f0579615d1fac0102f,RESEGMENTED,SRC-TAFSIR-TABARI-ADAM,7798,EARLY_REPORT_CANDIDATE,MAWQUF_OR_TAFSIR_REPORT_CANDIDATE,9,ابن عباسٍ,NO_DETERMINISTIC_SPLIT_FOUND | REQUESTED_RESEGMENTATION_NOT_ACHIEVED,,,,
adam_normalized_report_2f35f06b0e99608ac850f281,adam_report_candidate_19b2949e3c566357252deb65,RESEGMENTED,SRC-TAFSIR-TABARI-ADAM,7798,QURAN_EXEGESIS_CONTEXT_CANDIDATE,UNRESOLVED_REPORT_FORM_CANDIDATE,0,,NO_DETERMINISTIC_SPLIT_FOUND | REQUESTED_RESEGMENTATION_NOT_ACHIEVED,,,,
adam_normalized_report_7545d5ed507f15759a5cdf0c,adam_report_candidate_e2f2b38532413d60c8e351a4,RESEGMENTED,SRC-TAFSIR-TABARI-ADAM,7798,EARLY_REPORT_CANDIDATE,MAWQUF_OR_TAFSIR_REPORT_CANDIDATE,5,ابن عباسٍ ﴿وَإِذْ أَخَذَ رَبُّكَ مِنْ بَنِي آدَمَ مِنْ ظُهُورِهِمْ ذُرِّيَّتَهُمْ﴾. قال,NO_DETERMINISTIC_SPLIT_FOUND | REQUESTED_RESEGMENTATION_NOT_ACHIEVED,,,,
adam_normalized_report_6a0a4ef38532b16a909f0ae2,adam_report_candidate_bbf4b2a60fe35676c5fb7895,RESEGMENTED,SRC-TAFSIR-TABARI-ADAM,7798,EARLY_REPORT_CANDIDATE,UNRESOLVED_REPORT_FORM_CANDIDATE,2,جُويبرٍ,,,,,
adam_normalized_report_ad409ba5fe9874ea316554dc,adam_report_candidate_c9b99c32788fdc1102b9b9d3,RESEGMENTED,SRC-TAFSIR-TABARI-ADAM,7798,EARLY_REPORT_CANDIDATE,UNRESOLVED_REPORT_FORM_CANDIDATE,1,ضَمْرةُ بنُ رَبيعةَ,MULTIPLE_STRONG_STARTS_REMAIN | NO_DETERMINISTIC_SPLIT_FOUND | REQUESTED_RESEGMENTATION_NOT_ACHIEVED,,,,
adam_normalized_report_c66fb4bd561aea3646cc6654,adam_report_candidate_bbf4b2a60fe35676c5fb7895,RESEGMENTED,SRC-TAFSIR-TABARI-ADAM,7798,AUTHORIAL_COMMENTARY_CANDIDATE,UNRESOLVED_REPORT_FORM_CANDIDATE,0,,MULTIPLE_STRONG_STARTS_REMAIN,,,,
adam_normalized_report_e52625bb55294985ebeb096e,adam_report_candidate_807c22dd07b1cbea28e0afee,RESEGMENTED,SRC-TAFSIR-TABARI-ADAM,7798,QURAN_EXEGESIS_CONTEXT_CANDIDATE,MAQTU_OR_TAFSIR_REPORT_CANDIDATE,0,,NO_DETERMINISTIC_SPLIT_FOUND | REQUESTED_RESEGMENTATION_NOT_ACHIEVED,,,,
adam_normalized_report_f508ebb93f9e6b3f564b3cab,adam_report_candidate_8487bc1d2fa2f42d6daa36c6,RESEGMENTED,SRC-TAFSIR-TABARI-ADAM,7798,PROPHETIC_HADITH_CANDIDATE,MARFU_CONTEXT_CANDIDATE,10,منصورٍ,MULTIPLE_STRONG_STARTS_REMAIN | NO_DETERMINISTIC_SPLIT_FOUND | REQUESTED_RESEGMENTATION_NOT_ACHIEVED,,,,
adam_normalized_report_205c4cc3343c8cf3012499c0,adam_report_candidate_24733ba71423cc658d766b22,RESEGMENTED,SRC-TAFSIR-TABARI-ADAM,7798,EARLY_REPORT_CANDIDATE,UNRESOLVED_REPORT_FORM_CANDIDATE,1,عبدِ اللَّهِ بن عمرٍو في قوله,NO_DETERMINISTIC_SPLIT_FOUND | REQUESTED_RESEGMENTATION_NOT_ACHIEVED,,,,
adam_normalized_report_6bc0d54a9d6562da05e7ff64,adam_report_candidate_1c15572dd5d29257c52facc7,PASSTHROUGH_SINGLE,SRC-TAFSIR-TABARI-ADAM,7798,EARLY_REPORT_CANDIDATE,UNRESOLVED_REPORT_FORM_CANDIDATE,5,مسلمِ بن يسارٍ الجُهَنيِّ,,,,,
adam_normalized_report_8fe12e5230a9023d3425580a,adam_report_candidate_444c33f7bdb274bf1d313caf,RESEGMENTED,SRC-TAFSIR-TABARI-ADAM,7798,EARLY_REPORT_CANDIDATE,UNRESOLVED_REPORT_FORM_CANDIDATE,4,عبد الله بن عمرٍو,NO_DETERMINISTIC_SPLIT_FOUND | REQUESTED_RESEGMENTATION_NOT_ACHIEVED,,,,
adam_normalized_report_06ad5cbbc3924fdc46718cad,adam_report_candidate_85a77d89f45b190caa7bcabb | adam_report_candidate_dea018845655075d965bc238,MERGED_THEN_RESEGMENTED,SRC-TAFSIR-TABARI-ADAM,7798,EARLY_REPORT_CANDIDATE,MAWQUF_OR_TAFSIR_REPORT_CANDIDATE,3,ابن عباسٍ قولَه,,,,,
adam_normalized_report_d4b9ef44fd787c9bda9e66e4,adam_report_candidate_85a77d89f45b190caa7bcabb | adam_report_candidate_dea018845655075d965bc238,MERGED_THEN_RESEGMENTED,SRC-TAFSIR-TABARI-ADAM,7798,EARLY_REPORT_CANDIDATE,UNRESOLVED_REPORT_FORM_CANDIDATE,4,أبي محمدٍ رجلٍ من أهل المدينة,,,,,
adam_normalized_report_8e298b05393d450cd491c040,adam_report_candidate_4da7490fa79e3134a7079871,RESEGMENTED,SRC-TAFSIR-TABARI-ADAM,7798,EARLY_REPORT_CANDIDATE,MAWQUF_OR_TAFSIR_REPORT_CANDIDATE,3,الملَكُ,NO_DETERMINISTIC_SPLIT_FOUND | REQUESTED_RESEGMENTATION_NOT_ACHIEVED,,,,
adam_normalized_report_5370ef382d97628c32f601c3,adam_report_candidate_58ac8ad28ae88e65e07c82cb,RESEGMENTED,SRC-TAFSIR-TABARI-ADAM,7798,EARLY_REPORT_CANDIDATE,MAWQUF_OR_TAFSIR_REPORT_CANDIDATE,8,الميثاق الذي أخَذ عليهم (¬٥).,NO_DETERMINISTIC_SPLIT_FOUND | REQUESTED_RESEGMENTATION_NOT_ACHIEVED,,,,
adam_normalized_report_74da7c7a88737a9740250c30,adam_report_candidate_cbd9ddc9358bac9dead75860,RESEGMENTED,SRC-TAFSIR-TABARI-ADAM,7798,SOURCE_PASSAGE_CONTEXT_CANDIDATE,UNRESOLVED_REPORT_FORM_CANDIDATE,0,,NO_DETERMINISTIC_SPLIT_FOUND | REQUESTED_RESEGMENTATION_NOT_ACHIEVED,,,,
adam_normalized_report_4aaf602246c6bf2460865b7d,adam_report_candidate_2ca6cc8929d790072e24cc0e,PASSTHROUGH_SINGLE,SRC-TAFSIR-TABARI-ADAM,7798,EARLY_REPORT_CANDIDATE,UNRESOLVED_REPORT_FORM_CANDIDATE,6,الله,,,,,
adam_normalized_report_ab0ea7e40a08fc6d6d795f57,adam_report_candidate_4949bf03bac7e46a99050ba0,RESEGMENTED,SRC-TAFSIR-TABARI-ADAM,7798,EARLY_REPORT_CANDIDATE,UNRESOLVED_REPORT_FORM_CANDIDATE,1,محمدُ بنُ جعفرٍ,MULTIPLE_STRONG_STARTS_REMAIN | NO_DETERMINISTIC_SPLIT_FOUND | REQUESTED_RESEGMENTATION_NOT_ACHIEVED,,,,
adam_normalized_report_cc6d5815a5ad29eeb355a661,adam_report_candidate_90c1b6083b0a72b198b6489b,RESEGMENTED,SRC-TAFSIR-TABARI-ADAM,7798,EARLY_REPORT_CANDIDATE,UNRESOLVED_REPORT_FORM_CANDIDATE,5,سعيدٍ في قوله,MULTIPLE_STRONG_STARTS_REMAIN | NO_DETERMINISTIC_SPLIT_FOUND | REQUESTED_RESEGMENTATION_NOT_ACHIEVED,,,,
adam_normalized_report_740e42140fcc8124e20f2106,adam_report_candidate_00c324ca1041f616234d51d2,RESEGMENTED,SRC-TAFSIR-TABARI-ADAM,7798,EARLY_REPORT_CANDIDATE,UNRESOLVED_REPORT_FORM_CANDIDATE,3,عطاءٍ,NO_DETERMINISTIC_SPLIT_FOUND | REQUESTED_RESEGMENTATION_NOT_ACHIEVED,,,,
adam_normalized_report_8a43d2c025116f4309134c30,adam_report_candidate_660b4c1a02172c5995c8f45c,RESEGMENTED,SRC-TAFSIR-TABARI-ADAM,7798,EARLY_REPORT_CANDIDATE,UNRESOLVED_REPORT_FORM_CANDIDATE,4,سعيدٍ بنحوِه.,MULTIPLE_STRONG_STARTS_REMAIN | NO_DETERMINISTIC_SPLIT_FOUND | REQUESTED_RESEGMENTATION_NOT_ACHIEVED,,,,
adam_normalized_report_b3fc26e6669d15d2263c8aa4,adam_report_candidate_034890fe631441e315e5b443,RESEGMENTED,SRC-TAFSIR-TABARI-ADAM,7798,EARLY_REPORT_CANDIDATE,UNRESOLVED_REPORT_FORM_CANDIDATE,4,عُبيدٌ,NO_DETERMINISTIC_SPLIT_FOUND | REQUESTED_RESEGMENTATION_NOT_ACHIEVED,,,,
adam_normalized_report_d322d61d5d0847dfd6168554,adam_report_candidate_e27a86c5827824c594981f3a,RESEGMENTED,SRC-TAFSIR-TABARI-ADAM,7798,EARLY_REPORT_CANDIDATE,UNRESOLVED_REPORT_FORM_CANDIDATE,2,نَضْرِ بن عَربيٍّ,NO_DETERMINISTIC_SPLIT_FOUND | REQUESTED_RESEGMENTATION_NOT_ACHIEVED,,,,
adam_normalized_report_05df15b26cecb12db0ee6ccb,adam_report_candidate_0f8c08e464252d8757b95260,RESEGMENTED,SRC-TAFSIR-TABARI-ADAM,7798,EARLY_REPORT_CANDIDATE,UNRESOLVED_REPORT_FORM_CANDIDATE,6,السُّدِّيِّ,NO_DETERMINISTIC_SPLIT_FOUND | REQUESTED_RESEGMENTATION_NOT_ACHIEVED,,,,
adam_normalized_report_7a4e69dcc1188c7adebceda6,adam_report_candidate_2ce1dd148dd7700df7a46880,RESEGMENTED,SRC-TAFSIR-TABARI-ADAM,7798,EARLY_REPORT_CANDIDATE,UNRESOLVED_REPORT_FORM_CANDIDATE,0,,NO_DETERMINISTIC_SPLIT_FOUND | REQUESTED_RESEGMENTATION_NOT_ACHIEVED,,,,
adam_normalized_report_cc77a5e0fd89fcdc9dc00db3,adam_report_candidate_48f3d55b9b2c61f6741f4614,RESEGMENTED,SRC-TAFSIR-TABARI-ADAM,7798,EARLY_REPORT_CANDIDATE,MAWQUF_OR_TAFSIR_REPORT_CANDIDATE,1,ابن عباسٍ,NO_DETERMINISTIC_SPLIT_FOUND | REQUESTED_RESEGMENTATION_NOT_ACHIEVED,,,,
adam_normalized_report_12b567fa726351c6a84a2512,adam_report_candidate_bf4de9587380b48f4e920ec0,RESEGMENTED,SRC-TAFSIR-TABARI-ADAM,7798,EARLY_REPORT_CANDIDATE,UNRESOLVED_REPORT_FORM_CANDIDATE,1,عَمْرٌو,MULTIPLE_STRONG_STARTS_REMAIN | NO_DETERMINISTIC_SPLIT_FOUND | REQUESTED_RESEGMENTATION_NOT_ACHIEVED,,,,
adam_normalized_report_a54de950994f3151c3f75cd0,adam_report_candidate_added2a241bd4890f1f7eb95,RESEGMENTED,SRC-TAFSIR-TABARI-ADAM,7798,EARLY_REPORT_CANDIDATE,UNRESOLVED_REPORT_FORM_CANDIDATE,2,السُّدِّيِّ بنحوهِ,NO_DETERMINISTIC_SPLIT_FOUND | REQUESTED_RESEGMENTATION_NOT_ACHIEVED,,,,
adam_normalized_report_ad08ac0a771cbcca2a8457d3,adam_report_candidate_6b7e4a3c34e13619e2a38843,RESEGMENTED,SRC-TAFSIR-TABARI-ADAM,7798,EARLY_REPORT_CANDIDATE,MAQTU_OR_TAFSIR_REPORT_CANDIDATE,2,الكَلْبيِّ,NO_DETERMINISTIC_SPLIT_FOUND | REQUESTED_RESEGMENTATION_NOT_ACHIEVED,,,,
adam_normalized_report_062a0389c96989bdf79b6f63,adam_report_candidate_d79e4506e0835f019fefeb75,PASSTHROUGH_SINGLE,SRC-TAFSIR-TABARI-ADAM,7798,EARLY_REPORT_CANDIDATE,UNRESOLVED_REPORT_FORM_CANDIDATE,4,أبا معاذ يقولُ,,,,,
adam_normalized_report_06c4e221de71846254894df2,adam_report_candidate_907f94affd4828b277755f5c,PASSTHROUGH_SINGLE,SRC-TAFSIR-TABARI-ADAM,7798,EARLY_REPORT_CANDIDATE,MAWQUF_OR_TAFSIR_REPORT_CANDIDATE,3,ابن عباس في قوله,,,,,
adam_normalized_report_dc214ac2f2dffa375f595367,adam_report_candidate_e44b907d19e4a8871cae7dbb,RESEGMENTED,SRC-TAFSIR-TABARI-ADAM,7798,EARLY_REPORT_CANDIDATE,UNRESOLVED_REPORT_FORM_CANDIDATE,6,عمرُو بنُ عونٍ,MULTIPLE_STRONG_STARTS_REMAIN | NO_DETERMINISTIC_SPLIT_FOUND | REQUESTED_RESEGMENTATION_NOT_ACHIEVED,,,,
adam_normalized_report_f2e5cd155e0bff9e6216b3bb,adam_report_candidate_becad2814c134233df445ea8,RESEGMENTED,SRC-TAFSIR-TABARI-ADAM,7798,EARLY_REPORT_CANDIDATE,UNRESOLVED_REPORT_FORM_CANDIDATE,2,المثنى,MULTIPLE_STRONG_STARTS_REMAIN | NO_DETERMINISTIC_SPLIT_FOUND | REQUESTED_RESEGMENTATION_NOT_ACHIEVED,,,,
adam_normalized_report_2674aa57be9578cb2045cee1,adam_report_candidate_01d7e29112a89471fd5319ba,RESEGMENTED,SRC-TAFSIR-TABARI-ADAM,7798,EARLY_REPORT_CANDIDATE,UNRESOLVED_REPORT_FORM_CANDIDATE,3,ابن وكيع,MULTIPLE_STRONG_STARTS_REMAIN | NO_DETERMINISTIC_SPLIT_FOUND | REQUESTED_RESEGMENTATION_NOT_ACHIEVED,,,,
adam_normalized_report_753cd95e5bafb4a85422482d,adam_report_candidate_dba05f129d484970a2ea4d3a,RESEGMENTED,SRC-TAFSIR-TABARI-ADAM,7798,EARLY_REPORT_CANDIDATE,UNRESOLVED_REPORT_FORM_CANDIDATE,1,يزيد,NO_DETERMINISTIC_SPLIT_FOUND | REQUESTED_RESEGMENTATION_NOT_ACHIEVED,,,,
adam_normalized_report_c915da0ba806eb4400435391,adam_report_candidate_f41ea43e6e7d4d790963038e | adam_report_candidate_43162435720a58ad809eecdb | adam_report_candidate_be6c8b509e3ac9f9bbd5d795,MERGED,SRC-TAFSIR-TABARI-ADAM,7798,EARLY_REPORT_CANDIDATE,MAWQUF_OR_TAFSIR_REPORT_CANDIDATE,13,إسحاق,MULTIPLE_STRONG_STARTS_REMAIN,,,,
adam_normalized_report_695455172c849692f93da3b7,adam_report_candidate_0b42590c6b414dd12e58b390 | adam_report_candidate_97ca717602a0af770d4dcfd5,MERGED_THEN_RESEGMENTED,SRC-TAFSIR-TABARI-ADAM,7798,EARLY_REPORT_CANDIDATE,MAWQUF_OR_TAFSIR_REPORT_CANDIDATE,6,أبو داود,MULTIPLE_STRONG_STARTS_REMAIN,,,,
adam_normalized_report_90bf836f72c2363b80cbbd1c,adam_report_candidate_0b42590c6b414dd12e58b390 | adam_report_candidate_97ca717602a0af770d4dcfd5,MERGED_THEN_RESEGMENTED,SRC-TAFSIR-TABARI-ADAM,7798,EARLY_REPORT_CANDIDATE,UNRESOLVED_REPORT_FORM_CANDIDATE,5,عثمان بن (¬٢) سعيد,MULTIPLE_STRONG_STARTS_REMAIN,,,,
adam_normalized_report_e8c81f8f82613d4532f1e384,adam_report_candidate_ec997d823de0be9c480be9de,PASSTHROUGH_SINGLE,SRC-TAFSIR-TABARI-ADAM,7798,EARLY_REPORT_CANDIDATE,UNRESOLVED_REPORT_FORM_CANDIDATE,2,أبي إسحاق,,,,,
adam_normalized_report_01bbf84484bbe0e85057d5f7,adam_report_candidate_f50c4cb33ec9cb09c8d97294,RESEGMENTED,SRC-TAFSIR-TABARI-ADAM,7798,EARLY_REPORT_CANDIDATE,UNRESOLVED_REPORT_FORM_CANDIDATE,2,محمد بن سهل بن عَسْكَرٍ,MULTIPLE_STRONG_STARTS_REMAIN | NO_DETERMINISTIC_SPLIT_FOUND | REQUESTED_RESEGMENTATION_NOT_ACHIEVED,,,,
adam_normalized_report_497b984df86d92a9f64392e8,adam_report_candidate_9e9a83b928233787a2ed6eb6,PASSTHROUGH_SINGLE,SRC-TAFSIR-TABARI-ADAM,7798,EARLY_REPORT_CANDIDATE,MAWQUF_OR_TAFSIR_REPORT_CANDIDATE,3,ابن عباسٍ,,,,,
adam_normalized_report_5b3be5229cc81929b9ee226e,adam_report_candidate_b9a1fd2d5e09ba64994a9fa4,RESEGMENTED,SRC-TAFSIR-TABARI-ADAM,7798,EARLY_REPORT_CANDIDATE,UNRESOLVED_REPORT_FORM_CANDIDATE,2,أبو عاصم,NO_DETERMINISTIC_SPLIT_FOUND | REQUESTED_RESEGMENTATION_NOT_ACHIEVED,,,,
adam_normalized_report_f70099a354b5910110939b32,adam_report_candidate_bfe7702ce884d83c83e5c053,PASSTHROUGH_SINGLE,SRC-TAFSIR-TABARI-ADAM,7798,QURAN_EXEGESIS_CONTEXT_CANDIDATE,UNRESOLVED_REPORT_FORM_CANDIDATE,0,,,,,,
adam_normalized_report_184bcde5728ba55ee69401a2,adam_report_candidate_b8bc4932293cf61907cc20cd,RESEGMENTED,SRC-TAFSIR-TABARI-ADAM,7798,EARLY_REPORT_CANDIDATE,UNRESOLVED_REPORT_FORM_CANDIDATE,8,القاسم,MULTIPLE_STRONG_STARTS_REMAIN | NO_DETERMINISTIC_SPLIT_FOUND | REQUESTED_RESEGMENTATION_NOT_ACHIEVED,,,,
adam_normalized_report_476394a9d66dc725d98d5253,adam_report_candidate_4b8efa6ac4c7971e1187add2,RESEGMENTED,SRC-TAFSIR-TABARI-ADAM,7798,EARLY_REPORT_CANDIDATE,UNRESOLVED_REPORT_FORM_CANDIDATE,2,ابن جريج قوله,NO_DETERMINISTIC_SPLIT_FOUND | REQUESTED_RESEGMENTATION_NOT_ACHIEVED,,,,
adam_normalized_report_4e2b4074e700fb8508b7fbdd,adam_report_candidate_2a074a571fdf32716c64090d,PASSTHROUGH_SINGLE,SRC-TAFSIR-TABARI-ADAM,7798,EARLY_REPORT_CANDIDATE,UNRESOLVED_REPORT_FORM_CANDIDATE,3,إبليس,,,,,
adam_normalized_report_c57864a233ea24f2f2b6fd5b,adam_report_candidate_8e77f6e03a3a1c834abc2373,RESEGMENTED,SRC-TAFSIR-TABARI-ADAM,7798,EARLY_REPORT_CANDIDATE,UNRESOLVED_REPORT_FORM_CANDIDATE,2,قتادة,NO_DETERMINISTIC_SPLIT_FOUND | REQUESTED_RESEGMENTATION_NOT_ACHIEVED,,,,
adam_normalized_report_251d5100c3a24a6b1cb5e89b,adam_report_candidate_ff8476cfca37b46fea82bf1c,PASSTHROUGH_SINGLE,SRC-TAFSIR-TABARI-ADAM,7798,EARLY_REPORT_CANDIDATE,UNRESOLVED_REPORT_FORM_CANDIDATE,4,عبد الله,,,,,
adam_normalized_report_5a88c1b45b7325da75e5a3a3,adam_report_candidate_a959c90e6e8cbdd97dc16534,RESEGMENTED,SRC-TAFSIR-TABARI-ADAM,7798,EARLY_REPORT_CANDIDATE,UNRESOLVED_REPORT_FORM_CANDIDATE,1,يزيد,MULTIPLE_STRONG_STARTS_REMAIN | NO_DETERMINISTIC_SPLIT_FOUND | REQUESTED_RESEGMENTATION_NOT_ACHIEVED,,,,
adam_normalized_report_acfe7ad0eb037f8b34f7e32c,adam_report_candidate_be79a0495d509398585fa137,RESEGMENTED,SRC-TAFSIR-TABARI-ADAM,7798,EARLY_REPORT_CANDIDATE,UNRESOLVED_REPORT_FORM_CANDIDATE,3,يزيدُ,NO_DETERMINISTIC_SPLIT_FOUND | REQUESTED_RESEGMENTATION_NOT_ACHIEVED,,,,
adam_normalized_report_c2139f4ec346f8098fe233da,adam_report_candidate_61d961443b781ac44cd1f536,PASSTHROUGH_SINGLE,SRC-TAFSIR-TABARI-ADAM,7798,EARLY_REPORT_CANDIDATE,UNRESOLVED_REPORT_FORM_CANDIDATE,2,قتادةَ,,,,,
adam_normalized_report_45ffe1a06ef1ec2738fe57f4,adam_report_candidate_8666d3513612f93be8523335,PASSTHROUGH_SINGLE,SRC-TAFSIR-TABARI-ADAM,7798,QURAN_EXEGESIS_CONTEXT_CANDIDATE,UNRESOLVED_REPORT_FORM_CANDIDATE,0,,,,,,
adam_normalized_report_2eae42cf5a007b7d467b56ae,adam_report_candidate_45f1c931e3355052e627c458 | adam_report_candidate_97452e674354b5387ced668d,MERGED_THEN_RESEGMENTED,SRC-TAFSIR-TABARI-ADAM,7798,EARLY_REPORT_CANDIDATE,UNRESOLVED_REPORT_FORM_CANDIDATE,2,قتادةَ,,,,,
adam_normalized_report_aeeeded503494a5684dd3e64,adam_report_candidate_45f1c931e3355052e627c458 | adam_report_candidate_97452e674354b5387ced668d,MERGED_THEN_RESEGMENTED,SRC-TAFSIR-TABARI-ADAM,7798,EARLY_REPORT_CANDIDATE,UNRESOLVED_REPORT_FORM_CANDIDATE,1,يزيدُ,MULTIPLE_STRONG_STARTS_REMAIN,,,,
adam_normalized_report_d69ddba7f49603ea23e091b1,adam_report_candidate_76f1e2396da1daedc5e43c68,PASSTHROUGH_SINGLE,SRC-TAFSIR-TABARI-ADAM,7798,EARLY_REPORT_CANDIDATE,UNRESOLVED_REPORT_FORM_CANDIDATE,2,مجاهدٍ ﴿مِنْ مَاءٍ مَهِينٍ﴾. قال,,,,,
adam_normalized_report_0afe655878c41e3a4e9c8506,adam_report_candidate_79d984a5c423f8e1ba405afc,PASSTHROUGH_SINGLE,SRC-TAFSIR-TABARI-ADAM,7798,EARLY_REPORT_CANDIDATE,UNRESOLVED_REPORT_FORM_CANDIDATE,2,السديِّ قولَه,,,,,
adam_normalized_report_1d577da5285d1a77b2eb996c,adam_report_candidate_3b6c9416aa6c448f71d21e1b,PASSTHROUGH_SINGLE,SRC-TAFSIR-TABARI-ADAM,7798,EARLY_REPORT_CANDIDATE,UNRESOLVED_REPORT_FORM_CANDIDATE,2,قتادةَ قولَه,,,,,
adam_normalized_report_4312552cf9c4c64c42dd0547,adam_report_candidate_651a8c26c6b3c862d4175101,RESEGMENTED,SRC-TAFSIR-TABARI-ADAM,7798,EARLY_REPORT_CANDIDATE,UNRESOLVED_REPORT_FORM_CANDIDATE,3,يزيدُ,MULTIPLE_STRONG_STARTS_REMAIN | NO_DETERMINISTIC_SPLIT_FOUND | REQUESTED_RESEGMENTATION_NOT_ACHIEVED,,,,
adam_normalized_report_8e307e98002f4e7dd29b2b85,adam_report_candidate_ba0fd8d5d9ffec0c91469a1f,PASSTHROUGH_SINGLE,SRC-TAFSIR-TABARI-ADAM,7798,SOURCE_PASSAGE_CONTEXT_CANDIDATE,UNRESOLVED_REPORT_FORM_CANDIDATE,0,,VERY_SHORT_REPORT_UNIT,,,,
adam_normalized_report_be905fa6953300aff640927c,adam_report_candidate_e3104a3a09c8d633df698e67,RESEGMENTED,SRC-TAFSIR-TABARI-ADAM,7798,EARLY_REPORT_CANDIDATE,MAWQUF_OR_TAFSIR_REPORT_CANDIDATE,3,أحمدُ,MULTIPLE_STRONG_STARTS_REMAIN | NO_DETERMINISTIC_SPLIT_FOUND | REQUESTED_RESEGMENTATION_NOT_ACHIEVED,,,,
adam_normalized_report_448534a8ff90c8af68c96703,adam_report_candidate_ffe38c837b74cd45f6600f02,PASSTHROUGH_SINGLE,SRC-TAFSIR-TABARI-ADAM,7798,QURAN_EXEGESIS_CONTEXT_CANDIDATE,UNRESOLVED_REPORT_FORM_CANDIDATE,0,,,,,,
adam_normalized_report_5fe114670e8d1c98eec74de1,adam_report_candidate_4d6446fb9e0f0b6d5a0882b8,PASSTHROUGH_SINGLE,SRC-TAFSIR-TABARI-ADAM,7798,EARLY_REPORT_CANDIDATE,UNRESOLVED_REPORT_FORM_CANDIDATE,2,الضحاكِ,,,,,
adam_normalized_report_338985f278876668b59249af,adam_report_candidate_e03bbb6bffdd9ccf109f7015,RESEGMENTED,SRC-TAFSIR-TABARI-ADAM,7798,EARLY_REPORT_CANDIDATE,MAWQUF_OR_TAFSIR_REPORT_CANDIDATE,5,شعبةُ,MULTIPLE_STRONG_STARTS_REMAIN | NO_DETERMINISTIC_SPLIT_FOUND | REQUESTED_RESEGMENTATION_NOT_ACHIEVED,,,,
adam_normalized_report_c676a89aa9d22c82cac8e0c8,adam_report_candidate_cd8758964b2f915675dfd39f,RESEGMENTED,SRC-TAFSIR-TABARI-ADAM,7798,EARLY_REPORT_CANDIDATE,UNRESOLVED_REPORT_FORM_CANDIDATE,1,إبليسُ لربِّه,NO_DETERMINISTIC_SPLIT_FOUND | REQUESTED_RESEGMENTATION_NOT_ACHIEVED,,,,
adam_normalized_report_1e55ac886caf8a78c5cf85f3,adam_report_candidate_f353b76da707160fc187efaf,RESEGMENTED,SRC-TAFSIR-TABARI-ADAM,7798,EARLY_REPORT_CANDIDATE,UNRESOLVED_REPORT_FORM_CANDIDATE,3,قتادةَ قولَه,MULTIPLE_STRONG_STARTS_REMAIN | NO_DETERMINISTIC_SPLIT_FOUND | REQUESTED_RESEGMENTATION_NOT_ACHIEVED,,,,
adam_normalized_report_b7afec14fbc8bea817c01894,adam_report_candidate_6e4c91a081167dd4fada9f83,RESEGMENTED,SRC-TAFSIR-TABARI-ADAM,7798,EARLY_REPORT_CANDIDATE,UNRESOLVED_REPORT_FORM_CANDIDATE,5,إبليسُ,NO_DETERMINISTIC_SPLIT_FOUND | REQUESTED_RESEGMENTATION_NOT_ACHIEVED,,,,
adam_normalized_report_5776ee7b5a6513c589a9b92a,adam_report_candidate_c80b97f057f1a0141e6ebf41,PASSTHROUGH_SINGLE,SRC-TAFSIR-TABARI-ADAM,7798,PROPHETIC_HADITH_CANDIDATE,MARFU_EXPLICIT_CANDIDATE,2,قتادةَ,,,,,
adam_normalized_report_6b7ccf49ae09e88f8ebe3d05,adam_report_candidate_e25cdb4a3fcf573541777992,PASSTHROUGH_SINGLE,SRC-TAFSIR-TABARI-ADAM,7798,EARLY_REPORT_CANDIDATE,UNRESOLVED_REPORT_FORM_CANDIDATE,1,ابنُ زيدٍ في قولِه,,,,,
adam_normalized_report_a0705e8d52fdc6950a693531,adam_report_candidate_01e82365f7c49dd00e99dfd6,PASSTHROUGH_SINGLE,SRC-TAFSIR-TABARI-ADAM,7798,EARLY_REPORT_CANDIDATE,MAWQUF_OR_TAFSIR_REPORT_CANDIDATE,1,ابنِ عباسٍ أنه كان إذا قرَأ,,,,,
adam_normalized_report_8d9d1ad140c0681e4a50c5aa,adam_report_candidate_0dce8dc54baca66fe989a7fe,RESEGMENTED,SRC-TAFSIR-TABARI-ADAM,7798,EARLY_REPORT_CANDIDATE,MAWQUF_OR_TAFSIR_REPORT_CANDIDATE,4,عثمانُ بنُ سعيدٍ,MULTIPLE_STRONG_STARTS_REMAIN | NO_DETERMINISTIC_SPLIT_FOUND | REQUESTED_RESEGMENTATION_NOT_ACHIEVED,,,,
adam_normalized_report_a6323e83b31db9c3f1535151,adam_report_candidate_d3618fc23d8372f7e4e2de7f,RESEGMENTED,SRC-TAFSIR-TABARI-ADAM,7798,EARLY_REPORT_CANDIDATE,MAWQUF_OR_TAFSIR_REPORT_CANDIDATE,10,ابنِ عباسٍ,MULTIPLE_STRONG_STARTS_REMAIN | NO_DETERMINISTIC_SPLIT_FOUND | REQUESTED_RESEGMENTATION_NOT_ACHIEVED,,,,
adam_normalized_report_d1e436dd7e03ecbddb6f7fc4,adam_report_candidate_d2b6ef24e107350e5ec3b094,RESEGMENTED,SRC-TAFSIR-TABARI-ADAM,7798,EARLY_REPORT_CANDIDATE,UNRESOLVED_REPORT_FORM_CANDIDATE,1,محمدُ بنُ كثيرٍ,MULTIPLE_STRONG_STARTS_REMAIN | NO_DETERMINISTIC_SPLIT_FOUND | REQUESTED_RESEGMENTATION_NOT_ACHIEVED,,,,
adam_normalized_report_06cdd771a73411a00438b64b,adam_report_candidate_eda49cf0a0ee7f901dbd60ce,RESEGMENTED,SRC-TAFSIR-TABARI-ADAM,7798,EARLY_REPORT_CANDIDATE,UNRESOLVED_REPORT_FORM_CANDIDATE,9,يزيدُ,MULTIPLE_STRONG_STARTS_REMAIN | NO_DETERMINISTIC_SPLIT_FOUND | REQUESTED_RESEGMENTATION_NOT_ACHIEVED,,,,
adam_normalized_report_a876b3c4810c979203dcb397,adam_report_candidate_b7a513645dff17f17db626e0,RESEGMENTED,SRC-TAFSIR-TABARI-ADAM,7798,EARLY_REPORT_CANDIDATE,MAWQUF_OR_TAFSIR_REPORT_CANDIDATE,3,ابنِ عباسٍ قولَه,NO_DETERMINISTIC_SPLIT_FOUND | REQUESTED_RESEGMENTATION_NOT_ACHIEVED,,,,
adam_normalized_report_dbd04f3fcc61f91a55c334d0,adam_report_candidate_2b8cadd72a6c4c26b35b80e8,RESEGMENTED,SRC-TAFSIR-TABARI-ADAM,7798,EARLY_REPORT_CANDIDATE,UNRESOLVED_REPORT_FORM_CANDIDATE,2,قتادةَ في قولِه,NO_DETERMINISTIC_SPLIT_FOUND | REQUESTED_RESEGMENTATION_NOT_ACHIEVED,,,,
adam_normalized_report_fd60e8eaad9a0b7038a11b39,adam_report_candidate_390f6515d628a048cb073424,RESEGMENTED,SRC-TAFSIR-TABARI-ADAM,7798,EARLY_REPORT_CANDIDATE,UNRESOLVED_REPORT_FORM_CANDIDATE,4,ابنُ زيدٍ في قولِه,MULTIPLE_STRONG_STARTS_REMAIN | NO_DETERMINISTIC_SPLIT_FOUND | REQUESTED_RESEGMENTATION_NOT_ACHIEVED,,,,
adam_normalized_report_9739771706377940a19a00ef,adam_report_candidate_a5fb9479d9859c53c67d7d8a,RESEGMENTED,SRC-TAFSIR-TABARI-ADAM,7798,EARLY_REPORT_CANDIDATE,UNRESOLVED_REPORT_FORM_CANDIDATE,4,أبو عاصمٍ,MULTIPLE_STRONG_STARTS_REMAIN | NO_DETERMINISTIC_SPLIT_FOUND | REQUESTED_RESEGMENTATION_NOT_ACHIEVED,,,,
adam_normalized_report_ef6dc0f2cc70cad1f16b2a98,adam_report_candidate_b9525c29a2f375334439d863,PASSTHROUGH_SINGLE,SRC-TAFSIR-TABARI-ADAM,7798,EARLY_REPORT_CANDIDATE,MAWQUF_OR_TAFSIR_REPORT_CANDIDATE,3,ابنِ عباسٍ,,,,,
adam_normalized_report_0c8e628b755f101b40f2a802,adam_report_candidate_6742961995c0d4b306354e4c,RESEGMENTED,SRC-TAFSIR-TABARI-ADAM,7798,EARLY_REPORT_CANDIDATE,MAWQUF_OR_TAFSIR_REPORT_CANDIDATE,6,عثمانُ بنُ سعيدٍ,MULTIPLE_STRONG_STARTS_REMAIN | NO_DETERMINISTIC_SPLIT_FOUND | REQUESTED_RESEGMENTATION_NOT_ACHIEVED,,,,
adam_normalized_report_fa1d339f0fe146f722f8a826,adam_report_candidate_f6a99f732f83067bed672009,UNRESOLVED_MERGE_TARGET_RESEGMENTED,SRC-TAFSIR-TABARI-ADAM,7798,EARLY_REPORT_CANDIDATE,MAWQUF_OR_TAFSIR_REPORT_CANDIDATE,7,عكرِمةَ في قولِه,MERGE_TARGET_NOT_RESOLVED | MULTIPLE_STRONG_STARTS_REMAIN | NO_DETERMINISTIC_SPLIT_FOUND,,,,
